# Blender 5.2.1 LTS
# www.blender.org
mtllib f0_coffine.mtl
o Body_Painted
v -0.000000 -0.732685 3.486289
v -0.004286 -0.730021 3.486289
v -0.007920 -0.722434 3.486289
v -0.008886 -0.718992 3.486289
v -0.009699 -0.715185 3.486289
v -0.010347 -0.711079 3.486289
v -0.010818 -0.706744 3.486289
v -0.011104 -0.702253 3.486289
v -0.011200 -0.697685 3.486289
v -0.010826 -0.688711 3.486289
v -0.009727 -0.680337 3.486289
v -0.007979 -0.673123 3.486289
v -0.005697 -0.667551 3.486289
v -0.003034 -0.663993 3.486289
v 0.003034 -0.663993 3.486289
v 0.005697 -0.667551 3.486289
v 0.007979 -0.673123 3.486289
v 0.009727 -0.680337 3.486289
v 0.010826 -0.688711 3.486289
v 0.011200 -0.697685 3.486289
v 0.011104 -0.702253 3.486289
v 0.010818 -0.706744 3.486289
v 0.010347 -0.711079 3.486289
v 0.009699 -0.715185 3.486289
v 0.008886 -0.718992 3.486289
v 0.007920 -0.722434 3.486289
v 0.004286 -0.730021 3.486289
v -0.000000 -0.750613 3.465289
v -0.050354 -0.746439 3.465289
v -0.093041 -0.734554 3.465289
v -0.104390 -0.729162 3.465289
v -0.113952 -0.723198 3.465289
v -0.121564 -0.716766 3.465289
v -0.127097 -0.709975 3.465289
v -0.130455 -0.702940 3.465289
v -0.131580 -0.695784 3.465289
v -0.127182 -0.681725 3.465289
v -0.114279 -0.668607 3.465289
v -0.093737 -0.657306 3.465289
v -0.066926 -0.648577 3.465289
v -0.035642 -0.643005 3.465289
v -0.001974 -0.640961 3.465289
v 0.001974 -0.640961 3.465289
v 0.035642 -0.643005 3.465289
v 0.066926 -0.648577 3.465289
v 0.093737 -0.657306 3.465289
v 0.114279 -0.668607 3.465289
v 0.127182 -0.681725 3.465289
v 0.131580 -0.695784 3.465289
v 0.130455 -0.702940 3.465289
v 0.127097 -0.709975 3.465289
v 0.121564 -0.716766 3.465289
v 0.113952 -0.723198 3.465289
v 0.104390 -0.729162 3.465289
v 0.093041 -0.734554 3.465289
v 0.050354 -0.746439 3.465289
v -0.000000 -0.783146 3.430289
v -0.078252 -0.776290 3.430289
v -0.144592 -0.756767 3.430289
v -0.162228 -0.747910 3.430289
v -0.177088 -0.738115 3.430289
v -0.188918 -0.727549 3.430289
v -0.197516 -0.716393 3.430289
v -0.202734 -0.704838 3.430289
v -0.204483 -0.693083 3.430289
v -0.197647 -0.669990 3.430289
v -0.177597 -0.648442 3.430289
v -0.145672 -0.629878 3.430289
v -0.104007 -0.615540 3.430289
v -0.055389 -0.606387 3.430289
v -0.003067 -0.603030 3.430289
v 0.003067 -0.603030 3.430289
v 0.055389 -0.606387 3.430289
v 0.104007 -0.615540 3.430289
v 0.145672 -0.629878 3.430289
v 0.177597 -0.648442 3.430289
v 0.197647 -0.669990 3.430289
v 0.204483 -0.693083 3.430289
v 0.202734 -0.704838 3.430289
v 0.197516 -0.716393 3.430289
v 0.188918 -0.727549 3.430289
v 0.177088 -0.738115 3.430289
v 0.162228 -0.747910 3.430289
v 0.144592 -0.756767 3.430289
v 0.078252 -0.776290 3.430289
v -0.000000 -0.824978 3.381289
v -0.099031 -0.814600 3.381289
v -0.182985 -0.785047 3.381289
v -0.205304 -0.771640 3.381289
v -0.224110 -0.756812 3.381289
v -0.239081 -0.740818 3.381289
v -0.249962 -0.723932 3.381289
v -0.256566 -0.706441 3.381289
v -0.258780 -0.688647 3.381289
v -0.250129 -0.653691 3.381289
v -0.224754 -0.621072 3.381289
v -0.184352 -0.592972 3.381289
v -0.131624 -0.571268 3.381289
v -0.070096 -0.557412 3.381289
v -0.003882 -0.552331 3.381289
v -0.003235 -0.552326 3.381289
v -0.002588 -0.552323 3.381289
v -0.001941 -0.552320 3.381289
v -0.001294 -0.552317 3.381289
v -0.000647 -0.552316 3.381289
v 0.000000 -0.552316 3.381289
v 0.000647 -0.552316 3.381289
v 0.001294 -0.552317 3.381289
v 0.001941 -0.552320 3.381289
v 0.002588 -0.552323 3.381289
v 0.003235 -0.552326 3.381289
v 0.003882 -0.552331 3.381289
v 0.070096 -0.557412 3.381289
v 0.131624 -0.571268 3.381289
v 0.184352 -0.592972 3.381289
v 0.224754 -0.621072 3.381289
v 0.250129 -0.653691 3.381289
v 0.258780 -0.688647 3.381289
v 0.256566 -0.706441 3.381289
v 0.249962 -0.723932 3.381289
v 0.239081 -0.740818 3.381289
v 0.224110 -0.756812 3.381289
v 0.205304 -0.771640 3.381289
v 0.182985 -0.785047 3.381289
v 0.099031 -0.814600 3.381289
v -0.000000 -0.836725 3.363089
v -0.103814 -0.825277 3.363089
v -0.191822 -0.792675 3.363089
v -0.215219 -0.777885 3.363089
v -0.234934 -0.761528 3.363089
v -0.250628 -0.743884 3.363089
v -0.262034 -0.725256 3.363089
v -0.268957 -0.705961 3.363089
v -0.271278 -0.686331 3.363089
v -0.265877 -0.656470 3.363089
v -0.249890 -0.627799 3.363089
v -0.223952 -0.601458 3.363089
v -0.189097 -0.578497 3.363089
v -0.146713 -0.559829 3.363089
v -0.098487 -0.546198 3.363089
v -0.082656 -0.543088 3.363089
v -0.066508 -0.540527 3.363089
v -0.050105 -0.538524 3.363089
v -0.033511 -0.537089 3.363089
v -0.016788 -0.536225 3.363089
v 0.000000 -0.535937 3.363089
v 0.016788 -0.536225 3.363089
v 0.033511 -0.537089 3.363089
v 0.050105 -0.538524 3.363089
v 0.066508 -0.540527 3.363089
v 0.082656 -0.543088 3.363089
v 0.098487 -0.546198 3.363089
v 0.146713 -0.559829 3.363089
v 0.189097 -0.578497 3.363089
v 0.223952 -0.601458 3.363089
v 0.249890 -0.627799 3.363089
v 0.265877 -0.656470 3.363089
v 0.271278 -0.686331 3.363089
v 0.268957 -0.705961 3.363089
v 0.262034 -0.725256 3.363089
v 0.250628 -0.743884 3.363089
v 0.234934 -0.761528 3.363089
v 0.215219 -0.777885 3.363089
v 0.191822 -0.792675 3.363089
v 0.103814 -0.825277 3.363089
v -0.000000 -0.852261 3.325289
v -0.115696 -0.839145 3.325289
v -0.213778 -0.801795 3.325289
v -0.239853 -0.784849 3.325289
v -0.261824 -0.766109 3.325289
v -0.279315 -0.745895 3.325289
v -0.292026 -0.724553 3.325289
v -0.299742 -0.702448 3.325289
v -0.302328 -0.679957 3.325289
v -0.298329 -0.652026 3.325289
v -0.286439 -0.624834 3.325289
v -0.266971 -0.599099 3.325289
v -0.240441 -0.575504 3.325289
v -0.207551 -0.554672 3.325289
v -0.169170 -0.537154 3.325289
v -0.143583 -0.528325 3.325289
v -0.116590 -0.520981 3.325289
v -0.088456 -0.515194 3.325289
v -0.059456 -0.511018 3.325289
v -0.029874 -0.508497 3.325289
v 0.000000 -0.507654 3.325289
v 0.029874 -0.508497 3.325289
v 0.059456 -0.511018 3.325289
v 0.088456 -0.515194 3.325289
v 0.116590 -0.520981 3.325289
v 0.143583 -0.528325 3.325289
v 0.169170 -0.537154 3.325289
v 0.207551 -0.554672 3.325289
v 0.240441 -0.575504 3.325289
v 0.266971 -0.599099 3.325289
v 0.286439 -0.624834 3.325289
v 0.298329 -0.652026 3.325289
v 0.302328 -0.679957 3.325289
v 0.299742 -0.702448 3.325289
v 0.292026 -0.724553 3.325289
v 0.279315 -0.745895 3.325289
v 0.261824 -0.766109 3.325289
v 0.239853 -0.784849 3.325289
v 0.213778 -0.801795 3.325289
v 0.115696 -0.839145 3.325289
v -0.000000 -0.870878 3.262289
v -0.138357 -0.855437 3.262289
v -0.255650 -0.811466 3.262289
v -0.286832 -0.791517 3.262289
v -0.313106 -0.769456 3.262289
v -0.334023 -0.745659 3.262289
v -0.349224 -0.720534 3.262289
v -0.358451 -0.694510 3.262289
v -0.361544 -0.668034 3.262289
v -0.357891 -0.639274 3.262289
v -0.347007 -0.611094 3.262289
v -0.329112 -0.584065 3.262289
v -0.304567 -0.558733 3.262289
v -0.273868 -0.535609 3.262289
v -0.237635 -0.515161 3.262289
v -0.203447 -0.500353 3.262289
v -0.166355 -0.487938 3.262289
v -0.126889 -0.478093 3.262289
v -0.085612 -0.470959 3.262289
v -0.043114 -0.466638 3.262289
v 0.000000 -0.465190 3.262289
v 0.043114 -0.466638 3.262289
v 0.085612 -0.470959 3.262289
v 0.126889 -0.478093 3.262289
v 0.166355 -0.487938 3.262289
v 0.203447 -0.500353 3.262289
v 0.237635 -0.515161 3.262289
v 0.273868 -0.535609 3.262289
v 0.304567 -0.558733 3.262289
v 0.329112 -0.584065 3.262289
v 0.347007 -0.611094 3.262289
v 0.357891 -0.639274 3.262289
v 0.361544 -0.668034 3.262289
v 0.358451 -0.694510 3.262289
v 0.349224 -0.720534 3.262289
v 0.334023 -0.745659 3.262289
v 0.313106 -0.769456 3.262289
v 0.286832 -0.791517 3.262289
v 0.255650 -0.811466 3.262289
v 0.138357 -0.855437 3.262289
v -0.000000 -0.888096 3.178289
v -0.162939 -0.870032 3.178289
v -0.301073 -0.818590 3.178289
v -0.337795 -0.795252 3.178289
v -0.368737 -0.769442 3.178289
v -0.393370 -0.741601 3.178289
v -0.411273 -0.712207 3.178289
v -0.422138 -0.681763 3.178289
v -0.425781 -0.650788 3.178289
v -0.421921 -0.618906 3.178289
v -0.410411 -0.587602 3.178289
v -0.391459 -0.557443 3.178289
v -0.365410 -0.528978 3.178289
v -0.332735 -0.502721 3.178289
v -0.294027 -0.479148 3.178289
v -0.252638 -0.459768 3.178289
v -0.207178 -0.443467 3.178289
v -0.158378 -0.430507 3.178289
v -0.107025 -0.421099 3.178289
v -0.053947 -0.415392 3.178289
v 0.000000 -0.413479 3.178289
v 0.053947 -0.415392 3.178289
v 0.107025 -0.421099 3.178289
v 0.158378 -0.430507 3.178289
v 0.207178 -0.443467 3.178289
v 0.252638 -0.459768 3.178289
v 0.294027 -0.479148 3.178289
v 0.332735 -0.502721 3.178289
v 0.365410 -0.528978 3.178289
v 0.391459 -0.557443 3.178289
v 0.410411 -0.587602 3.178289
v 0.421921 -0.618906 3.178289
v 0.425781 -0.650788 3.178289
v 0.422138 -0.681763 3.178289
v 0.411273 -0.712207 3.178289
v 0.393370 -0.741601 3.178289
v 0.368737 -0.769442 3.178289
v 0.337795 -0.795252 3.178289
v 0.301073 -0.818590 3.178289
v 0.162939 -0.870032 3.178289
v -0.000000 -0.902994 3.066289
v -0.189280 -0.881943 3.066289
v -0.349744 -0.821992 3.066289
v -0.392403 -0.794794 3.066289
v -0.428347 -0.764715 3.066289
v -0.456963 -0.732270 3.066289
v -0.477759 -0.698014 3.066289
v -0.490381 -0.662533 3.066289
v -0.494613 -0.626435 3.066289
v -0.489994 -0.588727 3.066289
v -0.476223 -0.551724 3.066289
v -0.453557 -0.516116 3.066289
v -0.422420 -0.482568 3.066289
v -0.383393 -0.451707 3.066289
v -0.337206 -0.424110 3.066289
v -0.289450 -0.402178 3.066289
v -0.237177 -0.383746 3.066289
v -0.181200 -0.369103 3.066289
v -0.122395 -0.358477 3.066289
v -0.061679 -0.352035 3.066289
v 0.000000 -0.349876 3.066289
v 0.061679 -0.352035 3.066289
v 0.122395 -0.358477 3.066289
v 0.181200 -0.369103 3.066289
v 0.237177 -0.383746 3.066289
v 0.289450 -0.402178 3.066289
v 0.337206 -0.424110 3.066289
v 0.383393 -0.451707 3.066289
v 0.422420 -0.482568 3.066289
v 0.453557 -0.516116 3.066289
v 0.476223 -0.551724 3.066289
v 0.489994 -0.588727 3.066289
v 0.494613 -0.626435 3.066289
v 0.490381 -0.662533 3.066289
v 0.477759 -0.698014 3.066289
v 0.456963 -0.732270 3.066289
v 0.428347 -0.764715 3.066289
v 0.392403 -0.794794 3.066289
v 0.349744 -0.821992 3.066289
v 0.189280 -0.881943 3.066289
v -0.000000 -0.919177 2.898289
v -0.222665 -0.894071 2.898289
v -0.411432 -0.822575 2.898289
v -0.461615 -0.790139 2.898289
v -0.503899 -0.754268 2.898289
v -0.537561 -0.715574 2.898289
v -0.562026 -0.674722 2.898289
v -0.576875 -0.632408 2.898289
v -0.581852 -0.589358 2.898289
v -0.575739 -0.541674 2.898289
v -0.557528 -0.494992 2.898289
v -0.527602 -0.450293 2.898289
v -0.486590 -0.408516 2.898289
v -0.435353 -0.370539 2.898289
v -0.374968 -0.337160 2.898289
v -0.320606 -0.314125 2.898289
v -0.261882 -0.294835 2.898289
v -0.199595 -0.279552 2.898289
v -0.134591 -0.268485 2.898289
v -0.067757 -0.261784 2.898289
v 0.000000 -0.259540 2.898289
v 0.067757 -0.261784 2.898289
v 0.134591 -0.268485 2.898289
v 0.199595 -0.279552 2.898289
v 0.261882 -0.294835 2.898289
v 0.320606 -0.314125 2.898289
v 0.374968 -0.337160 2.898289
v 0.435353 -0.370539 2.898289
v 0.486590 -0.408516 2.898289
v 0.527602 -0.450293 2.898289
v 0.557528 -0.494992 2.898289
v 0.575739 -0.541674 2.898289
v 0.581852 -0.589358 2.898289
v 0.576875 -0.632408 2.898289
v 0.562026 -0.674722 2.898289
v 0.537561 -0.715574 2.898289
v 0.503899 -0.754268 2.898289
v 0.461615 -0.790139 2.898289
v 0.411432 -0.822575 2.898289
v 0.222665 -0.894071 2.898289
v -0.000000 -0.930657 2.674289
v -0.258443 -0.900808 2.674289
v -0.477541 -0.815803 2.674289
v -0.535787 -0.777238 2.674289
v -0.584866 -0.734588 2.674289
v -0.623938 -0.688584 2.674289
v -0.652333 -0.640012 2.674289
v -0.669568 -0.589703 2.674289
v -0.675345 -0.538519 2.674289
v -0.668477 -0.482734 2.674289
v -0.648011 -0.428085 2.674289
v -0.614365 -0.375681 2.674289
v -0.568221 -0.326590 2.674289
v -0.510520 -0.281809 2.674289
v -0.442435 -0.242250 2.674289
v -0.378699 -0.213834 2.674289
v -0.309601 -0.190014 2.674289
v -0.236119 -0.171129 2.674289
v -0.159295 -0.157445 2.674289
v -0.080215 -0.149157 2.674289
v 0.000000 -0.146381 2.674289
v 0.080215 -0.149157 2.674289
v 0.159295 -0.157445 2.674289
v 0.236119 -0.171129 2.674289
v 0.309601 -0.190014 2.674289
v 0.378699 -0.213834 2.674289
v 0.442435 -0.242250 2.674289
v 0.510520 -0.281809 2.674289
v 0.568221 -0.326590 2.674289
v 0.614365 -0.375681 2.674289
v 0.648011 -0.428085 2.674289
v 0.668477 -0.482734 2.674289
v 0.675345 -0.538519 2.674289
v 0.669568 -0.589703 2.674289
v 0.652333 -0.640012 2.674289
v 0.623938 -0.688584 2.674289
v 0.584866 -0.734588 2.674289
v 0.535787 -0.777238 2.674289
v 0.477541 -0.815803 2.674289
v 0.258443 -0.900808 2.674289
v -0.000000 -0.940373 2.394289
v -0.298257 -0.904584 2.394289
v -0.551108 -0.802665 2.394289
v -0.618327 -0.756427 2.394289
v -0.674966 -0.705291 2.394289
v -0.720057 -0.650133 2.394289
v -0.752827 -0.591896 2.394289
v -0.772716 -0.531578 2.394289
v -0.779384 -0.470209 2.394289
v -0.772309 -0.407000 2.394289
v -0.751210 -0.344938 2.394289
v -0.716473 -0.285151 2.394289
v -0.668726 -0.228724 2.394289
v -0.608837 -0.176681 2.394289
v -0.537894 -0.129968 2.394289
v -0.462156 -0.091624 2.394289
v -0.378980 -0.059372 2.394289
v -0.289705 -0.033733 2.394289
v -0.195766 -0.015118 2.394289
v -0.098677 -0.003828 2.394289
v 0.000000 -0.000045 2.394289
v 0.098677 -0.003828 2.394289
v 0.195766 -0.015118 2.394289
v 0.289705 -0.033733 2.394289
v 0.378980 -0.059372 2.394289
v 0.462156 -0.091624 2.394289
v 0.537894 -0.129968 2.394289
v 0.608837 -0.176681 2.394289
v 0.668726 -0.228724 2.394289
v 0.716473 -0.285151 2.394289
v 0.751210 -0.344938 2.394289
v 0.772309 -0.407000 2.394289
v 0.779384 -0.470209 2.394289
v 0.772716 -0.531578 2.394289
v 0.752827 -0.591896 2.394289
v 0.720057 -0.650133 2.394289
v 0.674966 -0.705291 2.394289
v 0.618327 -0.756427 2.394289
v 0.551108 -0.802665 2.394289
v 0.298257 -0.904584 2.394289
v -0.000000 -0.946823 2.114289
v -0.334668 -0.905019 2.114289
v -0.618386 -0.785971 2.114289
v -0.693811 -0.731961 2.114289
v -0.757365 -0.672231 2.114289
v -0.807960 -0.607802 2.114289
v -0.844730 -0.539778 2.114289
v -0.867048 -0.469321 2.114289
v -0.874529 -0.397638 2.114289
v -0.867048 -0.325956 2.114289
v -0.844730 -0.255499 2.114289
v -0.807960 -0.187475 2.114289
v -0.757365 -0.123046 2.114289
v -0.693811 -0.063316 2.114289
v -0.618386 -0.009306 2.114289
v -0.532380 0.038059 2.114289
v -0.437265 0.077969 2.114289
v -0.334668 0.109742 2.114289
v -0.226345 0.132833 2.114289
v -0.114149 0.146848 2.114289
v 0.000000 0.151546 2.114289
v 0.114149 0.146848 2.114289
v 0.226345 0.132833 2.114289
v 0.334668 0.109742 2.114289
v 0.437265 0.077969 2.114289
v 0.532380 0.038059 2.114289
v 0.618386 -0.009306 2.114289
v 0.693811 -0.063316 2.114289
v 0.757365 -0.123046 2.114289
v 0.807960 -0.187475 2.114289
v 0.844730 -0.255499 2.114289
v 0.867048 -0.325956 2.114289
v 0.874529 -0.397638 2.114289
v 0.867048 -0.469321 2.114289
v 0.844730 -0.539778 2.114289
v 0.807960 -0.607802 2.114289
v 0.757365 -0.672231 2.114289
v 0.693811 -0.731961 2.114289
v 0.618386 -0.785971 2.114289
v 0.334668 -0.905019 2.114289
v -0.000000 -0.950282 1.834289
v -0.366442 -0.902818 1.834289
v -0.677096 -0.767653 1.834289
v -0.759682 -0.706331 1.834289
v -0.829270 -0.638514 1.834289
v -0.884669 -0.565363 1.834289
v -0.924931 -0.488129 1.834289
v -0.949367 -0.408134 1.834289
v -0.957559 -0.326747 1.834289
v -0.949367 -0.245359 1.834289
v -0.924931 -0.165364 1.834289
v -0.884669 -0.088130 1.834289
v -0.829270 -0.014979 1.834289
v -0.759682 0.052837 1.834289
v -0.677096 0.114159 1.834289
v -0.582925 0.167937 1.834289
v -0.478779 0.213251 1.834289
v -0.366442 0.249325 1.834289
v -0.247834 0.275542 1.834289
v -0.124986 0.291454 1.834289
v 0.000000 0.296788 1.834289
v 0.124986 0.291454 1.834289
v 0.247834 0.275542 1.834289
v 0.366442 0.249325 1.834289
v 0.478779 0.213251 1.834289
v 0.582925 0.167937 1.834289
v 0.677096 0.114159 1.834289
v 0.759682 0.052837 1.834289
v 0.829270 -0.014979 1.834289
v 0.884669 -0.088130 1.834289
v 0.924931 -0.165364 1.834289
v 0.949367 -0.245359 1.834289
v 0.957559 -0.326747 1.834289
v 0.949367 -0.408134 1.834289
v 0.924931 -0.488129 1.834289
v 0.884669 -0.565363 1.834289
v 0.829270 -0.638514 1.834289
v 0.759682 -0.706331 1.834289
v 0.677096 -0.767653 1.834289
v 0.366442 -0.902818 1.834289
v -0.000000 -0.950054 1.386289
v -0.408650 -0.894186 1.386289
v -0.755087 -0.735089 1.386289
v -0.847186 -0.662910 1.386289
v -0.924789 -0.583086 1.386289
v -0.986569 -0.496983 1.386289
v -1.031468 -0.406075 1.386289
v -1.058719 -0.311917 1.386289
v -1.067855 -0.216119 1.386289
v -1.058719 -0.120321 1.386289
v -1.031468 -0.026162 1.386289
v -0.986569 0.064746 1.386289
v -0.924789 0.150849 1.386289
v -0.847186 0.230672 1.386289
v -0.755087 0.302851 1.386289
v -0.650069 0.366151 1.386289
v -0.533927 0.419487 1.386289
v -0.408650 0.461949 1.386289
v -0.276381 0.492808 1.386289
v -0.139383 0.511537 1.386289
v 0.000000 0.517816 1.386289
v 0.139383 0.511537 1.386289
v 0.276381 0.492808 1.386289
v 0.408650 0.461949 1.386289
v 0.533927 0.419487 1.386289
v 0.650069 0.366151 1.386289
v 0.755087 0.302851 1.386289
v 0.847186 0.230672 1.386289
v 0.924789 0.150849 1.386289
v 0.986569 0.064746 1.386289
v 1.031468 -0.026162 1.386289
v 1.058719 -0.120321 1.386289
v 1.067855 -0.216119 1.386289
v 1.058719 -0.311917 1.386289
v 1.031468 -0.406075 1.386289
v 0.986569 -0.496983 1.386289
v 0.924789 -0.583086 1.386289
v 0.847186 -0.662910 1.386289
v 0.755087 -0.735089 1.386289
v 0.408650 -0.894186 1.386289
v -0.000000 -0.950693 0.924289
v -0.443735 -0.887653 0.924289
v -0.819916 -0.708132 0.924289
v -0.919922 -0.626686 0.924289
v -1.004188 -0.536615 0.924289
v -1.071272 -0.439459 0.924289
v -1.120026 -0.336880 0.924289
v -1.149616 -0.230633 0.924289
v -1.159536 -0.122537 0.924289
v -1.149616 -0.014441 0.924289
v -1.120026 0.091806 0.924289
v -1.071272 0.194385 0.924289
v -1.004188 0.291541 0.924289
v -0.919922 0.381612 0.924289
v -0.819916 0.463058 0.924289
v -0.705881 0.534483 0.924289
v -0.579768 0.594667 0.924289
v -0.443735 0.642579 0.924289
v -0.300110 0.677400 0.924289
v -0.151350 0.698534 0.924289
v 0.000000 0.705619 0.924289
v 0.151350 0.698534 0.924289
v 0.300110 0.677400 0.924289
v 0.443735 0.642579 0.924289
v 0.579768 0.594667 0.924289
v 0.705881 0.534483 0.924289
v 0.819916 0.463058 0.924289
v 0.919922 0.381612 0.924289
v 1.004188 0.291541 0.924289
v 1.071272 0.194385 0.924289
v 1.120026 0.091806 0.924289
v 1.149616 -0.014441 0.924289
v 1.159536 -0.122537 0.924289
v 1.149616 -0.230633 0.924289
v 1.120026 -0.336880 0.924289
v 1.071272 -0.439459 0.924289
v 1.004188 -0.536615 0.924289
v 0.919922 -0.626686 0.924289
v 0.819916 -0.708132 0.924289
v 0.443735 -0.887653 0.924289
v -0.000000 -0.949048 0.462289
v -0.467509 -0.880743 0.462289
v -0.863844 -0.686227 0.462289
v -0.969208 -0.597979 0.462289
v -1.057988 -0.500385 0.462289
v -1.128666 -0.395113 0.462289
v -1.180033 -0.283967 0.462289
v -1.211208 -0.168846 0.462289
v -1.221660 -0.051722 0.462289
v -1.209790 0.073061 0.462289
v -1.174411 0.195420 0.462289
v -1.116210 0.312975 0.462289
v -1.036319 0.423444 0.462289
v -0.936290 0.524679 0.462289
v -0.818067 0.614713 0.462289
v -0.701282 0.683033 0.462289
v -0.574023 0.740379 0.462289
v -0.438191 0.785895 0.462289
v -0.295815 0.818901 0.462289
v -0.149020 0.838904 0.462289
v 0.000000 0.845604 0.462289
v 0.149020 0.838904 0.462289
v 0.295815 0.818901 0.462289
v 0.438191 0.785895 0.462289
v 0.574023 0.740379 0.462289
v 0.701282 0.683033 0.462289
v 0.818067 0.614713 0.462289
v 0.936290 0.524679 0.462289
v 1.036319 0.423444 0.462289
v 1.116210 0.312975 0.462289
v 1.174411 0.195420 0.462289
v 1.209790 0.073061 0.462289
v 1.221660 -0.051722 0.462289
v 1.211208 -0.168846 0.462289
v 1.180033 -0.283967 0.462289
v 1.128666 -0.395113 0.462289
v 1.057988 -0.500385 0.462289
v 0.969208 -0.597979 0.462289
v 0.863844 -0.686227 0.462289
v 0.467509 -0.880743 0.462289
v -0.000000 -0.938517 0.014289
v -0.474729 -0.867490 0.014289
v -0.877209 -0.665223 0.014289
v -0.984364 -0.573459 0.014289
v -1.075040 -0.471975 0.014289
v -1.147394 -0.362509 0.014289
v -1.199398 -0.246934 0.014289
v -1.230399 -0.127226 0.014289
v -1.240627 -0.005434 0.014289
v -1.217924 0.171884 0.014289
v -1.150928 0.342740 0.014289
v -1.041990 0.500906 0.014289
v -0.895075 0.640619 0.014289
v -0.715540 0.756786 0.014289
v -0.509926 0.845174 0.014289
v -0.428880 0.870112 0.014289
v -0.345697 0.890687 0.014289
v -0.260791 0.906797 0.014289
v -0.174586 0.918362 0.014289
v -0.087511 0.925324 0.014289
v 0.000000 0.927649 0.014289
v 0.087511 0.925324 0.014289
v 0.174586 0.918362 0.014289
v 0.260791 0.906797 0.014289
v 0.345697 0.890687 0.014289
v 0.428880 0.870112 0.014289
v 0.509926 0.845174 0.014289
v 0.715540 0.756786 0.014289
v 0.895075 0.640619 0.014289
v 1.041990 0.500906 0.014289
v 1.150928 0.342740 0.014289
v 1.217924 0.171884 0.014289
v 1.240627 -0.005434 0.014289
v 1.230399 -0.127226 0.014289
v 1.199398 -0.246934 0.014289
v 1.147394 -0.362509 0.014289
v 1.075040 -0.471975 0.014289
v 0.984364 -0.573459 0.014289
v 0.877209 -0.665223 0.014289
v 0.474729 -0.867490 0.014289
v -0.000000 -0.924331 -0.265711
v -0.468966 -0.852967 -0.265711
v -0.869817 -0.649740 -0.265711
v -0.998136 -0.557540 -0.265711
v -1.159334 -0.455575 -0.265711
v -1.310816 -0.345589 -0.265711
v -1.340827 -0.229465 -0.265711
v -1.281814 -0.109189 -0.265711
v -1.239227 0.013181 -0.265711
v -1.187065 0.246294 -0.265711
v -1.073932 0.464765 -0.265711
v -0.893427 0.654870 -0.265711
v -0.656803 0.804668 -0.265711
v -0.378923 0.904750 -0.265711
v -0.077241 0.948829 -0.265711
v -0.064381 0.949398 -0.265711
v -0.051513 0.949864 -0.265711
v -0.038640 0.950227 -0.265711
v -0.025762 0.950486 -0.265711
v -0.012882 0.950641 -0.265711
v 0.000000 0.950693 -0.265711
v 0.012882 0.950641 -0.265711
v 0.025762 0.950486 -0.265711
v 0.038640 0.950227 -0.265711
v 0.051513 0.949864 -0.265711
v 0.064381 0.949398 -0.265711
v 0.077241 0.948829 -0.265711
v 0.378923 0.904750 -0.265711
v 0.656803 0.804668 -0.265711
v 0.893427 0.654870 -0.265711
v 1.073932 0.464765 -0.265711
v 1.187065 0.246294 -0.265711
v 1.239227 0.013181 -0.265711
v 1.281814 -0.109189 -0.265711
v 1.340827 -0.229465 -0.265711
v 1.310816 -0.345589 -0.265711
v 1.159334 -0.455575 -0.265711
v 0.998136 -0.557540 -0.265711
v 0.869817 -0.649740 -0.265711
v 0.468966 -0.852967 -0.265711
v -0.000000 -0.906770 -0.489711
v -0.455418 -0.836141 -0.489711
v -0.850312 -0.635008 -0.489711
v -1.013698 -0.543757 -0.489711
v -1.293859 -0.442843 -0.489711
v -1.579056 -0.333990 -0.489711
v -1.571331 -0.219062 -0.489711
v -1.359308 -0.100025 -0.489711
v -1.227009 0.021084 -0.489711
v -1.164470 0.214827 -0.489711
v -1.086291 0.400028 -0.489711
v -0.960857 0.568523 -0.489711
v -0.793064 0.712883 -0.489711
v -0.590308 0.826745 -0.489711
v -0.361527 0.905087 -0.489711
v -0.302746 0.918412 -0.489711
v -0.243163 0.929363 -0.489711
v -0.182938 0.937910 -0.489711
v -0.122228 0.944031 -0.489711
v -0.061195 0.947710 -0.489711
v 0.000000 0.948938 -0.489711
v 0.061195 0.947710 -0.489711
v 0.122228 0.944031 -0.489711
v 0.182938 0.937910 -0.489711
v 0.243163 0.929363 -0.489711
v 0.302746 0.918412 -0.489711
v 0.361527 0.905087 -0.489711
v 0.590308 0.826745 -0.489711
v 0.793064 0.712883 -0.489711
v 0.960857 0.568523 -0.489711
v 1.086291 0.400028 -0.489711
v 1.164470 0.214827 -0.489711
v 1.227009 0.021084 -0.489711
v 1.359308 -0.100025 -0.489711
v 1.571331 -0.219062 -0.489711
v 1.579056 -0.333990 -0.489711
v 1.293859 -0.442843 -0.489711
v 1.013698 -0.543757 -0.489711
v 0.850312 -0.635008 -0.489711
v 0.455418 -0.836141 -0.489711
v -0.000000 -0.887761 -0.685711
v -0.439814 -0.818397 -0.685711
v -0.822630 -0.620864 -0.685711
v -0.990439 -0.531247 -0.685711
v -1.292943 -0.432139 -0.685711
v -1.604050 -0.325235 -0.685711
v -1.587063 -0.212364 -0.685711
v -1.342327 -0.095458 -0.685711
v -1.191061 0.023483 -0.685711
v -1.136747 0.169139 -0.685711
v -1.090602 0.311050 -0.685711
v -1.018567 0.445566 -0.685711
v -0.920379 0.569228 -0.685711
v -0.798523 0.678856 -0.685711
v -0.656134 0.771631 -0.685711
v -0.557381 0.820391 -0.685711
v -0.452917 0.860985 -0.685711
v -0.343812 0.892998 -0.685711
v -0.231184 0.916102 -0.685711
v -0.116187 0.930059 -0.685711
v 0.000000 0.934728 -0.685711
v 0.116187 0.930059 -0.685711
v 0.231184 0.916102 -0.685711
v 0.343812 0.892998 -0.685711
v 0.452917 0.860985 -0.685711
v 0.557381 0.820391 -0.685711
v 0.656134 0.771631 -0.685711
v 0.798523 0.678856 -0.685711
v 0.920379 0.569228 -0.685711
v 1.018567 0.445566 -0.685711
v 1.090602 0.311050 -0.685711
v 1.136747 0.169139 -0.685711
v 1.191061 0.023483 -0.685711
v 1.342327 -0.095458 -0.685711
v 1.587063 -0.212364 -0.685711
v 1.604050 -0.325235 -0.685711
v 1.292943 -0.432139 -0.685711
v 0.990439 -0.531247 -0.685711
v 0.822630 -0.620864 -0.685711
v 0.439814 -0.818397 -0.685711
v -0.000000 -0.868025 -0.867711
v -0.425344 -0.800205 -0.867711
v -0.795911 -0.607070 -0.867711
v -0.960585 -0.519449 -0.867711
v -1.260747 -0.422548 -0.867711
v -1.570120 -0.318024 -0.867711
v -1.551422 -0.207667 -0.867711
v -1.305213 -0.093364 -0.867711
v -1.153325 0.022929 -0.867711
v -1.105847 0.140345 -0.867711
v -1.073057 0.255712 -0.867711
v -1.025244 0.367019 -0.867711
v -0.959728 0.472324 -0.867711
v -0.877474 0.569789 -0.867711
v -0.779914 0.657716 -0.867711
v -0.671005 0.733204 -0.867711
v -0.550836 0.796773 -0.867711
v -0.421424 0.847357 -0.867711
v -0.284940 0.884108 -0.867711
v -0.143676 0.906408 -0.867711
v 0.000000 0.913883 -0.867711
v 0.143676 0.906408 -0.867711
v 0.284940 0.884108 -0.867711
v 0.421424 0.847357 -0.867711
v 0.550836 0.796773 -0.867711
v 0.671005 0.733204 -0.867711
v 0.779914 0.657716 -0.867711
v 0.877474 0.569789 -0.867711
v 0.959728 0.472324 -0.867711
v 1.025244 0.367019 -0.867711
v 1.073057 0.255712 -0.867711
v 1.105847 0.140345 -0.867711
v 1.153325 0.022929 -0.867711
v 1.305213 -0.093364 -0.867711
v 1.551422 -0.207667 -0.867711
v 1.570120 -0.318024 -0.867711
v 1.260747 -0.422548 -0.867711
v 0.960585 -0.519449 -0.867711
v 0.795911 -0.607070 -0.867711
v 0.425344 -0.800205 -0.867711
v -0.000000 -0.847374 -1.049711
v -0.410319 -0.781472 -1.049711
v -0.767609 -0.593798 -1.049711
v -0.925170 -0.508655 -1.049711
v -1.210598 -0.414493 -1.049711
v -1.504427 -0.312925 -1.049711
v -1.487622 -0.205688 -1.049711
v -1.255281 -0.094617 -1.049711
v -1.111798 0.018388 -1.049711
v -1.066989 0.131393 -1.049711
v -1.035871 0.242464 -1.049711
v -0.990602 0.349701 -1.049711
v -0.928566 0.451269 -1.049711
v -0.850646 0.545431 -1.049711
v -0.758171 0.630575 -1.049711
v -0.652723 0.705243 -1.049711
v -0.536108 0.768160 -1.049711
v -0.410319 0.818248 -1.049711
v -0.277510 0.854650 -1.049711
v -0.139952 0.876743 -1.049711
v 0.000000 0.884150 -1.049711
v 0.139952 0.876743 -1.049711
v 0.277510 0.854650 -1.049711
v 0.410319 0.818248 -1.049711
v 0.536108 0.768160 -1.049711
v 0.652723 0.705243 -1.049711
v 0.758171 0.630575 -1.049711
v 0.850646 0.545431 -1.049711
v 0.928566 0.451269 -1.049711
v 0.990602 0.349701 -1.049711
v 1.035871 0.242464 -1.049711
v 1.066989 0.131393 -1.049711
v 1.111798 0.018388 -1.049711
v 1.255281 -0.094617 -1.049711
v 1.487622 -0.205688 -1.049711
v 1.504427 -0.312925 -1.049711
v 1.210598 -0.414493 -1.049711
v 0.925170 -0.508655 -1.049711
v 0.767609 -0.593798 -1.049711
v 0.410319 -0.781472 -1.049711
v -0.000000 -0.822247 -1.245711
v -0.393234 -0.758856 -1.245711
v -0.732306 -0.578332 -1.245711
v -0.860270 -0.496433 -1.245711
v -1.060368 -0.405858 -1.245711
v -1.259921 -0.308160 -1.245711
v -1.265720 -0.205008 -1.245711
v -1.134972 -0.098169 -1.245711
v -1.051494 0.010530 -1.245711
v -1.021163 0.119230 -1.245711
v -0.992671 0.226069 -1.245711
v -0.949353 0.329221 -1.245711
v -0.889901 0.426919 -1.245711
v -0.815225 0.517493 -1.245711
v -0.726601 0.599393 -1.245711
v -0.625544 0.671218 -1.245711
v -0.513784 0.731737 -1.245711
v -0.393234 0.779917 -1.245711
v -0.265954 0.814932 -1.245711
v -0.134125 0.836184 -1.245711
v 0.000000 0.843308 -1.245711
v 0.134125 0.836184 -1.245711
v 0.265954 0.814932 -1.245711
v 0.393234 0.779917 -1.245711
v 0.513784 0.731737 -1.245711
v 0.625544 0.671218 -1.245711
v 0.726601 0.599393 -1.245711
v 0.815225 0.517493 -1.245711
v 0.889901 0.426919 -1.245711
v 0.949353 0.329221 -1.245711
v 0.992671 0.226069 -1.245711
v 1.021163 0.119230 -1.245711
v 1.051494 0.010530 -1.245711
v 1.134972 -0.098169 -1.245711
v 1.265720 -0.205008 -1.245711
v 1.259921 -0.308160 -1.245711
v 1.060368 -0.405858 -1.245711
v 0.860270 -0.496433 -1.245711
v 0.732306 -0.578332 -1.245711
v 0.393234 -0.758856 -1.245711
v -0.000000 -0.780834 -1.497711
v -0.371583 -0.721320 -1.497711
v -0.686951 -0.551838 -1.497711
v -0.773148 -0.474948 -1.497711
v -0.851529 -0.389913 -1.497711
v -0.916438 -0.298190 -1.497711
v -0.954933 -0.201348 -1.497711
v -0.969928 -0.101043 -1.497711
v -0.972484 0.001008 -1.497711
v -0.962834 0.103058 -1.497711
v -0.937914 0.203363 -1.497711
v -0.897081 0.300206 -1.497711
v -0.840904 0.391929 -1.497711
v -0.770340 0.476963 -1.497711
v -0.686595 0.553853 -1.497711
v -0.591103 0.621284 -1.497711
v -0.485496 0.678102 -1.497711
v -0.371583 0.723335 -1.497711
v -0.251311 0.756209 -1.497711
v -0.126740 0.776161 -1.497711
v 0.000000 0.782849 -1.497711
v 0.126740 0.776161 -1.497711
v 0.251311 0.756209 -1.497711
v 0.371583 0.723335 -1.497711
v 0.485496 0.678102 -1.497711
v 0.591103 0.621284 -1.497711
v 0.686595 0.553853 -1.497711
v 0.770340 0.476963 -1.497711
v 0.840904 0.391929 -1.497711
v 0.897081 0.300206 -1.497711
v 0.937914 0.203363 -1.497711
v 0.962834 0.103058 -1.497711
v 0.972484 0.001008 -1.497711
v 0.969928 -0.101043 -1.497711
v 0.954933 -0.201348 -1.497711
v 0.916438 -0.298190 -1.497711
v 0.851529 -0.389913 -1.497711
v 0.773148 -0.474948 -1.497711
v 0.686951 -0.551838 -1.497711
v 0.371583 -0.721320 -1.497711
v -0.000000 -0.715346 -1.777711
v -0.349802 -0.661420 -1.777711
v -0.646350 -0.507853 -1.777711
v -0.725186 -0.438182 -1.777711
v -0.791614 -0.361133 -1.777711
v -0.844498 -0.278023 -1.777711
v -0.882931 -0.190274 -1.777711
v -0.906257 -0.099388 -1.777711
v -0.914076 -0.006920 -1.777711
v -0.906256 0.085549 -1.777711
v -0.882930 0.176435 -1.777711
v -0.844496 0.264183 -1.777711
v -0.791613 0.347293 -1.777711
v -0.725185 0.424343 -1.777711
v -0.646349 0.494013 -1.777711
v -0.556454 0.555113 -1.777711
v -0.457038 0.606595 -1.777711
v -0.349802 0.647581 -1.777711
v -0.236580 0.677368 -1.777711
v -0.119311 0.695446 -1.777711
v 0.000000 0.701507 -1.777711
v 0.119311 0.695446 -1.777711
v 0.236580 0.677368 -1.777711
v 0.349802 0.647581 -1.777711
v 0.457038 0.606595 -1.777711
v 0.556454 0.555113 -1.777711
v 0.646349 0.494013 -1.777711
v 0.725185 0.424343 -1.777711
v 0.791613 0.347293 -1.777711
v 0.844496 0.264183 -1.777711
v 0.882930 0.176435 -1.777711
v 0.906256 0.085549 -1.777711
v 0.914076 -0.006920 -1.777711
v 0.906257 -0.099388 -1.777711
v 0.882931 -0.190274 -1.777711
v 0.844498 -0.278023 -1.777711
v 0.791614 -0.361133 -1.777711
v 0.725186 -0.438182 -1.777711
v 0.646350 -0.507853 -1.777711
v 0.349802 -0.661420 -1.777711
v -0.000000 -0.578685 -2.085711
v -0.305381 -0.536590 -2.085711
v -0.564271 -0.416715 -2.085711
v -0.633096 -0.362330 -2.085711
v -0.691088 -0.302185 -2.085711
v -0.737256 -0.237309 -2.085711
v -0.770809 -0.168812 -2.085711
v -0.791173 -0.097866 -2.085711
v -0.798000 -0.025685 -2.085711
v -0.791173 0.046496 -2.085711
v -0.770809 0.117442 -2.085711
v -0.737256 0.185939 -2.085711
v -0.691088 0.250815 -2.085711
v -0.633096 0.310960 -2.085711
v -0.564271 0.365345 -2.085711
v -0.485792 0.413039 -2.085711
v -0.399000 0.453227 -2.085711
v -0.305381 0.485220 -2.085711
v -0.206538 0.508472 -2.085711
v -0.104160 0.522584 -2.085711
v 0.000000 0.527315 -2.085711
v 0.104160 0.522584 -2.085711
v 0.206538 0.508472 -2.085711
v 0.305381 0.485220 -2.085711
v 0.399000 0.453227 -2.085711
v 0.485792 0.413039 -2.085711
v 0.564271 0.365345 -2.085711
v 0.633096 0.310960 -2.085711
v 0.691088 0.250815 -2.085711
v 0.737256 0.185939 -2.085711
v 0.770809 0.117442 -2.085711
v 0.791173 0.046496 -2.085711
v 0.798000 -0.025685 -2.085711
v 0.791173 -0.097866 -2.085711
v 0.770809 -0.168812 -2.085711
v 0.737256 -0.237309 -2.085711
v 0.691088 -0.302185 -2.085711
v 0.633096 -0.362330 -2.085711
v 0.564271 -0.416715 -2.085711
v 0.305381 -0.536590 -2.085711
v -1.636559 -0.249786 -0.832757
v -1.654033 -0.268939 -0.805095
v -1.676690 -0.267168 -0.677264
v -1.621896 -0.234177 -0.806595
v -1.612751 -0.249709 -0.948891
v -1.631688 -0.272954 -0.929164
v -1.655099 -0.287256 -0.815250
v -1.668611 -0.281609 -0.749088
v -1.645307 -0.236832 -0.692167
v -1.588533 -0.222689 -0.910638
v -1.636244 -0.293304 -0.899909
v -1.657353 -0.303830 -0.774637
v -1.685904 -0.289798 -0.651291
v -1.538630 -0.193101 -0.890925
v -1.594329 -0.255576 -1.010281
v -1.614768 -0.288300 -0.980224
v -1.618829 -0.313339 -0.911149
v -1.636079 -0.324844 -0.778593
v -1.674098 -0.311300 -0.675706
v -1.684755 -0.277163 -0.583133
v -1.663245 -0.247013 -0.611335
v -1.580322 -0.197115 -0.676773
v -1.504620 -0.188725 -0.988587
v -1.528255 -0.209133 -1.027519
v -1.556349 -0.246025 -1.061718
v -1.578793 -0.276440 -1.049327
v -1.591623 -0.301450 -1.014818
v -1.591116 -0.327897 -0.940373
v -1.639132 -0.341684 -0.667500
v -1.670323 -0.324887 -0.601321
v -1.685009 -0.300852 -0.585862
v -1.658717 -0.246818 -0.563435
v -1.343155 -0.101761 -0.886412
v -1.518734 -0.250375 -1.109303
v -1.545781 -0.287603 -1.090168
v -1.541974 -0.320828 -1.060496
v -1.543421 -0.341671 -0.997460
v -1.535159 -0.358470 -0.919259
v -1.575733 -0.366882 -0.713126
v -1.672742 -0.310487 -0.539418
v -1.668818 -0.285270 -0.517754
v -1.652594 -0.259230 -0.512598
v -1.609726 -0.219406 -0.521642
v -1.412496 -0.114411 -0.630113
v -1.358182 -0.119374 -0.975779
v -1.473523 -0.208702 -1.104400
v -1.431198 -0.241690 -1.176693
v -1.473959 -0.271298 -1.154283
v -1.497035 -0.300455 -1.128667
v -1.580874 -0.375501 -0.594068
v -1.589080 -0.372570 -0.542656
v -1.643777 -0.334398 -0.514605
v -1.645522 -0.306072 -0.478810
v -1.631876 -0.268904 -0.465879
v -1.601855 -0.206229 -0.603069
v -1.270045 -0.114963 -1.136916
v -1.410246 -0.207800 -1.164469
v -1.393517 -0.277296 -1.207761
v -1.436821 -0.350030 -1.115604
v -1.442801 -0.368723 -1.057286
v -1.574075 -0.370232 -0.483781
v -1.606803 -0.331168 -0.449423
v -1.595870 -0.297020 -0.420969
v -1.563621 -0.268080 -0.398076
v -1.561319 -0.238519 -0.415285
v -1.297272 -0.109378 -1.076093
v -1.206342 -0.158851 -1.271587
v -1.221587 -0.228761 -1.300422
v -1.397712 -0.310899 -1.194060
v -1.411665 -0.331100 -1.167892
v -1.423358 -0.392930 -0.957449
v -1.481743 -0.406602 -0.651577
v -1.532150 -0.373070 -0.432494
v -1.539567 -0.344262 -0.395743
v -1.539002 -0.306833 -0.375997
v -1.584804 -0.221178 -0.468440
v -1.414893 -0.113699 -0.545677
v -1.283521 -0.082321 -0.985631
v -1.242147 -0.130814 -1.206210
v -1.137576 -0.305030 -1.340454
v -1.187928 -0.388722 -1.237285
v -1.214973 -0.407717 -1.178170
v -1.227459 -0.424374 -1.112575
v -1.228030 -0.438582 -1.041311
v -1.350447 -0.454064 -0.511572
v -1.381516 -0.259076 -0.265709
v -1.408988 -0.204391 -0.307801
v -1.414054 -0.167430 -0.347723
v -1.424284 -0.136401 -0.423737
v -1.417617 -0.120428 -0.484595
v -1.333109 -0.066525 -0.616461
v -1.255087 -0.051141 -0.910396
v -1.132004 -0.250466 -1.355738
v -1.111586 -0.343743 -1.333079
v -1.283821 -0.466618 -0.651675
v -1.372512 -0.441604 -0.445348
v -1.377531 -0.426444 -0.386188
v -1.366911 -0.408094 -0.334505
v -1.348175 -0.387045 -0.291461
v -1.328488 -0.361853 -0.255642
v -1.315268 -0.335123 -0.230716
v -1.309832 -0.306686 -0.215740
v -1.362526 -0.125831 -0.336836
v -1.205911 -0.044754 -1.048915
v -1.147016 -0.183547 -1.333706
v -1.052420 -0.242830 -1.413711
v -1.051870 -0.268942 -1.408561
v -1.060887 -0.294758 -1.393198
v -1.080982 -0.319953 -1.367887
v -1.150272 -0.367046 -1.289310
v -1.224289 -0.449767 -0.967520
v -1.223991 -0.458455 -0.890288
v -1.232210 -0.464317 -0.811711
v -1.251793 -0.466841 -0.733121
v -1.312490 -0.277143 -0.209711
v -1.320033 -0.246303 -0.214861
v -1.331421 -0.215136 -0.230224
v -1.347235 -0.180100 -0.257897
v -1.361681 -0.100296 -0.386033
v -1.350300 -0.077399 -0.445237
v -1.309842 -0.044143 -0.571770
v -1.281479 -0.031514 -0.655902
v -1.258828 -0.024821 -0.733134
v -1.240373 -0.022564 -0.811711
v -1.226438 -0.024858 -0.890288
v -1.215708 -0.031824 -0.967520
v -1.189074 -0.072373 -1.169626
v -1.165821 -0.099436 -1.249330
v -1.121573 -0.140956 -1.333058
v -1.096990 -0.165514 -1.367887
v -1.076173 -0.190856 -1.393198
v -1.060929 -0.216713 -1.408561
v 1.636580 -0.250740 -0.837673
v 1.650578 -0.268648 -0.825159
v 1.676355 -0.268656 -0.686810
v 1.624016 -0.232874 -0.785572
v 1.611492 -0.248878 -0.950242
v 1.629142 -0.271856 -0.936070
v 1.647554 -0.285286 -0.856071
v 1.668728 -0.283060 -0.749866
v 1.659801 -0.248800 -0.683104
v 1.589691 -0.222342 -0.903974
v 1.634495 -0.293948 -0.906116
v 1.661736 -0.304312 -0.755676
v 1.684244 -0.293571 -0.660999
v 1.539055 -0.193358 -0.891463
v 1.593323 -0.255075 -1.011731
v 1.594923 -0.277935 -1.025827
v 1.616080 -0.298523 -0.961207
v 1.614766 -0.318413 -0.900943
v 1.666156 -0.316362 -0.693902
v 1.685719 -0.275444 -0.614813
v 1.649931 -0.236379 -0.627873
v 1.527439 -0.208573 -1.027106
v 1.555378 -0.245519 -1.062818
v 1.577023 -0.300358 -1.041498
v 1.592214 -0.314940 -0.983232
v 1.582547 -0.335109 -0.926254
v 1.658697 -0.332934 -0.628449
v 1.681188 -0.310551 -0.601369
v 1.685286 -0.290588 -0.574552
v 1.669941 -0.258028 -0.561938
v 1.603087 -0.207473 -0.593149
v 1.586427 -0.200908 -0.687061
v 1.504620 -0.188725 -0.988587
v 1.482456 -0.235172 -1.131883
v 1.538401 -0.275712 -1.099899
v 1.545035 -0.331941 -1.028813
v 1.541210 -0.351497 -0.951673
v 1.627609 -0.345175 -0.690928
v 1.668521 -0.322263 -0.557491
v 1.672666 -0.292230 -0.522821
v 1.652261 -0.258502 -0.512977
v 1.377163 -0.120051 -0.908615
v 1.434232 -0.248292 -1.178572
v 1.488745 -0.286950 -1.141540
v 1.501533 -0.318637 -1.108170
v 1.452930 -0.383422 -0.961742
v 1.607751 -0.363482 -0.556688
v 1.643777 -0.334398 -0.514605
v 1.645522 -0.306072 -0.478810
v 1.632809 -0.275324 -0.464168
v 1.596439 -0.234381 -0.460133
v 1.335243 -0.117950 -1.028969
v 1.403786 -0.274015 -1.201567
v 1.422806 -0.350394 -1.129512
v 1.423092 -0.372301 -1.072498
v 1.562137 -0.381794 -0.617032
v 1.606804 -0.331168 -0.449423
v 1.595870 -0.297020 -0.420968
v 1.571842 -0.254529 -0.411885
v 1.607098 -0.216896 -0.524253
v 1.436650 -0.125425 -0.618377
v 1.294729 -0.078958 -0.924879
v 1.334252 -0.136546 -1.105759
v 1.458910 -0.205164 -1.114253
v 1.226367 -0.251222 -1.300557
v 1.351014 -0.296503 -1.227626
v 1.416291 -0.313169 -1.180579
v 1.373475 -0.340556 -1.180910
v 1.470960 -0.409788 -0.656435
v 1.506043 -0.402087 -0.517072
v 1.574075 -0.370232 -0.483781
v 1.532150 -0.373070 -0.432494
v 1.539567 -0.344262 -0.395743
v 1.539003 -0.306833 -0.375997
v 1.515818 -0.258384 -0.363942
v 1.395802 -0.104843 -0.505762
v 1.258370 -0.172465 -1.244073
v 1.350443 -0.453897 -0.511460
v 1.374477 -0.266828 -0.260090
v 1.388287 -0.219443 -0.281161
v 1.403761 -0.181803 -0.320708
v 1.408067 -0.157206 -0.353810
v 1.417394 -0.140482 -0.400495
v 1.433657 -0.134112 -0.454934
v 1.342528 -0.073495 -0.623970
v 1.185814 -0.076679 -1.176510
v 1.245781 -0.128283 -1.197603
v 1.125365 -0.232382 -1.359846
v 1.132125 -0.278768 -1.351979
v 1.079749 -0.318808 -1.367321
v 1.111593 -0.343750 -1.333063
v 1.223986 -0.458439 -0.890284
v 1.372512 -0.441604 -0.445348
v 1.377531 -0.426444 -0.386188
v 1.366911 -0.408094 -0.334505
v 1.348175 -0.387045 -0.291461
v 1.328488 -0.361853 -0.255642
v 1.315268 -0.335123 -0.230716
v 1.309832 -0.306686 -0.215740
v 1.361315 -0.098875 -0.389268
v 1.225907 -0.025535 -0.890069
v 1.249330 -0.071602 -1.035987
v 1.189676 -0.140041 -1.270007
v 1.169127 -0.198057 -1.322357
v 1.052420 -0.242830 -1.413711
v 1.051870 -0.268942 -1.408561
v 1.060887 -0.294758 -1.393198
v 1.150272 -0.367046 -1.289310
v 1.187567 -0.388207 -1.237390
v 1.214798 -0.407315 -1.178185
v 1.227363 -0.424081 -1.112711
v 1.228000 -0.438282 -1.042087
v 1.224289 -0.449767 -0.967520
v 1.232210 -0.464317 -0.811711
v 1.251828 -0.466961 -0.733134
v 1.283672 -0.466733 -0.652078
v 1.312490 -0.277143 -0.209711
v 1.320033 -0.246303 -0.214861
v 1.331421 -0.215136 -0.230224
v 1.344513 -0.184275 -0.255536
v 1.364009 -0.128114 -0.327812
v 1.350300 -0.077399 -0.445237
v 1.309890 -0.043617 -0.572425
v 1.281479 -0.031514 -0.655902
v 1.258828 -0.024821 -0.733134
v 1.240373 -0.022564 -0.811711
v 1.215708 -0.031824 -0.967520
v 1.205893 -0.045304 -1.055563
v 1.165821 -0.099436 -1.249330
v 1.121573 -0.140956 -1.333058
v 1.096990 -0.165514 -1.367887
v 1.076173 -0.190856 -1.393198
v 1.060929 -0.216713 -1.408561
vn -0.0000 -0.5248 0.8512
vn -0.1820 -0.3184 0.9303
vn -0.1498 -0.0885 0.9848
vn -0.1128 -0.0321 0.9931
vn -0.1034 -0.0222 0.9944
vn -0.0967 -0.0149 0.9952
vn -0.0921 -0.0092 0.9957
vn -0.0892 -0.0045 0.9960
vn -0.0896 0.0017 0.9960
vn -0.0954 0.0114 0.9954
vn -0.1085 0.0272 0.9937
vn -0.1334 0.0585 0.9893
vn -0.1725 0.1374 0.9754
vn -0.1069 0.3621 0.9260
vn 0.1070 0.3621 0.9260
vn 0.1725 0.1374 0.9754
vn 0.1334 0.0585 0.9893
vn 0.1085 0.0272 0.9937
vn 0.0954 0.0114 0.9954
vn 0.0896 0.0016 0.9960
vn 0.0892 -0.0045 0.9960
vn 0.0921 -0.0093 0.9957
vn 0.0967 -0.0149 0.9952
vn 0.1034 -0.0222 0.9944
vn 0.1128 -0.0321 0.9931
vn 0.1498 -0.0885 0.9847
vn 0.1820 -0.3184 0.9303
vn -0.0000 -0.7284 0.6851
vn -0.1232 -0.6294 0.7673
vn -0.1938 -0.5198 0.8320
vn -0.2343 -0.4307 0.8715
vn -0.2591 -0.3606 0.8960
vn -0.2818 -0.2832 0.9167
vn -0.3011 -0.1968 0.9331
vn -0.3141 -0.1016 0.9440
vn -0.3217 0.0244 0.9465
vn -0.2988 0.1914 0.9349
vn -0.2475 0.3380 0.9080
vn -0.1955 0.4515 0.8706
vn -0.1430 0.5486 0.8238
vn -0.0842 0.6316 0.7707
vn -0.0205 0.6812 0.7318
vn 0.0205 0.6812 0.7318
vn 0.0842 0.6316 0.7707
vn 0.1430 0.5486 0.8238
vn 0.1955 0.4515 0.8706
vn 0.2475 0.3380 0.9080
vn 0.2988 0.1914 0.9349
vn 0.3217 0.0244 0.9465
vn 0.3141 -0.1016 0.9440
vn 0.3011 -0.1968 0.9331
vn 0.2818 -0.2832 0.9167
vn 0.2591 -0.3606 0.8960
vn 0.2343 -0.4307 0.8715
vn 0.1938 -0.5198 0.8320
vn 0.1232 -0.6294 0.7673
vn -0.0000 -0.7477 0.6640
vn -0.1412 -0.7234 0.6758
vn -0.2702 -0.6585 0.7024
vn -0.3464 -0.5906 0.7288
vn -0.4058 -0.5214 0.7506
vn -0.4648 -0.4293 0.7744
vn -0.5177 -0.3101 0.7974
vn -0.5549 -0.1640 0.8156
vn -0.5653 0.0364 0.8241
vn -0.5046 0.2832 0.8156
vn -0.3888 0.4758 0.7889
vn -0.2764 0.5865 0.7613
vn -0.1768 0.6471 0.7416
vn -0.0875 0.6774 0.7304
vn -0.0219 0.6864 0.7269
vn 0.0219 0.6864 0.7269
vn 0.0875 0.6774 0.7304
vn 0.1768 0.6471 0.7416
vn 0.2764 0.5865 0.7613
vn 0.3888 0.4758 0.7889
vn 0.5046 0.2832 0.8156
vn 0.5653 0.0364 0.8241
vn 0.5549 -0.1640 0.8156
vn 0.5177 -0.3101 0.7974
vn 0.4648 -0.4293 0.7744
vn 0.4058 -0.5214 0.7506
vn 0.3464 -0.5906 0.7288
vn 0.2702 -0.6585 0.7024
vn 0.1412 -0.7234 0.6758
vn -0.0000 -0.8057 0.5923
vn -0.1749 -0.7908 0.5865
vn -0.3498 -0.7382 0.5768
vn -0.4604 -0.6639 0.5892
vn -0.5442 -0.5897 0.5967
vn -0.6265 -0.4867 0.6088
vn -0.6979 -0.3507 0.6245
vn -0.7450 -0.1845 0.6411
vn -0.7508 0.0332 0.6597
vn -0.6661 0.3172 0.6751
vn -0.5110 0.5331 0.6743
vn -0.3532 0.6474 0.6754
vn -0.2150 0.7063 0.6745
vn -0.0969 0.7410 0.6645
vn -0.0145 0.6938 0.7200
vn -0.0000 0.6864 0.7273
vn 0.0145 0.6938 0.7200
vn 0.0969 0.7410 0.6645
vn 0.2150 0.7063 0.6745
vn 0.3532 0.6474 0.6754
vn 0.5110 0.5331 0.6743
vn 0.6661 0.3172 0.6751
vn 0.7508 0.0332 0.6597
vn 0.7450 -0.1845 0.6411
vn 0.6979 -0.3507 0.6245
vn 0.6265 -0.4867 0.6088
vn 0.5442 -0.5897 0.5967
vn 0.4604 -0.6639 0.5892
vn 0.3498 -0.7382 0.5768
vn 0.1749 -0.7908 0.5865
vn -0.0000 -0.8883 0.4593
vn -0.1976 -0.8655 0.4604
vn -0.3867 -0.7971 0.4638
vn -0.5088 -0.7092 0.4881
vn -0.5958 -0.6244 0.5052
vn -0.6791 -0.5102 0.5278
vn -0.7487 -0.3636 0.5543
vn -0.7916 -0.1890 0.5810
vn -0.7959 0.0229 0.6050
vn -0.7354 0.2552 0.6277
vn -0.6141 0.4675 0.6358
vn -0.4825 0.6053 0.6331
vn -0.3629 0.6862 0.6304
vn -0.2585 0.7281 0.6349
vn -0.1662 0.7488 0.6416
vn -0.0723 0.7477 0.6601
vn -0.0575 0.7462 0.6632
vn -0.0430 0.7458 0.6648
vn -0.0284 0.7460 0.6654
vn -0.0137 0.7465 0.6652
vn -0.0000 0.7467 0.6651
vn 0.0137 0.7465 0.6652
vn 0.0284 0.7460 0.6654
vn 0.0430 0.7458 0.6648
vn 0.0575 0.7462 0.6632
vn 0.0723 0.7477 0.6601
vn 0.1662 0.7488 0.6416
vn 0.2585 0.7281 0.6349
vn 0.3629 0.6862 0.6304
vn 0.4825 0.6053 0.6331
vn 0.6141 0.4675 0.6358
vn 0.7354 0.2552 0.6277
vn 0.7959 0.0229 0.6050
vn 0.7916 -0.1890 0.5810
vn 0.7487 -0.3636 0.5543
vn 0.6791 -0.5102 0.5278
vn 0.5958 -0.6244 0.5052
vn 0.5088 -0.7092 0.4881
vn 0.3867 -0.7971 0.4638
vn 0.1976 -0.8655 0.4604
vn -0.0000 -0.9439 0.3303
vn -0.2150 -0.9106 0.3530
vn -0.4069 -0.8164 0.4097
vn -0.5258 -0.7110 0.4669
vn -0.6031 -0.6132 0.5102
vn -0.6716 -0.4897 0.5560
vn -0.7236 -0.3413 0.6000
vn -0.7512 -0.1744 0.6366
vn -0.7470 0.0115 0.6647
vn -0.7101 0.1983 0.6756
vn -0.6407 0.3780 0.6683
vn -0.5532 0.5166 0.6535
vn -0.4607 0.6192 0.6359
vn -0.3700 0.6922 0.6197
vn -0.2893 0.7386 0.6090
vn -0.2355 0.7572 0.6093
vn -0.1875 0.7797 0.5974
vn -0.1398 0.7964 0.5884
vn -0.0925 0.8077 0.5822
vn -0.0457 0.8141 0.5789
vn -0.0000 0.8161 0.5780
vn 0.0457 0.8141 0.5789
vn 0.0925 0.8077 0.5822
vn 0.1398 0.7964 0.5884
vn 0.1875 0.7797 0.5974
vn 0.2355 0.7572 0.6093
vn 0.2893 0.7386 0.6090
vn 0.3700 0.6922 0.6197
vn 0.4607 0.6192 0.6359
vn 0.5532 0.5166 0.6535
vn 0.6407 0.3780 0.6683
vn 0.7101 0.1983 0.6756
vn 0.7470 0.0115 0.6647
vn 0.7512 -0.1744 0.6366
vn 0.7236 -0.3413 0.6000
vn 0.6716 -0.4897 0.5560
vn 0.6031 -0.6132 0.5102
vn 0.5258 -0.7110 0.4669
vn 0.4069 -0.8164 0.4097
vn 0.2150 -0.9106 0.3530
vn -0.0000 -0.9703 0.2421
vn -0.2245 -0.9349 0.2748
vn -0.4184 -0.8378 0.3508
vn -0.5380 -0.7325 0.4172
vn -0.6167 -0.6320 0.4693
vn -0.6863 -0.5051 0.5234
vn -0.7388 -0.3525 0.5744
vn -0.7664 -0.1808 0.6164
vn -0.7635 0.0021 0.6458
vn -0.7302 0.1816 0.6587
vn -0.6712 0.3452 0.6560
vn -0.5972 0.4792 0.6432
vn -0.5170 0.5847 0.6251
vn -0.4361 0.6654 0.6058
vn -0.3596 0.7243 0.5883
vn -0.2935 0.7643 0.5742
vn -0.2319 0.7939 0.5620
vn -0.1721 0.8155 0.5526
vn -0.1138 0.8300 0.5460
vn -0.0564 0.8384 0.5421
vn -0.0000 0.8411 0.5409
vn 0.0564 0.8384 0.5421
vn 0.1138 0.8300 0.5460
vn 0.1721 0.8155 0.5526
vn 0.2319 0.7939 0.5620
vn 0.2935 0.7643 0.5742
vn 0.3596 0.7243 0.5883
vn 0.4361 0.6654 0.6058
vn 0.5170 0.5847 0.6251
vn 0.5972 0.4792 0.6432
vn 0.6712 0.3452 0.6560
vn 0.7302 0.1816 0.6587
vn 0.7635 0.0021 0.6458
vn 0.7664 -0.1808 0.6164
vn 0.7388 -0.3525 0.5744
vn 0.6863 -0.5051 0.5234
vn 0.6167 -0.6320 0.4693
vn 0.5380 -0.7325 0.4172
vn 0.4184 -0.8378 0.3508
vn 0.2245 -0.9349 0.2748
vn -0.0000 -0.9861 0.1662
vn -0.2279 -0.9542 0.1936
vn -0.4304 -0.8645 0.2596
vn -0.5589 -0.7648 0.3205
vn -0.6469 -0.6662 0.3709
vn -0.7276 -0.5379 0.4259
vn -0.7909 -0.3789 0.4806
vn -0.8260 -0.1955 0.5287
vn -0.8254 -0.0006 0.5645
vn -0.7894 0.1879 0.5843
vn -0.7259 0.3552 0.5890
vn -0.6468 0.4914 0.5832
vn -0.5619 0.5978 0.5718
vn -0.4773 0.6787 0.5582
vn -0.3970 0.7384 0.5452
vn -0.3229 0.7815 0.5339
vn -0.2536 0.8126 0.5247
vn -0.1874 0.8349 0.5176
vn -0.1236 0.8497 0.5125
vn -0.0614 0.8582 0.5096
vn -0.0000 0.8609 0.5087
vn 0.0614 0.8582 0.5096
vn 0.1236 0.8497 0.5125
vn 0.1874 0.8349 0.5176
vn 0.2536 0.8126 0.5247
vn 0.3229 0.7815 0.5339
vn 0.3970 0.7384 0.5452
vn 0.4773 0.6787 0.5582
vn 0.5619 0.5978 0.5718
vn 0.6468 0.4914 0.5832
vn 0.7259 0.3552 0.5890
vn 0.7894 0.1879 0.5843
vn 0.8254 -0.0006 0.5645
vn 0.8260 -0.1955 0.5287
vn 0.7909 -0.3789 0.4806
vn 0.7276 -0.5379 0.4259
vn 0.6469 -0.6662 0.3709
vn 0.5589 -0.7648 0.3205
vn 0.4304 -0.8645 0.2596
vn 0.2279 -0.9542 0.1936
vn -0.0000 -0.9935 0.1136
vn -0.2305 -0.9635 0.1360
vn -0.4390 -0.8778 0.1915
vn -0.5732 -0.7817 0.2455
vn -0.6676 -0.6849 0.2919
vn -0.7561 -0.5564 0.3446
vn -0.8275 -0.3943 0.3997
vn -0.8690 -0.2042 0.4507
vn -0.8709 0.0005 0.4914
vn -0.8316 0.2008 0.5178
vn -0.7598 0.3766 0.5299
vn -0.6714 0.5170 0.5310
vn -0.5780 0.6242 0.5256
vn -0.4865 0.7039 0.5176
vn -0.4014 0.7613 0.5092
vn -0.3251 0.8015 0.5018
vn -0.2549 0.8303 0.4956
vn -0.1881 0.8508 0.4906
vn -0.1240 0.8646 0.4869
vn -0.0615 0.8725 0.4847
vn -0.0000 0.8751 0.4839
vn 0.0615 0.8725 0.4847
vn 0.1240 0.8646 0.4869
vn 0.1881 0.8508 0.4906
vn 0.2549 0.8303 0.4956
vn 0.3251 0.8015 0.5018
vn 0.4014 0.7613 0.5092
vn 0.4865 0.7039 0.5176
vn 0.5780 0.6242 0.5256
vn 0.6714 0.5170 0.5310
vn 0.7598 0.3766 0.5299
vn 0.8316 0.2008 0.5178
vn 0.8709 0.0005 0.4914
vn 0.8690 -0.2042 0.4507
vn 0.8275 -0.3943 0.3997
vn 0.7561 -0.5564 0.3446
vn 0.6676 -0.6849 0.2919
vn 0.5732 -0.7817 0.2455
vn 0.4390 -0.8778 0.1915
vn 0.2305 -0.9635 0.1360
vn -0.0000 -0.9973 0.0730
vn -0.2345 -0.9678 0.0912
vn -0.4484 -0.8832 0.1374
vn -0.5865 -0.7887 0.1844
vn -0.6849 -0.6927 0.2258
vn -0.7784 -0.5647 0.2743
vn -0.8554 -0.4017 0.3270
vn -0.9018 -0.2088 0.3784
vn -0.9063 0.0037 0.4227
vn -0.8634 0.2182 0.4549
vn -0.7821 0.4062 0.4726
vn -0.6820 0.5521 0.4797
vn -0.5768 0.6608 0.4803
vn -0.4761 0.7388 0.4770
vn -0.3858 0.7921 0.4731
vn -0.3106 0.8263 0.4698
vn -0.2438 0.8499 0.4671
vn -0.1801 0.8668 0.4649
vn -0.1187 0.8782 0.4634
vn -0.0589 0.8847 0.4625
vn -0.0000 0.8868 0.4622
vn 0.0589 0.8847 0.4625
vn 0.1187 0.8782 0.4634
vn 0.1801 0.8668 0.4649
vn 0.2438 0.8499 0.4671
vn 0.3106 0.8263 0.4698
vn 0.3858 0.7921 0.4731
vn 0.4761 0.7388 0.4770
vn 0.5768 0.6608 0.4803
vn 0.6820 0.5521 0.4797
vn 0.7821 0.4062 0.4726
vn 0.8634 0.2182 0.4549
vn 0.9063 0.0037 0.4227
vn 0.9018 -0.2088 0.3784
vn 0.8554 -0.4017 0.3270
vn 0.7784 -0.5647 0.2743
vn 0.6849 -0.6927 0.2258
vn 0.5865 -0.7887 0.1844
vn 0.4484 -0.8832 0.1374
vn 0.2345 -0.9678 0.0912
vn -0.0000 -0.9991 0.0422
vn -0.2398 -0.9692 0.0569
vn -0.4590 -0.8833 0.0952
vn -0.6000 -0.7883 0.1363
vn -0.7006 -0.6922 0.1732
vn -0.7963 -0.5643 0.2178
vn -0.8757 -0.4016 0.2682
vn -0.9242 -0.2089 0.3196
vn -0.9301 0.0032 0.3672
vn -0.8882 0.2162 0.4055
vn -0.8074 0.4032 0.4307
vn -0.7075 0.5499 0.4439
vn -0.6024 0.6577 0.4523
vn -0.4979 0.7369 0.4573
vn -0.4052 0.7912 0.4581
vn -0.3266 0.8268 0.4580
vn -0.2560 0.8514 0.4579
vn -0.1889 0.8688 0.4576
vn -0.1244 0.8805 0.4574
vn -0.0617 0.8873 0.4571
vn -0.0000 0.8895 0.4570
vn 0.0617 0.8873 0.4571
vn 0.1244 0.8805 0.4574
vn 0.1889 0.8688 0.4576
vn 0.2560 0.8514 0.4579
vn 0.3266 0.8268 0.4580
vn 0.4052 0.7912 0.4581
vn 0.4979 0.7369 0.4573
vn 0.6024 0.6577 0.4523
vn 0.7075 0.5499 0.4439
vn 0.8074 0.4032 0.4307
vn 0.8882 0.2162 0.4055
vn 0.9301 0.0032 0.3672
vn 0.9242 -0.2089 0.3196
vn 0.8757 -0.4016 0.2682
vn 0.7963 -0.5643 0.2178
vn 0.7006 -0.6922 0.1732
vn 0.6000 -0.7883 0.1363
vn 0.4590 -0.8833 0.0952
vn 0.2398 -0.9692 0.0569
vn -0.0000 -0.9996 0.0278
vn -0.2479 -0.9679 0.0401
vn -0.4733 -0.8778 0.0734
vn -0.6162 -0.7797 0.1112
vn -0.7168 -0.6820 0.1453
vn -0.8114 -0.5538 0.1872
vn -0.8890 -0.3926 0.2355
vn -0.9362 -0.2037 0.2865
vn -0.9421 0.0005 0.3354
vn -0.9041 0.2007 0.3772
vn -0.8312 0.3771 0.4085
vn -0.7382 0.5196 0.4302
vn -0.6401 0.6283 0.4422
vn -0.5412 0.7096 0.4511
vn -0.4461 0.7684 0.4589
vn -0.3613 0.8096 0.4627
vn -0.2827 0.8388 0.4653
vn -0.2083 0.8593 0.4672
vn -0.1370 0.8728 0.4685
vn -0.0678 0.8805 0.4692
vn -0.0000 0.8830 0.4694
vn 0.0678 0.8805 0.4692
vn 0.1370 0.8728 0.4685
vn 0.2083 0.8593 0.4672
vn 0.2827 0.8388 0.4653
vn 0.3613 0.8096 0.4627
vn 0.4461 0.7684 0.4589
vn 0.5412 0.7096 0.4511
vn 0.6401 0.6283 0.4422
vn 0.7382 0.5196 0.4302
vn 0.8312 0.3771 0.4085
vn 0.9041 0.2007 0.3772
vn 0.9421 0.0005 0.3354
vn 0.9362 -0.2037 0.2865
vn 0.8890 -0.3926 0.2355
vn 0.8114 -0.5538 0.1872
vn 0.7168 -0.6820 0.1453
vn 0.6162 -0.7797 0.1112
vn 0.4733 -0.8778 0.0734
vn 0.2479 -0.9679 0.0401
vn -0.0000 -0.9999 0.0164
vn -0.2571 -0.9660 0.0271
vn -0.4885 -0.8708 0.0562
vn -0.6327 -0.7690 0.0911
vn -0.7326 -0.6696 0.1223
vn -0.8254 -0.5410 0.1611
vn -0.9009 -0.3819 0.2064
vn -0.9465 -0.1973 0.2553
vn -0.9529 -0.0004 0.3032
vn -0.9187 0.1908 0.3457
vn -0.8518 0.3606 0.3800
vn -0.7645 0.5008 0.4060
vn -0.6682 0.6106 0.4249
vn -0.5727 0.6937 0.4368
vn -0.4780 0.7573 0.4451
vn -0.3885 0.8027 0.4524
vn -0.3041 0.8353 0.4580
vn -0.2240 0.8580 0.4622
vn -0.1474 0.8729 0.4651
vn -0.0731 0.8812 0.4670
vn -0.0000 0.8839 0.4677
vn 0.0731 0.8812 0.4670
vn 0.1474 0.8729 0.4651
vn 0.2240 0.8580 0.4622
vn 0.3041 0.8353 0.4580
vn 0.3885 0.8027 0.4524
vn 0.4780 0.7573 0.4451
vn 0.5727 0.6937 0.4368
vn 0.6682 0.6106 0.4249
vn 0.7645 0.5008 0.4060
vn 0.8518 0.3606 0.3800
vn 0.9187 0.1908 0.3457
vn 0.9529 -0.0004 0.3032
vn 0.9465 -0.1973 0.2553
vn 0.9009 -0.3819 0.2064
vn 0.8254 -0.5410 0.1611
vn 0.7326 -0.6696 0.1223
vn 0.6327 -0.7690 0.0911
vn 0.4885 -0.8708 0.0562
vn 0.2571 -0.9660 0.0271
vn -0.0000 -1.0000 0.0047
vn -0.2660 -0.9639 0.0137
vn -0.5026 -0.8637 0.0383
vn -0.6475 -0.7590 0.0682
vn -0.7467 -0.6583 0.0956
vn -0.8381 -0.5298 0.1300
vn -0.9120 -0.3728 0.1709
vn -0.9572 -0.1924 0.2161
vn -0.9651 -0.0003 0.2618
vn -0.9341 0.1872 0.3040
vn -0.8706 0.3555 0.3401
vn -0.7858 0.4964 0.3690
vn -0.6904 0.6084 0.3914
vn -0.5925 0.6943 0.4085
vn -0.4966 0.7587 0.4215
vn -0.4048 0.8062 0.4314
vn -0.3175 0.8406 0.4389
vn -0.2343 0.8647 0.4444
vn -0.1544 0.8805 0.4482
vn -0.0767 0.8895 0.4504
vn -0.0000 0.8925 0.4511
vn 0.0767 0.8895 0.4504
vn 0.1544 0.8805 0.4482
vn 0.2343 0.8647 0.4444
vn 0.3175 0.8406 0.4389
vn 0.4048 0.8062 0.4314
vn 0.4966 0.7587 0.4215
vn 0.5925 0.6943 0.4085
vn 0.6904 0.6084 0.3914
vn 0.7858 0.4964 0.3690
vn 0.8706 0.3555 0.3401
vn 0.9341 0.1872 0.3040
vn 0.9651 -0.0003 0.2618
vn 0.9572 -0.1924 0.2161
vn 0.9120 -0.3728 0.1709
vn 0.8381 -0.5298 0.1300
vn 0.7467 -0.6583 0.0956
vn 0.6475 -0.7590 0.0682
vn 0.5026 -0.8637 0.0383
vn 0.2660 -0.9639 0.0137
vn -0.0000 -1.0000 -0.0012
vn -0.2788 -0.9603 0.0060
vn -0.5223 -0.8523 0.0270
vn -0.6680 -0.7423 0.0526
vn -0.7653 -0.6393 0.0757
vn -0.8533 -0.5109 0.1047
vn -0.9236 -0.3573 0.1392
vn -0.9669 -0.1832 0.1777
vn -0.9761 0.0009 0.2175
vn -0.9495 0.1818 0.2556
vn -0.8921 0.3468 0.2896
vn -0.8127 0.4882 0.3182
vn -0.7206 0.6033 0.3416
vn -0.6235 0.6939 0.3602
vn -0.5262 0.7633 0.3748
vn -0.4313 0.8154 0.3862
vn -0.3397 0.8536 0.3949
vn -0.2515 0.8807 0.4013
vn -0.1660 0.8988 0.4058
vn -0.0826 0.9091 0.4084
vn -0.0000 0.9124 0.4092
vn 0.0826 0.9091 0.4084
vn 0.1660 0.8988 0.4058
vn 0.2515 0.8807 0.4013
vn 0.3397 0.8536 0.3949
vn 0.4313 0.8154 0.3862
vn 0.5262 0.7633 0.3748
vn 0.6235 0.6939 0.3602
vn 0.7206 0.6033 0.3416
vn 0.8127 0.4882 0.3182
vn 0.8921 0.3468 0.2896
vn 0.9495 0.1818 0.2556
vn 0.9761 0.0009 0.2175
vn 0.9669 -0.1832 0.1777
vn 0.9236 -0.3573 0.1392
vn 0.8533 -0.5109 0.1047
vn 0.7653 -0.6393 0.0757
vn 0.6680 -0.7423 0.0526
vn 0.5223 -0.8523 0.0270
vn 0.2788 -0.9603 0.0060
vn -0.0000 -1.0000 -0.0024
vn -0.2890 -0.9573 0.0032
vn -0.5367 -0.8436 0.0191
vn -0.6826 -0.7298 0.0388
vn -0.7782 -0.6255 0.0562
vn -0.8638 -0.4977 0.0781
vn -0.9321 -0.3469 0.1042
vn -0.9750 -0.1776 0.1336
vn -0.9864 0.0012 0.1645
vn -0.9645 0.1779 0.1951
vn -0.9128 0.3417 0.2237
vn -0.8384 0.4849 0.2488
vn -0.7496 0.6043 0.2700
vn -0.6536 0.7002 0.2874
vn -0.5552 0.7752 0.3014
vn -0.4573 0.8326 0.3123
vn -0.3618 0.8754 0.3205
vn -0.2686 0.9062 0.3265
vn -0.1777 0.9269 0.3305
vn -0.0884 0.9389 0.3327
vn -0.0000 0.9428 0.3334
vn 0.0884 0.9389 0.3327
vn 0.1777 0.9269 0.3305
vn 0.2686 0.9062 0.3265
vn 0.3618 0.8754 0.3205
vn 0.4573 0.8326 0.3123
vn 0.5552 0.7752 0.3014
vn 0.6536 0.7002 0.2874
vn 0.7496 0.6043 0.2700
vn 0.8384 0.4849 0.2488
vn 0.9128 0.3417 0.2237
vn 0.9645 0.1779 0.1951
vn 0.9864 0.0012 0.1645
vn 0.9750 -0.1776 0.1336
vn 0.9321 -0.3469 0.1042
vn 0.8638 -0.4977 0.0781
vn 0.7782 -0.6255 0.0562
vn 0.6826 -0.7298 0.0388
vn 0.5367 -0.8436 0.0191
vn 0.2890 -0.9573 0.0032
vn -0.0000 -0.9999 -0.0145
vn -0.2967 -0.9549 -0.0121
vn -0.5475 -0.8368 -0.0048
vn -0.6933 -0.7206 0.0066
vn -0.7878 -0.6157 0.0171
vn -0.8720 -0.4886 0.0311
vn -0.9393 -0.3397 0.0481
vn -0.9825 -0.1736 0.0673
vn -0.9961 0.0043 0.0885
vn -0.9762 0.1858 0.1120
vn -0.9232 0.3595 0.1362
vn -0.8449 0.5115 0.1565
vn -0.7505 0.6380 0.1721
vn -0.6478 0.7395 0.1830
vn -0.5445 0.8173 0.1883
vn -0.4540 0.8705 0.1902
vn -0.3595 0.9095 0.2089
vn -0.2671 0.9377 0.2223
vn -0.1767 0.9568 0.2310
vn -0.0877 0.9679 0.2354
vn -0.0000 0.9716 0.2366
vn 0.0877 0.9679 0.2354
vn 0.1767 0.9568 0.2310
vn 0.2671 0.9377 0.2223
vn 0.3595 0.9095 0.2089
vn 0.4540 0.8705 0.1902
vn 0.5445 0.8173 0.1883
vn 0.6478 0.7395 0.1830
vn 0.7505 0.6380 0.1721
vn 0.8449 0.5115 0.1565
vn 0.9232 0.3595 0.1362
vn 0.9762 0.1858 0.1120
vn 0.9961 0.0043 0.0885
vn 0.9825 -0.1736 0.0673
vn 0.9393 -0.3397 0.0481
vn 0.8720 -0.4886 0.0311
vn 0.7878 -0.6157 0.0171
vn 0.6933 -0.7206 0.0066
vn 0.5475 -0.8368 -0.0048
vn 0.2967 -0.9549 -0.0121
vn -0.0000 -0.9993 -0.0386
vn -0.3023 -0.9524 -0.0406
vn -0.5547 -0.8310 -0.0416
vn -0.6939 -0.7198 -0.0205
vn -0.7708 -0.6349 0.0532
vn -0.8434 -0.5099 0.1692
vn -0.9192 -0.3161 0.2347
vn -0.9797 -0.1201 0.1607
vn -0.9971 0.0504 0.0569
vn -0.9673 0.2524 0.0237
vn -0.8819 0.4696 0.0413
vn -0.7561 0.6508 0.0683
vn -0.6120 0.7855 0.0920
vn -0.4635 0.8793 0.1097
vn -0.3344 0.9362 0.1085
vn -0.2755 0.9596 0.0572
vn -0.2202 0.9719 0.0826
vn -0.1650 0.9809 0.1032
vn -0.1096 0.9869 0.1185
vn -0.0542 0.9903 0.1283
vn -0.0000 0.9913 0.1316
vn 0.0542 0.9903 0.1283
vn 0.1096 0.9869 0.1185
vn 0.1650 0.9809 0.1032
vn 0.2202 0.9719 0.0826
vn 0.2755 0.9596 0.0572
vn 0.3344 0.9362 0.1085
vn 0.4635 0.8793 0.1097
vn 0.6120 0.7855 0.0920
vn 0.7561 0.6508 0.0683
vn 0.8819 0.4696 0.0413
vn 0.9673 0.2524 0.0237
vn 0.9971 0.0504 0.0569
vn 0.9797 -0.1201 0.1607
vn 0.9192 -0.3161 0.2347
vn 0.8434 -0.5099 0.1692
vn 0.7708 -0.6349 0.0532
vn 0.6939 -0.7198 -0.0205
vn 0.5547 -0.8310 -0.0416
vn 0.3023 -0.9524 -0.0406
vn -0.0000 -0.9979 -0.0651
vn -0.3051 -0.9495 -0.0730
vn -0.5244 -0.8483 -0.0732
vn -0.5653 -0.8249 -0.0045
vn -0.5376 -0.8238 0.1799
vn -0.6744 -0.5695 0.4701
vn -0.8427 0.1623 0.5133
vn -0.9013 0.4025 0.1600
vn -0.9607 0.2753 -0.0355
vn -0.9383 0.3367 -0.0794
vn -0.8132 0.5800 -0.0492
vn -0.6328 0.7742 -0.0136
vn -0.4346 0.9004 0.0201
vn -0.2328 0.9713 0.0497
vn -0.0713 0.9953 0.0648
vn -0.0455 0.9974 0.0556
vn -0.0377 0.9981 0.0478
vn -0.0292 0.9987 0.0423
vn -0.0198 0.9990 0.0390
vn -0.0092 0.9993 0.0376
vn -0.0000 0.9993 0.0371
vn 0.0092 0.9993 0.0376
vn 0.0198 0.9990 0.0390
vn 0.0292 0.9987 0.0423
vn 0.0377 0.9981 0.0478
vn 0.0455 0.9974 0.0556
vn 0.0713 0.9953 0.0648
vn 0.2328 0.9713 0.0497
vn 0.4346 0.9004 0.0201
vn 0.6328 0.7742 -0.0136
vn 0.8132 0.5800 -0.0492
vn 0.9383 0.3367 -0.0794
vn 0.9607 0.2753 -0.0355
vn 0.9013 0.4025 0.1600
vn 0.8427 0.1623 0.5133
vn 0.6744 -0.5695 0.4701
vn 0.5376 -0.8238 0.1799
vn 0.5653 -0.8249 -0.0045
vn 0.5244 -0.8483 -0.0732
vn 0.3051 -0.9495 -0.0730
vn -0.0000 -0.9961 -0.0880
vn -0.3068 -0.9465 -0.1002
vn -0.4758 -0.8739 -0.0997
vn -0.4291 -0.9027 -0.0329
vn -0.3752 -0.9201 0.1122
vn -0.7870 -0.4998 0.3618
vn -0.7910 0.4777 0.3822
vn -0.5977 0.7801 0.1849
vn -0.8516 0.5229 -0.0357
vn -0.9338 0.3247 -0.1505
vn -0.8601 0.4909 -0.1385
vn -0.7249 0.6793 -0.1145
vn -0.5652 0.8196 -0.0943
vn -0.3961 0.9144 -0.0839
vn -0.2496 0.9646 -0.0848
vn -0.2071 0.9778 -0.0329
vn -0.1669 0.9855 -0.0318
vn -0.1260 0.9915 -0.0333
vn -0.0841 0.9958 -0.0364
vn -0.0411 0.9984 -0.0396
vn -0.0000 0.9992 -0.0405
vn 0.0411 0.9984 -0.0396
vn 0.0841 0.9958 -0.0364
vn 0.1260 0.9915 -0.0333
vn 0.1669 0.9855 -0.0318
vn 0.2071 0.9778 -0.0329
vn 0.2496 0.9646 -0.0848
vn 0.3961 0.9144 -0.0839
vn 0.5652 0.8196 -0.0943
vn 0.7249 0.6793 -0.1145
vn 0.8601 0.4909 -0.1385
vn 0.9338 0.3247 -0.1505
vn 0.8516 0.5229 -0.0357
vn 0.5977 0.7801 0.1849
vn 0.7910 0.4777 0.3822
vn 0.7870 -0.4998 0.3618
vn 0.3752 -0.9201 0.1122
vn 0.4291 -0.9027 -0.0329
vn 0.4758 -0.8739 -0.0997
vn 0.3068 -0.9465 -0.1002
vn -0.0000 -0.9947 -0.1026
vn -0.3090 -0.9441 -0.1147
vn -0.4598 -0.8784 -0.1302
vn -0.3904 -0.9134 -0.1156
vn -0.3260 -0.9422 -0.0777
vn -0.8664 -0.4965 -0.0534
vn -0.8202 0.5709 -0.0366
vn -0.5299 0.8453 -0.0693
vn -0.7946 0.5874 -0.1538
vn -0.9289 0.3144 -0.1956
vn -0.9045 0.3851 -0.1835
vn -0.8216 0.5448 -0.1678
vn -0.7163 0.6816 -0.1494
vn -0.6002 0.7894 -0.1289
vn -0.4876 0.8672 -0.1009
vn -0.4126 0.9094 -0.0515
vn -0.3297 0.9415 -0.0694
vn -0.2462 0.9657 -0.0825
vn -0.1628 0.9825 -0.0908
vn -0.0800 0.9923 -0.0949
vn -0.0000 0.9954 -0.0955
vn 0.0800 0.9923 -0.0949
vn 0.1628 0.9825 -0.0908
vn 0.2462 0.9657 -0.0825
vn 0.3297 0.9415 -0.0694
vn 0.4126 0.9094 -0.0515
vn 0.4876 0.8672 -0.1009
vn 0.6002 0.7894 -0.1289
vn 0.7163 0.6816 -0.1494
vn 0.8216 0.5448 -0.1678
vn 0.9045 0.3851 -0.1835
vn 0.9289 0.3144 -0.1956
vn 0.7946 0.5874 -0.1538
vn 0.5299 0.8453 -0.0693
vn 0.8202 0.5709 -0.0366
vn 0.8664 -0.4965 -0.0534
vn 0.3260 -0.9422 -0.0777
vn 0.3904 -0.9134 -0.1156
vn 0.4598 -0.8784 -0.1302
vn 0.3090 -0.9441 -0.1147
vn -0.0000 -0.9939 -0.1106
vn -0.3118 -0.9424 -0.1211
vn -0.4617 -0.8767 -0.1352
vn -0.3872 -0.9132 -0.1272
vn -0.3136 -0.9421 -0.1185
vn -0.8361 -0.4919 -0.2428
vn -0.7816 0.5898 -0.2031
vn -0.5152 0.8480 -0.1247
vn -0.7830 0.5950 -0.1812
vn -0.9260 0.3156 -0.2071
vn -0.9224 0.3271 -0.2053
vn -0.8680 0.4544 -0.2004
vn -0.7926 0.5790 -0.1914
vn -0.7049 0.6860 -0.1802
vn -0.6100 0.7745 -0.1677
vn -0.5150 0.8427 -0.1569
vn -0.4126 0.8979 -0.1535
vn -0.3094 0.9391 -0.1494
vn -0.2060 0.9677 -0.1454
vn -0.1026 0.9846 -0.1418
vn -0.0000 0.9902 -0.1400
vn 0.1026 0.9846 -0.1418
vn 0.2060 0.9677 -0.1454
vn 0.3094 0.9391 -0.1494
vn 0.4126 0.8979 -0.1535
vn 0.5150 0.8427 -0.1569
vn 0.6100 0.7745 -0.1677
vn 0.7049 0.6860 -0.1802
vn 0.7926 0.5790 -0.1914
vn 0.8680 0.4544 -0.2004
vn 0.9224 0.3271 -0.2053
vn 0.9260 0.3156 -0.2071
vn 0.7830 0.5950 -0.1812
vn 0.5152 0.8480 -0.1247
vn 0.7816 0.5898 -0.2031
vn 0.8361 -0.4919 -0.2428
vn 0.3136 -0.9421 -0.1185
vn 0.3872 -0.9132 -0.1272
vn 0.4617 -0.8767 -0.1352
vn 0.3118 -0.9424 -0.1211
vn -0.0000 -0.9928 -0.1200
vn -0.3138 -0.9406 -0.1299
vn -0.4712 -0.8686 -0.1535
vn -0.4007 -0.8992 -0.1760
vn -0.3271 -0.9148 -0.2370
vn -0.7357 -0.4587 -0.4984
vn -0.7048 0.5297 -0.4719
vn -0.5228 0.8058 -0.2782
vn -0.7867 0.5600 -0.2597
vn -0.9246 0.3018 -0.2325
vn -0.9205 0.3227 -0.2202
vn -0.8682 0.4461 -0.2175
vn -0.7948 0.5680 -0.2135
vn -0.7092 0.6735 -0.2083
vn -0.6156 0.7616 -0.2026
vn -0.5167 0.8331 -0.1972
vn -0.4150 0.8893 -0.1922
vn -0.3118 0.9313 -0.1881
vn -0.2081 0.9605 -0.1850
vn -0.1041 0.9776 -0.1832
vn -0.0000 0.9832 -0.1826
vn 0.1041 0.9776 -0.1832
vn 0.2081 0.9605 -0.1850
vn 0.3118 0.9313 -0.1881
vn 0.4150 0.8893 -0.1922
vn 0.5167 0.8331 -0.1972
vn 0.6156 0.7616 -0.2026
vn 0.7092 0.6735 -0.2083
vn 0.7948 0.5680 -0.2135
vn 0.8682 0.4461 -0.2175
vn 0.9205 0.3227 -0.2202
vn 0.9246 0.3018 -0.2325
vn 0.7867 0.5600 -0.2597
vn 0.5228 0.8058 -0.2782
vn 0.7048 0.5297 -0.4719
vn 0.7357 -0.4587 -0.4984
vn 0.3271 -0.9148 -0.2370
vn 0.4007 -0.8992 -0.1760
vn 0.4712 -0.8686 -0.1535
vn 0.3138 -0.9406 -0.1299
vn -0.0000 -0.9896 -0.1442
vn -0.3149 -0.9370 -0.1512
vn -0.5045 -0.8441 -0.1813
vn -0.4765 -0.8426 -0.2511
vn -0.3930 -0.8332 -0.3890
vn -0.5625 -0.4880 -0.6674
vn -0.6325 0.3757 -0.6773
vn -0.6451 0.6108 -0.4591
vn -0.8588 0.3971 -0.3236
vn -0.9381 0.2444 -0.2455
vn -0.9205 0.3157 -0.2302
vn -0.8664 0.4432 -0.2299
vn -0.7930 0.5644 -0.2293
vn -0.7072 0.6693 -0.2279
vn -0.6134 0.7567 -0.2261
vn -0.5147 0.8275 -0.2242
vn -0.4133 0.8831 -0.2223
vn -0.3104 0.9246 -0.2206
vn -0.2070 0.9534 -0.2194
vn -0.1035 0.9703 -0.2187
vn -0.0000 0.9758 -0.2185
vn 0.1035 0.9703 -0.2187
vn 0.2070 0.9534 -0.2194
vn 0.3104 0.9246 -0.2206
vn 0.4133 0.8831 -0.2223
vn 0.5147 0.8275 -0.2242
vn 0.6134 0.7567 -0.2261
vn 0.7072 0.6693 -0.2279
vn 0.7930 0.5644 -0.2293
vn 0.8664 0.4432 -0.2299
vn 0.9205 0.3157 -0.2302
vn 0.9381 0.2444 -0.2455
vn 0.8588 0.3971 -0.3236
vn 0.6451 0.6108 -0.4591
vn 0.6325 0.3757 -0.6773
vn 0.5625 -0.4880 -0.6674
vn 0.3930 -0.8332 -0.3890
vn 0.4765 -0.8426 -0.2511
vn 0.5045 -0.8441 -0.1813
vn 0.3149 -0.9370 -0.1512
vn -0.0000 -0.9812 -0.1929
vn -0.3111 -0.9308 -0.1918
vn -0.5599 -0.8052 -0.1953
vn -0.6716 -0.7034 -0.2328
vn -0.7014 -0.6286 -0.3359
vn -0.7448 -0.4617 -0.4818
vn -0.8442 -0.1741 -0.5070
vn -0.9386 -0.0420 -0.3424
vn -0.9698 0.0443 -0.2398
vn -0.9617 0.1644 -0.2195
vn -0.9244 0.3098 -0.2225
vn -0.8659 0.4459 -0.2266
vn -0.7903 0.5669 -0.2323
vn -0.7028 0.6704 -0.2378
vn -0.6080 0.7559 -0.2425
vn -0.5090 0.8247 -0.2467
vn -0.4078 0.8782 -0.2502
vn -0.3058 0.9179 -0.2529
vn -0.2037 0.9453 -0.2547
vn -0.1018 0.9614 -0.2557
vn -0.0000 0.9667 -0.2560
vn 0.1018 0.9614 -0.2557
vn 0.2037 0.9453 -0.2547
vn 0.3058 0.9179 -0.2529
vn 0.4078 0.8782 -0.2502
vn 0.5090 0.8247 -0.2467
vn 0.6080 0.7559 -0.2425
vn 0.7028 0.6704 -0.2378
vn 0.7903 0.5669 -0.2323
vn 0.8659 0.4459 -0.2266
vn 0.9244 0.3098 -0.2225
vn 0.9617 0.1644 -0.2195
vn 0.9698 0.0443 -0.2398
vn 0.9386 -0.0420 -0.3424
vn 0.8442 -0.1741 -0.5070
vn 0.7448 -0.4617 -0.4818
vn 0.7014 -0.6286 -0.3359
vn 0.6716 -0.7034 -0.2328
vn 0.5599 -0.8052 -0.1953
vn 0.3111 -0.9308 -0.1918
vn -0.0000 -0.9500 -0.3121
vn -0.2925 -0.9069 -0.3033
vn -0.5424 -0.7901 -0.2856
vn -0.6813 -0.6754 -0.2822
vn -0.7671 -0.5751 -0.2842
vn -0.8414 -0.4539 -0.2933
vn -0.9031 -0.3103 -0.2970
vn -0.9447 -0.1542 -0.2893
vn -0.9592 0.0042 -0.2828
vn -0.9444 0.1621 -0.2859
vn -0.9026 0.3129 -0.2957
vn -0.8388 0.4489 -0.3081
vn -0.7592 0.5660 -0.3214
vn -0.6695 0.6631 -0.3347
vn -0.5744 0.7413 -0.3473
vn -0.4771 0.8023 -0.3588
vn -0.3797 0.8485 -0.3686
vn -0.2833 0.8821 -0.3764
vn -0.1881 0.9048 -0.3821
vn -0.0939 0.9179 -0.3855
vn -0.0000 0.9222 -0.3866
vn 0.0939 0.9179 -0.3855
vn 0.1881 0.9048 -0.3821
vn 0.2833 0.8821 -0.3764
vn 0.3797 0.8485 -0.3686
vn 0.4771 0.8023 -0.3588
vn 0.5744 0.7413 -0.3473
vn 0.6695 0.6631 -0.3347
vn 0.7592 0.5660 -0.3214
vn 0.8388 0.4489 -0.3081
vn 0.9026 0.3129 -0.2957
vn 0.9444 0.1621 -0.2859
vn 0.9592 0.0042 -0.2828
vn 0.9447 -0.1542 -0.2893
vn 0.9031 -0.3103 -0.2970
vn 0.8414 -0.4539 -0.2933
vn 0.7671 -0.5751 -0.2842
vn 0.6813 -0.6754 -0.2822
vn 0.5424 -0.7901 -0.2856
vn 0.2925 -0.9069 -0.3033
vn -0.0000 -0.5769 -0.8168
vn -0.1653 -0.5589 -0.8126
vn -0.3106 -0.4976 -0.8099
vn -0.3907 -0.4284 -0.8147
vn -0.4511 -0.3724 -0.8110
vn -0.5069 -0.3005 -0.8079
vn -0.5526 -0.2124 -0.8059
vn -0.5822 -0.1107 -0.8055
vn -0.5907 -0.0015 -0.8069
vn -0.5766 0.1066 -0.8101
vn -0.5421 0.2055 -0.8148
vn -0.4929 0.2895 -0.8205
vn -0.4352 0.3567 -0.8267
vn -0.3743 0.4078 -0.8329
vn -0.3136 0.4453 -0.8387
vn -0.2550 0.4720 -0.8439
vn -0.1994 0.4904 -0.8484
vn -0.1467 0.5026 -0.8520
vn -0.0964 0.5101 -0.8547
vn -0.0479 0.5139 -0.8565
vn -0.0000 0.5151 -0.8571
vn 0.0479 0.5139 -0.8565
vn 0.0964 0.5101 -0.8547
vn 0.1467 0.5026 -0.8520
vn 0.1994 0.4904 -0.8484
vn 0.2550 0.4720 -0.8439
vn 0.3136 0.4453 -0.8387
vn 0.3743 0.4078 -0.8328
vn 0.4352 0.3567 -0.8267
vn 0.4929 0.2895 -0.8205
vn 0.5421 0.2055 -0.8148
vn 0.5766 0.1066 -0.8101
vn 0.5907 -0.0015 -0.8069
vn 0.5822 -0.1107 -0.8055
vn 0.5526 -0.2124 -0.8059
vn 0.5069 -0.3005 -0.8079
vn 0.4511 -0.3724 -0.8110
vn 0.3907 -0.4284 -0.8147
vn 0.3106 -0.4976 -0.8099
vn 0.1653 -0.5589 -0.8126
vn -0.7401 0.6575 -0.1412
vn -0.9141 0.3629 -0.1807
vn -0.8717 0.4784 -0.1066
vn -0.6117 0.7838 -0.1077
vn -0.7358 0.6363 -0.2316
vn -0.9481 0.1984 -0.2487
vn -0.9774 -0.0886 -0.1920
vn -0.9821 0.0322 -0.1858
vn -0.6182 0.7824 -0.0748
vn -0.5542 0.8220 -0.1312
vn -0.9109 -0.3499 -0.2189
vn -0.8501 -0.4969 -0.1744
vn -0.9951 -0.0642 -0.0752
vn -0.4510 0.8877 -0.0925
vn -0.7888 0.4870 -0.3750
vn -0.9030 -0.2382 -0.3575
vn -0.6953 -0.6895 -0.2029
vn -0.6207 -0.7695 -0.1501
vn -0.8188 -0.5574 -0.1374
vn -0.9431 0.3067 0.1282
vn -0.6935 0.7204 0.0090
vn -0.4692 0.8816 -0.0507
vn -0.4429 0.8835 -0.1526
vn -0.5143 0.8155 -0.2655
vn -0.6788 0.5397 -0.4979
vn -0.8256 0.0229 -0.5638
vn -0.7433 -0.5371 -0.3988
vn -0.5575 -0.8049 -0.2035
vn -0.5333 -0.8409 -0.0920
vn -0.7125 -0.7017 -0.0015
vn -0.9576 -0.2736 0.0900
vn -0.6980 0.6988 0.1565
vn -0.4681 0.8781 -0.0988
vn -0.6458 0.4097 -0.6443
vn -0.7321 -0.1911 -0.6539
vn -0.5524 -0.7180 -0.4236
vn -0.4490 -0.8644 -0.2264
vn -0.3796 -0.9160 -0.1297
vn -0.3875 -0.9160 -0.1043
vn -0.8814 -0.4028 0.2468
vn -0.9150 0.1517 0.3738
vn -0.7339 0.5863 0.3429
vn -0.5577 0.8018 0.2146
vn -0.4676 0.8826 -0.0495
vn -0.4301 0.8927 -0.1345
vn -0.4968 0.7444 -0.4463
vn -0.5478 0.3803 -0.7452
vn -0.6046 0.0226 -0.7962
vn -0.5834 -0.4433 -0.6806
vn -0.3979 -0.9168 -0.0351
vn -0.4369 -0.8972 0.0648
vn -0.6498 -0.7141 0.2603
vn -0.8059 -0.2475 0.5378
vn -0.7403 0.3851 0.5510
vn -0.4999 0.8657 0.0257
vn -0.4815 0.8145 -0.3236
vn -0.4992 0.6459 -0.5777
vn -0.5196 -0.0538 -0.8527
vn -0.3954 -0.8238 -0.4062
vn -0.3474 -0.9047 -0.2464
vn -0.4570 -0.8546 0.2467
vn -0.6305 -0.5658 0.5313
vn -0.6896 -0.0808 0.7196
vn -0.6238 0.2602 0.7370
vn -0.5949 0.5610 0.5756
vn -0.4646 0.8534 -0.2364
vn -0.5392 0.5288 -0.6554
vn -0.5110 0.2631 -0.8184
vn -0.4793 -0.4356 -0.7619
vn -0.4343 -0.6845 -0.5855
vn -0.3076 -0.9420 -0.1340
vn -0.3119 -0.9475 -0.0705
vn -0.4467 -0.8097 0.3806
vn -0.5422 -0.5652 0.6217
vn -0.5963 -0.1650 0.7856
vn -0.5780 0.7278 0.3690
vn -0.4961 0.8679 0.0265
vn -0.5019 0.8510 -0.1546
vn -0.5035 0.7243 -0.4710
vn -0.4790 -0.3239 -0.8159
vn -0.3599 -0.7671 -0.5311
vn -0.3292 -0.8650 -0.3787
vn -0.3015 -0.9207 -0.2477
vn -0.2864 -0.9441 -0.1632
vn -0.3126 -0.9499 0.0041
vn -0.6204 0.0984 0.7781
vn -0.6199 0.4114 0.6682
vn -0.5910 0.6414 0.4892
vn -0.5520 0.7892 0.2692
vn -0.5215 0.8463 0.1089
vn -0.5604 0.8233 -0.0902
vn -0.5699 0.8098 -0.1394
vn -0.5514 -0.0368 -0.8334
vn -0.4507 -0.4882 -0.7474
vn -0.2891 -0.9531 -0.0893
vn -0.3472 -0.9279 0.1358
vn -0.3867 -0.8697 0.3068
vn -0.4399 -0.7509 0.4926
vn -0.4805 -0.6073 0.6327
vn -0.5211 -0.4588 0.7196
vn -0.5412 -0.3471 0.7659
vn -0.5965 -0.2137 0.7736
vn -0.6150 0.6544 0.4400
vn -0.5366 0.8169 -0.2114
vn -0.5831 0.2822 -0.7618
vn -0.5790 -0.1042 -0.8086
vn -0.5715 -0.2124 -0.7927
vn -0.5484 -0.2735 -0.7902
vn -0.4831 -0.4167 -0.7700
vn -0.3942 -0.6407 -0.6589
vn -0.2781 -0.9532 -0.1181
vn -0.2791 -0.9547 -0.1029
vn -0.2800 -0.9547 -0.1005
vn -0.2842 -0.9533 -0.1020
vn -0.6455 -0.1378 0.7512
vn -0.6417 0.0398 0.7659
vn -0.6612 0.1815 0.7279
vn -0.6599 0.3711 0.6533
vn -0.6017 0.7464 0.2843
vn -0.5709 0.8134 0.1116
vn -0.5743 0.8170 -0.0521
vn -0.6125 0.7832 -0.1066
vn -0.6285 0.7677 -0.1254
vn -0.6311 0.7652 -0.1275
vn -0.6140 0.7767 -0.1406
vn -0.6382 0.7467 -0.1874
vn -0.5375 0.7686 -0.3469
vn -0.5532 0.6451 -0.5271
vn -0.5956 0.4271 -0.6803
vn -0.6090 0.2901 -0.7382
vn -0.6232 0.1320 -0.7709
vn -0.6038 0.0244 -0.7968
vn 0.7400 0.6571 -0.1435
vn 0.9106 0.3718 -0.1805
vn 0.8964 0.4290 -0.1119
vn 0.5838 0.8068 -0.0910
vn 0.7266 0.6481 -0.2283
vn 0.9431 0.1914 -0.2717
vn 0.9778 -0.0656 -0.1991
vn 0.9820 0.0079 -0.1889
vn 0.6900 0.7207 -0.0674
vn 0.5550 0.8220 -0.1275
vn 0.8953 -0.3824 -0.2285
vn 0.8661 -0.4640 -0.1860
vn 0.9741 -0.2010 -0.1037
vn 0.4486 0.8889 -0.0928
vn 0.7626 0.5373 -0.3602
vn 0.8748 -0.0035 -0.4844
vn 0.8375 -0.4609 -0.2934
vn 0.6413 -0.7473 -0.1741
vn 0.7481 -0.6495 -0.1356
vn 0.9501 0.3118 0.0004
vn 0.6294 0.7771 -0.0052
vn 0.5097 0.8183 -0.2657
vn 0.6766 0.5512 -0.4883
vn 0.7160 -0.4963 -0.4910
vn 0.6255 -0.7353 -0.2610
vn 0.5105 -0.8426 -0.1716
vn 0.6291 -0.7749 -0.0604
vn 0.8879 -0.4600 -0.0031
vn 0.9878 -0.0125 0.1554
vn 0.7811 0.6016 0.1671
vn 0.5062 0.8616 0.0376
vn 0.4794 0.8760 -0.0531
vn 0.4407 0.8841 -0.1557
vn 0.5804 0.5210 -0.6258
vn 0.7237 -0.0159 -0.6900
vn 0.4846 -0.8198 -0.3050
vn 0.4070 -0.8987 -0.1635
vn 0.4927 -0.8631 -0.1113
vn 0.7650 -0.6249 0.1559
vn 0.9294 -0.0305 0.3677
vn 0.7419 0.5692 0.3544
vn 0.4362 0.8941 -0.1011
vn 0.5534 0.3120 -0.7723
vn 0.6174 -0.1946 -0.7622
vn 0.5436 -0.6423 -0.5403
vn 0.3196 -0.9370 -0.1411
vn 0.4652 -0.8839 0.0480
vn 0.6674 -0.6946 0.2684
vn 0.8077 -0.2623 0.5281
vn 0.7583 0.2949 0.5814
vn 0.6014 0.6718 0.4324
vn 0.4497 0.8752 -0.1783
vn 0.5260 -0.0500 -0.8490
vn 0.3930 -0.8062 -0.4422
vn 0.3415 -0.9029 -0.2609
vn 0.3716 -0.9270 -0.0517
vn 0.6305 -0.5658 0.5313
vn 0.6782 -0.0692 0.7316
vn 0.6229 0.4024 0.6709
vn 0.5509 0.8121 0.1923
vn 0.4544 0.8902 -0.0331
vn 0.5120 0.8490 -0.1302
vn 0.4482 0.8468 -0.2866
vn 0.4772 0.7653 -0.4321
vn 0.4993 0.0660 -0.8639
vn 0.4676 -0.2935 -0.8338
vn 0.4920 -0.4919 -0.7183
vn 0.3900 -0.7112 -0.5849
vn 0.3068 -0.9489 -0.0744
vn 0.3443 -0.9364 0.0676
vn 0.4600 -0.8553 0.2385
vn 0.4467 -0.8097 0.3806
vn 0.5422 -0.5652 0.6217
vn 0.6076 -0.1468 0.7806
vn 0.6012 0.2355 0.7636
vn 0.5233 0.8500 0.0601
vn 0.4927 0.5969 -0.6332
vn 0.3062 -0.9520 0.0025
vn 0.6105 0.0525 0.7902
vn 0.6310 0.2920 0.7187
vn 0.6094 0.5236 0.5954
vn 0.6112 0.6495 0.4523
vn 0.5718 0.7565 0.3174
vn 0.5072 0.8417 0.1853
vn 0.5520 0.8307 -0.0730
vn 0.5113 0.7863 -0.3469
vn 0.5024 0.7304 -0.4628
vn 0.5724 0.0243 -0.8196
vn 0.5038 -0.1835 -0.8441
vn 0.4927 -0.3958 -0.7750
vn 0.4258 -0.5149 -0.7440
vn 0.2812 -0.9541 -0.1026
vn 0.3424 -0.9289 0.1409
vn 0.3867 -0.8697 0.3068
vn 0.4399 -0.7509 0.4926
vn 0.4805 -0.6073 0.6327
vn 0.5211 -0.4588 0.7196
vn 0.5412 -0.3471 0.7659
vn 0.5920 -0.2185 0.7758
vn 0.6011 0.7621 0.2407
vn 0.5808 0.8032 -0.1325
vn 0.5250 0.8265 -0.2031
vn 0.5481 0.5583 -0.6228
vn 0.5613 0.3096 -0.7675
vn 0.6007 -0.1138 -0.7914
vn 0.5724 -0.1901 -0.7976
vn 0.5272 -0.3264 -0.7845
vn 0.3960 -0.6393 -0.6591
vn 0.3542 -0.7734 -0.5257
vn 0.3213 -0.8679 -0.3789
vn 0.2951 -0.9228 -0.2479
vn 0.2848 -0.9444 -0.1641
vn 0.2795 -0.9528 -0.1190
vn 0.2718 -0.9571 -0.1001
vn 0.2848 -0.9529 -0.1044
vn 0.2879 -0.9536 -0.0876
vn 0.6383 -0.1336 0.7581
vn 0.6499 0.0432 0.7588
vn 0.6642 0.1755 0.7267
vn 0.6512 0.3775 0.6584
vn 0.6353 0.6196 0.4609
vn 0.6220 0.7743 0.1166
vn 0.5968 0.8007 -0.0521
vn 0.5993 0.7940 -0.1020
vn 0.6224 0.7717 -0.1309
vn 0.7871 0.5936 -0.1678
vn 0.6093 0.7781 -0.1528
vn 0.5819 0.7730 -0.2526
vn 0.5479 0.6599 -0.5142
vn 0.6041 0.4229 -0.6754
vn 0.6024 0.3014 -0.7391
vn 0.6112 0.1408 -0.7788
vn 0.6055 0.0161 -0.7957
vt 0.498823 0.004762
vt 0.500000 0.008333
vt 0.500000 0.004762
vt 0.497824 0.004762
vt 0.486167 0.008333
vt 0.497559 0.004762
vt 0.474439 0.008333
vt 0.497335 0.004762
vt 0.471322 0.008333
vt 0.497157 0.004762
vt 0.468695 0.008333
vt 0.497028 0.004762
vt 0.466603 0.008333
vt 0.496949 0.004762
vt 0.465083 0.008333
vt 0.496923 0.004762
vt 0.464161 0.008333
vt 0.465060 0.008333
vt 0.463852 0.008333
vt 0.497026 0.004762
vt 0.468605 0.008333
vt 0.497328 0.004762
vt 0.474248 0.008333
vt 0.497808 0.004762
vt 0.481614 0.008333
vt 0.498435 0.004762
vt 0.490208 0.008333
vt 0.499167 0.004762
vt 0.499458 0.008333
vt 0.501565 0.004762
vt 0.509792 0.008333
vt 0.500833 0.004762
vt 0.502192 0.004762
vt 0.518386 0.008333
vt 0.502672 0.004762
vt 0.525752 0.008333
vt 0.502974 0.004762
vt 0.531395 0.008333
vt 0.503077 0.004762
vt 0.534940 0.008333
vt 0.535839 0.008333
vt 0.536148 0.008333
vt 0.503051 0.004762
vt 0.534917 0.008333
vt 0.502972 0.004762
vt 0.533397 0.008333
vt 0.502843 0.004762
vt 0.531305 0.008333
vt 0.502665 0.004762
vt 0.528678 0.008333
vt 0.502441 0.004762
vt 0.525561 0.008333
vt 0.502176 0.004762
vt 0.513833 0.008333
vt 0.501177 0.004762
vt 0.500000 0.014286
vt 0.478502 0.014286
vt 0.460277 0.014286
vt 0.455432 0.014286
vt 0.451349 0.014286
vt 0.448099 0.014286
vt 0.445737 0.014286
vt 0.444304 0.014286
vt 0.445701 0.014286
vt 0.443823 0.014286
vt 0.451210 0.014286
vt 0.459980 0.014286
vt 0.471427 0.014286
vt 0.484783 0.014286
vt 0.499157 0.014286
vt 0.500843 0.014286
vt 0.500542 0.008333
vt 0.515217 0.014286
vt 0.528573 0.014286
vt 0.540020 0.014286
vt 0.548790 0.014286
vt 0.554299 0.014286
vt 0.555696 0.014286
vt 0.556177 0.014286
vt 0.554263 0.014286
vt 0.551901 0.014286
vt 0.548651 0.014286
vt 0.544568 0.014286
vt 0.539723 0.014286
vt 0.521498 0.014286
vt 0.500000 0.022619
vt 0.472794 0.022619
vt 0.449729 0.022619
vt 0.443598 0.022619
vt 0.438431 0.022619
vt 0.434318 0.022619
vt 0.431329 0.022619
vt 0.429515 0.022619
vt 0.431283 0.022619
vt 0.428907 0.022619
vt 0.438254 0.022619
vt 0.449354 0.022619
vt 0.463839 0.022619
vt 0.480743 0.022619
vt 0.498934 0.022619
vt 0.501066 0.022619
vt 0.519257 0.022619
vt 0.536161 0.022619
vt 0.550646 0.022619
vt 0.561746 0.022619
vt 0.568717 0.022619
vt 0.570485 0.022619
vt 0.571093 0.022619
vt 0.568671 0.022619
vt 0.565682 0.022619
vt 0.561569 0.022619
vt 0.556402 0.022619
vt 0.550271 0.022619
vt 0.527206 0.022619
vt 0.500000 0.025714
vt 0.471480 0.025714
vt 0.447302 0.025714
vt 0.440874 0.025714
vt 0.435458 0.025714
vt 0.431146 0.025714
vt 0.428013 0.025714
vt 0.426111 0.025714
vt 0.426957 0.025714
vt 0.425473 0.025714
vt 0.431349 0.025714
vt 0.438475 0.025714
vt 0.448050 0.025714
vt 0.459694 0.025714
vt 0.472943 0.025714
vt 0.527057 0.025714
vt 0.540306 0.025714
vt 0.551950 0.025714
vt 0.561525 0.025714
vt 0.568651 0.025714
vt 0.573043 0.025714
vt 0.573889 0.025714
vt 0.574527 0.025714
vt 0.571987 0.025714
vt 0.568854 0.025714
vt 0.564542 0.025714
vt 0.559126 0.025714
vt 0.552698 0.025714
vt 0.528520 0.025714
vt 0.500000 0.032143
vt 0.468215 0.032143
vt 0.441270 0.032143
vt 0.434106 0.032143
vt 0.428070 0.032143
vt 0.423265 0.032143
vt 0.419773 0.032143
vt 0.417653 0.032143
vt 0.416943 0.032143
vt 0.421308 0.032143
vt 0.418041 0.032143
vt 0.426656 0.032143
vt 0.433945 0.032143
vt 0.442981 0.032143
vt 0.453525 0.032143
vt 0.460554 0.032143
vt 0.477292 0.025714
vt 0.467970 0.032143
vt 0.481729 0.025714
vt 0.475699 0.032143
vt 0.486235 0.025714
vt 0.483666 0.032143
vt 0.490794 0.025714
vt 0.491793 0.032143
vt 0.495388 0.025714
vt 0.504612 0.025714
vt 0.509206 0.025714
vt 0.508207 0.032143
vt 0.513765 0.025714
vt 0.516334 0.032143
vt 0.518271 0.025714
vt 0.524301 0.032143
vt 0.522708 0.025714
vt 0.532030 0.032143
vt 0.539446 0.032143
vt 0.546475 0.032143
vt 0.557019 0.032143
vt 0.566055 0.032143
vt 0.573344 0.032143
vt 0.578692 0.032143
vt 0.583057 0.032143
vt 0.581959 0.032143
vt 0.582347 0.032143
vt 0.580227 0.032143
vt 0.576735 0.032143
vt 0.571930 0.032143
vt 0.565894 0.032143
vt 0.558730 0.032143
vt 0.531785 0.032143
vt 0.500000 0.042857
vt 0.461990 0.042857
vt 0.429766 0.042857
vt 0.421200 0.042857
vt 0.413982 0.042857
vt 0.408235 0.042857
vt 0.404059 0.042857
vt 0.401525 0.042857
vt 0.400675 0.042857
vt 0.404668 0.042857
vt 0.401678 0.042857
vt 0.409585 0.042857
vt 0.416328 0.042857
vt 0.424762 0.042857
vt 0.434716 0.042857
vt 0.444108 0.042857
vt 0.454298 0.042857
vt 0.465140 0.042857
vt 0.476480 0.042857
vt 0.488156 0.042857
vt 0.511844 0.042857
vt 0.523520 0.042857
vt 0.534860 0.042857
vt 0.545702 0.042857
vt 0.555892 0.042857
vt 0.565284 0.042857
vt 0.575238 0.042857
vt 0.583672 0.042857
vt 0.590415 0.042857
vt 0.595332 0.042857
vt 0.599325 0.042857
vt 0.598322 0.042857
vt 0.598475 0.042857
vt 0.595941 0.042857
vt 0.591765 0.042857
vt 0.586018 0.042857
vt 0.578800 0.042857
vt 0.570234 0.042857
vt 0.538010 0.042857
vt 0.500000 0.057143
vt 0.455236 0.057143
vt 0.417288 0.057143
vt 0.407199 0.057143
vt 0.398699 0.057143
vt 0.391931 0.057143
vt 0.387013 0.057143
vt 0.384028 0.057143
vt 0.383027 0.057143
vt 0.387250 0.057143
vt 0.384088 0.057143
vt 0.392456 0.057143
vt 0.399613 0.057143
vt 0.408589 0.057143
vt 0.419223 0.057143
vt 0.430594 0.057143
vt 0.443083 0.057143
vt 0.456490 0.057143
vt 0.470597 0.057143
vt 0.485179 0.057143
vt 0.514821 0.057143
vt 0.529402 0.057143
vt 0.543510 0.057143
vt 0.556917 0.057143
vt 0.569406 0.057143
vt 0.580777 0.057143
vt 0.591411 0.057143
vt 0.600387 0.057143
vt 0.607544 0.057143
vt 0.612750 0.057143
vt 0.616973 0.057143
vt 0.615912 0.057143
vt 0.615972 0.057143
vt 0.612987 0.057143
vt 0.608069 0.057143
vt 0.601301 0.057143
vt 0.592801 0.057143
vt 0.582712 0.057143
vt 0.544764 0.057143
vt 0.500000 0.076190
vt 0.448000 0.076190
vt 0.403916 0.076190
vt 0.392197 0.076190
vt 0.382322 0.076190
vt 0.374461 0.076190
vt 0.368747 0.076190
vt 0.365280 0.076190
vt 0.364117 0.076190
vt 0.365386 0.076190
vt 0.375396 0.076190
vt 0.369170 0.076190
vt 0.383951 0.076190
vt 0.394672 0.076190
vt 0.407361 0.076190
vt 0.420481 0.076190
vt 0.434842 0.076190
vt 0.450220 0.076190
vt 0.466375 0.076190
vt 0.483055 0.076190
vt 0.516945 0.076190
vt 0.533625 0.076190
vt 0.549780 0.076190
vt 0.565158 0.076190
vt 0.579519 0.076190
vt 0.592639 0.076190
vt 0.605328 0.076190
vt 0.616049 0.076190
vt 0.624604 0.076190
vt 0.634614 0.076190
vt 0.630830 0.076190
vt 0.635883 0.076190
vt 0.634720 0.076190
vt 0.631253 0.076190
vt 0.625539 0.076190
vt 0.617678 0.076190
vt 0.607803 0.076190
vt 0.596084 0.076190
vt 0.552000 0.076190
vt 0.500000 0.104762
vt 0.438828 0.104762
vt 0.386969 0.104762
vt 0.373183 0.104762
vt 0.361566 0.104762
vt 0.352318 0.104762
vt 0.345597 0.104762
vt 0.341518 0.104762
vt 0.340150 0.104762
vt 0.341830 0.104762
vt 0.346833 0.104762
vt 0.355054 0.104762
vt 0.366321 0.104762
vt 0.380398 0.104762
vt 0.396987 0.104762
vt 0.411921 0.104762
vt 0.428054 0.104762
vt 0.445166 0.104762
vt 0.463024 0.104762
vt 0.481386 0.104762
vt 0.518614 0.104762
vt 0.536976 0.104762
vt 0.554834 0.104762
vt 0.571946 0.104762
vt 0.588079 0.104762
vt 0.603013 0.104762
vt 0.619602 0.104762
vt 0.633678 0.104762
vt 0.644946 0.104762
vt 0.653167 0.104762
vt 0.658170 0.104762
vt 0.659850 0.104762
vt 0.658482 0.104762
vt 0.654403 0.104762
vt 0.647682 0.104762
vt 0.638434 0.104762
vt 0.626817 0.104762
vt 0.613031 0.104762
vt 0.561172 0.104762
vt 0.500000 0.142857
vt 0.428999 0.142857
vt 0.368807 0.142857
vt 0.352806 0.142857
vt 0.339323 0.142857
vt 0.328589 0.142857
vt 0.320788 0.142857
vt 0.316053 0.142857
vt 0.314466 0.142857
vt 0.316353 0.142857
vt 0.321975 0.142857
vt 0.343895 0.142857
vt 0.331219 0.142857
vt 0.359747 0.142857
vt 0.378452 0.142857
vt 0.395962 0.142857
vt 0.414945 0.142857
vt 0.435132 0.142857
vt 0.456238 0.142857
vt 0.477963 0.142857
vt 0.522037 0.142857
vt 0.543762 0.142857
vt 0.564868 0.142857
vt 0.585055 0.142857
vt 0.604038 0.142857
vt 0.621548 0.142857
vt 0.640253 0.142857
vt 0.656105 0.142857
vt 0.678025 0.142857
vt 0.668781 0.142857
vt 0.683647 0.142857
vt 0.685534 0.142857
vt 0.683947 0.142857
vt 0.679212 0.142857
vt 0.671411 0.142857
vt 0.660677 0.142857
vt 0.647194 0.142857
vt 0.631193 0.142857
vt 0.571001 0.142857
vt 0.500000 0.190476
vt 0.418061 0.190476
vt 0.348597 0.190476
vt 0.330130 0.190476
vt 0.314570 0.190476
vt 0.302182 0.190476
vt 0.293179 0.190476
vt 0.287715 0.190476
vt 0.285883 0.190476
vt 0.287827 0.190476
vt 0.293624 0.190476
vt 0.303167 0.190476
vt 0.332737 0.190476
vt 0.316284 0.190476
vt 0.352227 0.190476
vt 0.373034 0.190476
vt 0.395885 0.190476
vt 0.420411 0.190476
vt 0.446218 0.190476
vt 0.472891 0.190476
vt 0.527109 0.190476
vt 0.553782 0.190476
vt 0.579589 0.190476
vt 0.604115 0.190476
vt 0.626966 0.190476
vt 0.647773 0.190476
vt 0.667263 0.190476
vt 0.696833 0.190476
vt 0.683716 0.190476
vt 0.706376 0.190476
vt 0.712173 0.190476
vt 0.714117 0.190476
vt 0.712285 0.190476
vt 0.706821 0.190476
vt 0.697818 0.190476
vt 0.685430 0.190476
vt 0.669870 0.190476
vt 0.651403 0.190476
vt 0.581939 0.190476
vt 0.500000 0.238095
vt 0.408058 0.238095
vt 0.330114 0.238095
vt 0.309393 0.238095
vt 0.291933 0.238095
vt 0.278033 0.238095
vt 0.267931 0.238095
vt 0.261800 0.238095
vt 0.259745 0.238095
vt 0.353742 0.238095
vt 0.379872 0.238095
vt 0.437817 0.238095
vt 0.468640 0.238095
vt 0.531360 0.238095
vt 0.562183 0.238095
vt 0.591942 0.238095
vt 0.620128 0.238095
vt 0.646258 0.238095
vt 0.669886 0.238095
vt 0.708067 0.238095
vt 0.690607 0.238095
vt 0.721967 0.238095
vt 0.732069 0.238095
vt 0.738200 0.238095
vt 0.740255 0.238095
vt 0.500000 0.285714
vt 0.399329 0.285714
vt 0.313985 0.285714
vt 0.291296 0.285714
vt 0.272179 0.285714
vt 0.256959 0.285714
vt 0.245898 0.285714
vt 0.239185 0.285714
vt 0.236934 0.285714
vt 0.339856 0.285714
vt 0.368467 0.285714
vt 0.431914 0.285714
vt 0.465663 0.285714
vt 0.534337 0.285714
vt 0.568086 0.285714
vt 0.600671 0.285714
vt 0.631533 0.285714
vt 0.660144 0.285714
vt 0.686015 0.285714
vt 0.708704 0.285714
vt 0.727821 0.285714
vt 0.743041 0.285714
vt 0.754102 0.285714
vt 0.760815 0.285714
vt 0.763066 0.285714
vt 0.500000 0.361905
vt 0.387733 0.361905
vt 0.292558 0.361905
vt 0.267257 0.361905
vt 0.245937 0.361905
vt 0.228965 0.361905
vt 0.216630 0.361905
vt 0.209143 0.361905
vt 0.206633 0.361905
vt 0.321410 0.361905
vt 0.353317 0.361905
vt 0.424071 0.361905
vt 0.461708 0.361905
vt 0.538292 0.361905
vt 0.575929 0.361905
vt 0.612267 0.361905
vt 0.646683 0.361905
vt 0.678590 0.361905
vt 0.707442 0.361905
vt 0.732743 0.361905
vt 0.754063 0.361905
vt 0.771035 0.361905
vt 0.783370 0.361905
vt 0.790857 0.361905
vt 0.793367 0.361905
vt 0.500000 0.440476
vt 0.378095 0.440476
vt 0.274748 0.440476
vt 0.247274 0.440476
vt 0.224124 0.440476
vt 0.205695 0.440476
vt 0.192301 0.440476
vt 0.184171 0.440476
vt 0.181446 0.440476
vt 0.306077 0.440476
vt 0.340723 0.440476
vt 0.417552 0.440476
vt 0.458420 0.440476
vt 0.541580 0.440476
vt 0.582448 0.440476
vt 0.621905 0.440476
vt 0.659277 0.440476
vt 0.693923 0.440476
vt 0.725252 0.440476
vt 0.752726 0.440476
vt 0.775876 0.440476
vt 0.794305 0.440476
vt 0.807699 0.440476
vt 0.815829 0.440476
vt 0.818554 0.440476
vt 0.500000 0.519048
vt 0.371563 0.519048
vt 0.262680 0.519048
vt 0.233734 0.519048
vt 0.209344 0.519048
vt 0.189927 0.519048
vt 0.175815 0.519048
vt 0.167250 0.519048
vt 0.164379 0.519048
vt 0.167640 0.519048
vt 0.177360 0.519048
vt 0.193349 0.519048
vt 0.215297 0.519048
vt 0.242777 0.519048
vt 0.275256 0.519048
vt 0.307340 0.519048
vt 0.342301 0.519048
vt 0.379618 0.519048
vt 0.418732 0.519048
vt 0.459060 0.519048
vt 0.540940 0.519048
vt 0.581268 0.519048
vt 0.620382 0.519048
vt 0.657699 0.519048
vt 0.692660 0.519048
vt 0.724744 0.519048
vt 0.757223 0.519048
vt 0.784703 0.519048
vt 0.806651 0.519048
vt 0.822640 0.519048
vt 0.832360 0.519048
vt 0.835621 0.519048
vt 0.832749 0.519048
vt 0.824185 0.519048
vt 0.810073 0.519048
vt 0.790656 0.519048
vt 0.766266 0.519048
vt 0.737320 0.519048
vt 0.628437 0.519048
vt 0.500000 0.595238
vt 0.369580 0.595238
vt 0.259009 0.595238
vt 0.229570 0.595238
vt 0.204659 0.595238
vt 0.184782 0.595238
vt 0.170495 0.595238
vt 0.161978 0.595238
vt 0.159168 0.595238
vt 0.165405 0.595238
vt 0.183811 0.595238
vt 0.213739 0.595238
vt 0.254100 0.595238
vt 0.303423 0.595238
vt 0.359910 0.595238
vt 0.382176 0.595238
vt 0.405028 0.595238
vt 0.428354 0.595238
vt 0.452037 0.595238
vt 0.475959 0.595238
vt 0.524041 0.595238
vt 0.547963 0.595238
vt 0.571646 0.595238
vt 0.594972 0.595238
vt 0.617824 0.595238
vt 0.640090 0.595238
vt 0.696577 0.595238
vt 0.745900 0.595238
vt 0.786261 0.595238
vt 0.816189 0.595238
vt 0.834595 0.595238
vt 0.840832 0.595238
vt 0.838022 0.595238
vt 0.829505 0.595238
vt 0.815218 0.595238
vt 0.795341 0.595238
vt 0.770430 0.595238
vt 0.740991 0.595238
vt 0.630420 0.595238
vt 0.371163 0.642857
vt 0.500000 0.642857
vt 0.261039 0.642857
vt 0.225787 0.642857
vt 0.181502 0.642857
vt 0.139886 0.642857
vt 0.131641 0.642857
vt 0.147853 0.642857
vt 0.159553 0.642857
vt 0.173883 0.642857
vt 0.204964 0.642857
vt 0.254553 0.642857
vt 0.319559 0.642857
vt 0.395900 0.642857
vt 0.478780 0.642857
vt 0.482313 0.642857
vt 0.485848 0.642857
vt 0.489385 0.642857
vt 0.492922 0.642857
vt 0.496461 0.642857
vt 0.503539 0.642857
vt 0.507078 0.642857
vt 0.510615 0.642857
vt 0.514152 0.642857
vt 0.517687 0.642857
vt 0.521220 0.642857
vt 0.604100 0.642857
vt 0.680440 0.642857
vt 0.745447 0.642857
vt 0.795036 0.642857
vt 0.826117 0.642857
vt 0.840447 0.642857
vt 0.852147 0.642857
vt 0.868359 0.642857
vt 0.860114 0.642857
vt 0.818498 0.642857
vt 0.774213 0.642857
vt 0.738961 0.642857
vt 0.628837 0.642857
vt 0.374885 0.680952
vt 0.500000 0.680952
vt 0.266398 0.680952
vt 0.221511 0.680952
vt 0.144544 0.680952
vt 0.066193 0.680952
vt 0.126564 0.680952
vt 0.068316 0.680952
vt 0.162910 0.680952
vt 0.180091 0.680952
vt 0.201568 0.680952
vt 0.236028 0.680952
vt 0.282125 0.680952
vt 0.337828 0.680952
vt 0.400679 0.680952
vt 0.416828 0.680952
vt 0.433197 0.680952
vt 0.449742 0.680952
vt 0.466421 0.680952
vt 0.483188 0.680952
vt 0.516812 0.680952
vt 0.533579 0.680952
vt 0.550258 0.680952
vt 0.566803 0.680952
vt 0.583172 0.680952
vt 0.599321 0.680952
vt 0.662172 0.680952
vt 0.717875 0.680952
vt 0.763972 0.680952
vt 0.798432 0.680952
vt 0.819909 0.680952
vt 0.837090 0.680952
vt 0.873436 0.680952
vt 0.933807 0.680952
vt 0.931684 0.680952
vt 0.855456 0.680952
vt 0.778489 0.680952
vt 0.733602 0.680952
vt 0.625115 0.680952
vt 0.379172 0.714286
vt 0.500000 0.714286
vt 0.274003 0.714286
vt 0.227901 0.714286
vt 0.144796 0.714286
vt 0.059327 0.714286
vt 0.063994 0.714286
vt 0.131229 0.714286
vt 0.187707 0.714286
vt 0.172785 0.714286
vt 0.200384 0.714286
vt 0.220174 0.714286
vt 0.247149 0.714286
vt 0.280625 0.714286
vt 0.319743 0.714286
vt 0.346873 0.714286
vt 0.375572 0.714286
vt 0.405546 0.714286
vt 0.436488 0.714286
vt 0.468080 0.714286
vt 0.531920 0.714286
vt 0.563512 0.714286
vt 0.594454 0.714286
vt 0.624428 0.714286
vt 0.653127 0.714286
vt 0.680257 0.714286
vt 0.719375 0.714286
vt 0.752851 0.714286
vt 0.779826 0.714286
vt 0.799616 0.714286
vt 0.812293 0.714286
vt 0.868771 0.714286
vt 0.827215 0.714286
vt 0.936006 0.714286
vt 0.940673 0.714286
vt 0.855204 0.714286
vt 0.772098 0.714286
vt 0.725997 0.714286
vt 0.620828 0.714286
vt 0.383147 0.745238
vt 0.500000 0.745238
vt 0.281343 0.745238
vt 0.236103 0.745238
vt 0.153641 0.745238
vt 0.068648 0.745238
vt 0.073785 0.745238
vt 0.141425 0.745238
vt 0.196196 0.745238
vt 0.183152 0.745238
vt 0.205204 0.745238
vt 0.218339 0.745238
vt 0.236338 0.745238
vt 0.258936 0.745238
vt 0.285738 0.745238
vt 0.315658 0.745238
vt 0.348671 0.745238
vt 0.384224 0.745238
vt 0.421720 0.745238
vt 0.460529 0.745238
vt 0.539471 0.745238
vt 0.578280 0.745238
vt 0.615776 0.745238
vt 0.651329 0.745238
vt 0.684342 0.745238
vt 0.714262 0.745238
vt 0.741064 0.745238
vt 0.763662 0.745238
vt 0.781661 0.745238
vt 0.794796 0.745238
vt 0.803804 0.745238
vt 0.858575 0.745238
vt 0.816848 0.745238
vt 0.926215 0.745238
vt 0.931352 0.745238
vt 0.846359 0.745238
vt 0.763897 0.745238
vt 0.718657 0.745238
vt 0.616853 0.745238
vt 0.387275 0.776190
vt 0.500000 0.776190
vt 0.289118 0.776190
vt 0.245832 0.776190
vt 0.167418 0.776190
vt 0.086696 0.776190
vt 0.091313 0.776190
vt 0.155143 0.776190
vt 0.194561 0.776190
vt 0.215420 0.776190
vt 0.206871 0.776190
vt 0.227856 0.776190
vt 0.244899 0.776190
vt 0.266306 0.776190
vt 0.291711 0.776190
vt 0.320680 0.776190
vt 0.352718 0.776190
vt 0.387275 0.776190
vt 0.423761 0.776190
vt 0.461552 0.776190
vt 0.538448 0.776190
vt 0.576239 0.776190
vt 0.612725 0.776190
vt 0.647282 0.776190
vt 0.679320 0.776190
vt 0.708289 0.776190
vt 0.733694 0.776190
vt 0.755100 0.776190
vt 0.772143 0.776190
vt 0.784580 0.776190
vt 0.805439 0.776190
vt 0.793129 0.776190
vt 0.844857 0.776190
vt 0.908687 0.776190
vt 0.913304 0.776190
vt 0.832582 0.776190
vt 0.754168 0.776190
vt 0.710882 0.776190
vt 0.612725 0.776190
vt 0.391969 0.809524
vt 0.500000 0.809524
vt 0.298817 0.809524
vt 0.263662 0.809524
vt 0.208690 0.809524
vt 0.153868 0.809524
vt 0.152275 0.809524
vt 0.188195 0.809524
vt 0.211128 0.809524
vt 0.227288 0.809524
vt 0.219461 0.809524
vt 0.239189 0.809524
vt 0.255522 0.809524
vt 0.276037 0.809524
vt 0.300384 0.809524
vt 0.328147 0.809524
vt 0.358850 0.809524
vt 0.391969 0.809524
vt 0.426936 0.809524
vt 0.463153 0.809524
vt 0.536847 0.809524
vt 0.573064 0.809524
vt 0.608031 0.809524
vt 0.641150 0.809524
vt 0.671853 0.809524
vt 0.699616 0.809524
vt 0.723963 0.809524
vt 0.744478 0.809524
vt 0.760811 0.809524
vt 0.772712 0.809524
vt 0.788872 0.809524
vt 0.780539 0.809524
vt 0.811805 0.809524
vt 0.847725 0.809524
vt 0.846132 0.809524
vt 0.791310 0.809524
vt 0.736338 0.809524
vt 0.701183 0.809524
vt 0.608031 0.809524
vt 0.397917 0.852381
vt 0.500000 0.852381
vt 0.311277 0.852381
vt 0.287597 0.852381
vt 0.266063 0.852381
vt 0.248231 0.852381
vt 0.237656 0.852381
vt 0.233536 0.852381
vt 0.232834 0.852381
vt 0.242331 0.852381
vt 0.235485 0.852381
vt 0.253549 0.852381
vt 0.268982 0.852381
vt 0.288368 0.852381
vt 0.311375 0.852381
vt 0.337609 0.852381
vt 0.366622 0.852381
vt 0.397917 0.852381
vt 0.430958 0.852381
vt 0.465181 0.852381
vt 0.534819 0.852381
vt 0.569042 0.852381
vt 0.602083 0.852381
vt 0.633378 0.852381
vt 0.662391 0.852381
vt 0.688625 0.852381
vt 0.711632 0.852381
vt 0.731018 0.852381
vt 0.746451 0.852381
vt 0.757669 0.852381
vt 0.767166 0.852381
vt 0.764515 0.852381
vt 0.766464 0.852381
vt 0.762344 0.852381
vt 0.751769 0.852381
vt 0.733937 0.852381
vt 0.712403 0.852381
vt 0.688723 0.852381
vt 0.403901 0.900000
vt 0.500000 0.900000
vt 0.322431 0.900000
vt 0.300773 0.900000
vt 0.282524 0.900000
vt 0.267995 0.900000
vt 0.257436 0.900000
vt 0.251028 0.900000
vt 0.248880 0.900000
vt 0.251029 0.900000
vt 0.257437 0.900000
vt 0.267996 0.900000
vt 0.282524 0.900000
vt 0.300773 0.900000
vt 0.322431 0.900000
vt 0.347128 0.900000
vt 0.374440 0.900000
vt 0.403901 0.900000
vt 0.435005 0.900000
vt 0.467222 0.900000
vt 0.532778 0.900000
vt 0.564995 0.900000
vt 0.596099 0.900000
vt 0.625560 0.900000
vt 0.652872 0.900000
vt 0.677569 0.900000
vt 0.699227 0.900000
vt 0.717476 0.900000
vt 0.732004 0.900000
vt 0.742563 0.900000
vt 0.748971 0.900000
vt 0.751120 0.900000
vt 0.748972 0.900000
vt 0.742563 0.900000
vt 0.732005 0.900000
vt 0.717476 0.900000
vt 0.699227 0.900000
vt 0.596099 0.900000
vt 0.416104 0.952381
vt 0.500000 0.952381
vt 0.344980 0.952381
vt 0.326073 0.952381
vt 0.310141 0.952381
vt 0.297457 0.952381
vt 0.288239 0.952381
vt 0.282645 0.952381
vt 0.280769 0.952381
vt 0.366541 0.952381
vt 0.390385 0.952381
vt 0.443259 0.952381
vt 0.471385 0.952381
vt 0.528615 0.952381
vt 0.556741 0.952381
vt 0.583896 0.952381
vt 0.609615 0.952381
vt 0.633459 0.952381
vt 0.655020 0.952381
vt 0.673927 0.952381
vt 0.689859 0.952381
vt 0.702543 0.952381
vt 0.711761 0.952381
vt 0.717355 0.952381
vt 0.719231 0.952381
vt 0.673927 0.952381
vt 0.655020 0.952381
vt 0.050396 0.739293
vt 0.045595 0.734589
vt 0.039371 0.712849
vt 0.047993 0.715384
vt 0.054424 0.734844
vt 0.051734 0.755689
vt 0.041590 0.725064
vt 0.063590 0.752539
vt 0.050482 0.750714
vt 0.045303 0.736316
vt 0.044683 0.729409
vt 0.036840 0.708432
vt 0.065846 0.712766
vt 0.056937 0.759044
vt 0.061997 0.769485
vt 0.056382 0.764373
vt 0.055267 0.752626
vt 0.040083 0.712584
vt 0.043065 0.701637
vt 0.086643 0.765795
vt 0.077299 0.749186
vt 0.080150 0.772416
vt 0.066266 0.776125
vt 0.062880 0.757595
vt 0.049689 0.711189
vt 0.050528 0.730082
vt 0.041120 0.699934
vt 0.037085 0.697304
vt 0.037155 0.696840
vt 0.072432 0.778233
vt 0.075335 0.783071
vt 0.062741 0.770256
vt 0.075983 0.767304
vt 0.078253 0.754005
vt 0.040456 0.689406
vt 0.041534 0.685722
vt 0.044309 0.693491
vt 0.057768 0.686383
vt 0.059930 0.700231
vt 0.126873 0.763617
vt 0.095186 0.785491
vt 0.082765 0.786325
vt 0.095066 0.793975
vt 0.065694 0.698700
vt 0.048413 0.685186
vt 0.047933 0.679098
vt 0.051682 0.676899
vt 0.045991 0.684845
vt 0.110545 0.680082
vt 0.106814 0.797786
vt 0.117166 0.803070
vt 0.116013 0.800740
vt 0.088727 0.789618
vt 0.112180 0.796289
vt 0.076381 0.778025
vt 0.103626 0.777479
vt 0.108967 0.760500
vt 0.092928 0.708481
vt 0.067106 0.718948
vt 0.058571 0.674101
vt 0.061574 0.669261
vt 0.071066 0.668295
vt 0.064614 0.677335
vt 0.143607 0.780677
vt 0.079080 0.671222
vt 0.067562 0.679944
vt 0.077042 0.664971
vt 0.077197 0.661613
vt 0.070434 0.665368
vt 0.108713 0.669732
vt 0.158751 0.802806
vt 0.112570 0.795707
vt 0.164399 0.818828
vt 0.189010 0.828236
vt 0.187479 0.825637
vt 0.173646 0.808091
vt 0.105269 0.787397
vt 0.166216 0.798037
vt 0.162629 0.774762
vt 0.128998 0.684670
vt 0.111524 0.656805
vt 0.111293 0.690470
vt 0.133761 0.702509
vt 0.111952 0.704830
vt 0.131001 0.748419
vt 0.155196 0.752497
vt 0.147384 0.765293
vt 0.168587 0.813924
vt 0.194619 0.824382
vt 0.156101 0.722349
vt 0.147302 0.708497
vt 0.122936 0.673408
vt 0.063440 0.689957
vt 0.121557 0.663346
vt 0.124475 0.654557
vt 0.135031 0.641145
vt 0.140156 0.634359
vt 0.120463 0.642857
vt 0.125680 0.654953
vt 0.140153 0.694908
vt 0.168706 0.776055
vt 0.151087 0.791021
vt 0.184886 0.824489
vt 0.208548 0.834607
vt 0.183991 0.816939
vt 0.163657 0.762212
vt 0.161481 0.735714
vt 0.134225 0.636822
vt 0.112915 0.650015
vt 0.129880 0.641528
vt 0.125912 0.663320
vt 0.129038 0.673389
vt 0.154168 0.722351
vt 0.166014 0.762212
vt 0.173331 0.796584
vt 0.179719 0.810139
vt 0.191875 0.824379
vt 0.204348 0.834607
vt 0.949610 0.740130
vt 0.960537 0.714473
vt 0.953455 0.738001
vt 0.955989 0.713842
vt 0.946158 0.731269
vt 0.947566 0.756864
vt 0.942718 0.759274
vt 0.952625 0.743258
vt 0.958442 0.725196
vt 0.936728 0.751405
vt 0.956521 0.726185
vt 0.949037 0.751769
vt 0.962704 0.710083
vt 0.935832 0.714515
vt 0.953278 0.704449
vt 0.938166 0.772129
vt 0.937726 0.769731
vt 0.943978 0.761139
vt 0.943617 0.750890
vt 0.957735 0.715679
vt 0.963110 0.702228
vt 0.913357 0.765795
vt 0.922817 0.749278
vt 0.919626 0.772346
vt 0.927302 0.778419
vt 0.937421 0.764885
vt 0.933248 0.774794
vt 0.934766 0.755194
vt 0.955686 0.704547
vt 0.961865 0.699942
vt 0.940409 0.698544
vt 0.958775 0.693236
vt 0.894684 0.702834
vt 0.922638 0.784726
vt 0.907268 0.790165
vt 0.923409 0.759517
vt 0.924460 0.772636
vt 0.947145 0.715173
vt 0.962991 0.695381
vt 0.958385 0.692480
vt 0.959524 0.686583
vt 0.941511 0.686827
vt 0.953918 0.684909
vt 0.878341 0.752195
vt 0.900800 0.787167
vt 0.908996 0.791808
vt 0.894020 0.798106
vt 0.912509 0.786132
vt 0.929158 0.702606
vt 0.899157 0.761230
vt 0.941690 0.692343
vt 0.951587 0.685186
vt 0.948574 0.676608
vt 0.938582 0.675922
vt 0.889091 0.798447
vt 0.885655 0.802016
vt 0.890959 0.780066
vt 0.890881 0.789762
vt 0.952067 0.679098
vt 0.941430 0.674101
vt 0.938426 0.669261
vt 0.931825 0.667717
vt 0.883462 0.683682
vt 0.866553 0.785722
vt 0.845706 0.809245
vt 0.871158 0.806448
vt 0.836914 0.818851
vt 0.877328 0.798503
vt 0.920920 0.671222
vt 0.932438 0.679944
vt 0.922958 0.664971
vt 0.922803 0.661613
vt 0.893862 0.675038
vt 0.889394 0.665780
vt 0.868826 0.703785
vt 0.855695 0.754961
vt 0.866825 0.772663
vt 0.821189 0.822559
vt 0.913748 0.685606
vt 0.871001 0.684651
vt 0.885649 0.652210
vt 0.881397 0.645485
vt 0.886831 0.657840
vt 0.843223 0.773856
vt 0.811023 0.827597
vt 0.809166 0.828935
vt 0.796634 0.830206
vt 0.805383 0.824380
vt 0.904110 0.709307
vt 0.836260 0.749077
vt 0.852657 0.708566
vt 0.877064 0.673408
vt 0.878443 0.663346
vt 0.875525 0.654557
vt 0.864969 0.641145
vt 0.877603 0.641901
vt 0.859844 0.634359
vt 0.873988 0.663870
vt 0.836788 0.749040
vt 0.825773 0.797755
vt 0.831289 0.777186
vt 0.826834 0.813656
vt 0.842247 0.801342
vt 0.788975 0.837219
vt 0.789126 0.838095
vt 0.791452 0.834607
vt 0.826255 0.808109
vt 0.816009 0.816939
vt 0.833736 0.798040
vt 0.837188 0.786905
vt 0.837363 0.774894
vt 0.836343 0.762212
vt 0.843909 0.722351
vt 0.838519 0.735714
vt 0.862646 0.634209
vt 0.860574 0.633333
vt 0.865775 0.636822
vt 0.869372 0.641127
vt 0.874728 0.653418
vt 0.859860 0.695019
vt 0.870962 0.673389
vt 0.852055 0.709216
vt 0.845832 0.722351
vt 0.820281 0.810139
vt 0.808125 0.824379
vt 0.795652 0.834607
vt 0.162786 0.786882
vt 0.129622 0.647236
vt 0.138663 0.636906
vt 0.210874 0.838095
vt 0.211025 0.837219
vt 0.203027 0.830302
vt 0.163739 0.749078
vt 0.139426 0.633333
vt 0.137354 0.634209
vt 0.147945 0.709216
vt 0.159238 0.735714
vt 0.163066 0.749078
vt 0.198629 0.830302
vt 0.208536 0.837219
vt 0.916434 0.659563
vt 0.870378 0.647236
vt 0.861337 0.636906
vt 0.840762 0.735714
vt 0.833986 0.762212
vt 0.801371 0.830302
vt 0.791464 0.837219
vt 0.499111 0.022619
vt 0.499289 0.022619
vt 0.499467 0.022619
vt 0.499645 0.022619
vt 0.499822 0.022619
vt 0.500178 0.022619
vt 0.500355 0.022619
vt 0.500533 0.022619
vt 0.500711 0.022619
vt 0.500889 0.022619
s 1
usemtl Paint_Primary_White
f 3/4/3 29/5/29 2/1/2
f 4/6/4 30/7/30 3/4/3
f 5/8/5 31/9/31 4/6/4
f 6/10/6 32/11/32 5/8/5
f 7/12/7 33/13/33 6/10/6
f 8/14/8 34/15/34 7/12/7
f 9/16/9 35/17/35 8/14/8
f 9/16/9 37/18/37 36/19/36
f 10/20/10 38/21/38 37/18/37
f 11/22/11 39/23/39 38/21/38
f 12/24/12 40/25/40 39/23/39
f 13/26/13 41/27/41 40/25/40
f 14/28/14 42/29/42 41/27/41
f 16/30/16 44/31/44 15/32/15
f 17/33/17 45/34/45 16/30/16
f 18/35/18 46/36/46 17/33/17
f 19/37/19 47/38/47 18/35/18
f 20/39/20 48/40/48 19/37/19
f 20/39/20 50/41/50 49/42/49
f 21/43/21 51/44/51 50/41/50
f 22/45/22 52/46/52 51/44/51
f 23/47/23 53/48/53 52/46/52
f 24/49/24 54/50/54 53/48/53
f 25/51/25 55/52/55 54/50/54
f 26/53/26 56/54/56 55/52/55
f 30/7/30 58/57/58 29/5/29
f 31/9/31 59/58/59 30/7/30
f 32/11/32 60/59/60 31/9/31
f 33/13/33 61/60/61 32/11/32
f 34/15/34 62/61/62 33/13/33
f 35/17/35 63/62/63 34/15/34
f 36/19/36 64/63/64 35/17/35
f 36/19/36 66/64/66 65/65/65
f 37/18/37 67/66/67 66/64/66
f 38/21/38 68/67/68 67/66/67
f 39/23/39 69/68/69 68/67/68
f 40/25/40 70/69/70 69/68/69
f 41/27/41 71/70/71 70/69/70
f 44/31/44 72/71/72 43/72/43
f 45/34/45 73/73/73 44/31/44
f 46/36/46 74/74/74 45/34/45
f 47/38/47 75/75/75 46/36/46
f 48/40/48 76/76/76 47/38/47
f 49/42/49 77/77/77 48/40/48
f 49/42/49 79/78/79 78/79/78
f 50/41/50 80/80/80 79/78/79
f 51/44/51 81/81/81 80/80/80
f 52/46/52 82/82/82 81/81/81
f 53/48/53 83/83/83 82/82/82
f 54/50/54 84/84/84 83/83/83
f 55/52/55 85/85/85 84/84/84
f 59/58/59 87/87/87 58/57/58
f 60/59/60 88/88/88 59/58/59
f 61/60/61 89/89/89 60/59/60
f 62/61/62 90/90/90 61/60/61
f 63/62/63 91/91/91 62/61/62
f 64/63/64 92/92/92 63/62/63
f 65/65/65 93/93/93 64/63/64
f 65/65/65 95/94/95 94/95/94
f 66/64/66 96/96/96 95/94/95
f 67/66/67 97/97/97 96/96/96
f 68/67/68 98/98/98 97/97/97
f 69/68/69 99/99/99 98/98/98
f 70/69/70 100/100/100 99/99/99
f 73/73/73 112/101/102 72/71/72
f 74/74/74 113/102/103 73/73/73
f 75/75/75 114/103/104 74/74/74
f 76/76/76 115/104/105 75/75/75
f 77/77/77 116/105/106 76/76/76
f 78/79/78 117/106/107 77/77/77
f 78/79/78 119/107/109 118/108/108
f 79/78/79 120/109/110 119/107/109
f 80/80/80 121/110/111 120/109/110
f 81/81/81 122/111/112 121/110/111
f 82/82/82 123/112/113 122/111/112
f 83/83/83 124/113/114 123/112/113
f 84/84/84 125/114/115 124/113/114
f 88/88/88 127/116/117 87/87/87
f 89/89/89 128/117/118 88/88/88
f 90/90/90 129/118/119 89/89/89
f 91/91/91 130/119/120 90/90/90
f 92/92/92 131/120/121 91/91/91
f 93/93/93 132/121/122 92/92/92
f 94/95/94 133/122/123 93/93/93
f 94/95/94 135/123/125 134/124/124
f 95/94/95 136/125/126 135/123/125
f 96/96/96 137/126/127 136/125/126
f 97/97/97 138/127/128 137/126/127
f 98/98/98 139/128/129 138/127/128
f 99/99/99 140/129/130 139/128/129
f 113/102/103 152/130/142 112/101/102
f 114/103/104 153/131/143 113/102/103
f 115/104/105 154/132/144 114/103/104
f 116/105/106 155/133/145 115/104/105
f 117/106/107 156/134/146 116/105/106
f 118/108/108 157/135/147 117/106/107
f 118/108/108 159/136/149 158/137/148
f 119/107/109 160/138/150 159/136/149
f 120/109/110 161/139/151 160/138/150
f 121/110/111 162/140/152 161/139/151
f 122/111/112 163/141/153 162/140/152
f 123/112/113 164/142/154 163/141/153
f 124/113/114 165/143/155 164/142/154
f 128/117/118 167/145/157 127/116/117
f 129/118/119 168/146/158 128/117/118
f 130/119/120 169/147/159 129/118/119
f 131/120/121 170/148/160 130/119/120
f 132/121/122 171/149/161 131/120/121
f 133/122/123 172/150/162 132/121/122
f 134/124/124 173/151/163 133/122/123
f 135/123/125 174/152/164 134/124/124
f 135/123/125 176/153/166 175/154/165
f 136/125/126 177/155/167 176/153/166
f 137/126/127 178/156/168 177/155/167
f 138/127/128 179/157/169 178/156/168
f 139/128/129 180/158/170 179/157/169
f 153/131/143 192/179/182 152/130/142
f 154/132/144 193/180/183 153/131/143
f 155/133/145 194/181/184 154/132/144
f 156/134/146 195/182/185 155/133/145
f 157/135/147 196/183/186 156/134/146
f 157/135/147 198/184/188 197/185/187
f 158/137/148 199/186/189 198/184/188
f 159/136/149 200/187/190 199/186/189
f 160/138/150 201/188/191 200/187/190
f 161/139/151 202/189/192 201/188/191
f 162/140/152 203/190/193 202/189/192
f 163/141/153 204/191/194 203/190/193
f 164/142/154 205/192/195 204/191/194
f 168/146/158 207/194/197 167/145/157
f 169/147/159 208/195/198 168/146/158
f 170/148/160 209/196/199 169/147/159
f 171/149/161 210/197/200 170/148/160
f 172/150/162 211/198/201 171/149/161
f 173/151/163 212/199/202 172/150/162
f 174/152/164 213/200/203 173/151/163
f 175/154/165 214/201/204 174/152/164
f 175/154/165 216/202/206 215/203/205
f 176/153/166 217/204/207 216/202/206
f 177/155/167 218/205/208 217/204/207
f 178/156/168 219/206/209 218/205/208
f 179/157/169 220/207/210 219/206/209
f 193/180/183 232/218/222 192/179/182
f 194/181/184 233/219/223 193/180/183
f 195/182/185 234/220/224 194/181/184
f 196/183/186 235/221/225 195/182/185
f 197/185/187 236/222/226 196/183/186
f 197/185/187 238/223/228 237/224/227
f 198/184/188 239/225/229 238/223/228
f 199/186/189 240/226/230 239/225/229
f 200/187/190 241/227/231 240/226/230
f 201/188/191 242/228/232 241/227/231
f 202/189/192 243/229/233 242/228/232
f 203/190/193 244/230/234 243/229/233
f 204/191/194 245/231/235 244/230/234
f 208/195/198 247/233/237 207/194/197
f 209/196/199 248/234/238 208/195/198
f 210/197/200 249/235/239 209/196/199
f 211/198/201 250/236/240 210/197/200
f 212/199/202 251/237/241 211/198/201
f 213/200/203 252/238/242 212/199/202
f 214/201/204 253/239/243 213/200/203
f 215/203/205 254/240/244 214/201/204
f 215/203/205 256/241/246 255/242/245
f 216/202/206 257/243/247 256/241/246
f 217/204/207 258/244/248 257/243/247
f 218/205/208 259/245/249 258/244/248
f 219/206/209 260/246/250 259/245/249
f 233/219/223 272/257/262 232/218/222
f 234/220/224 273/258/263 233/219/223
f 235/221/225 274/259/264 234/220/224
f 236/222/226 275/260/265 235/221/225
f 237/224/227 276/261/266 236/222/226
f 237/224/227 278/262/268 277/263/267
f 238/223/228 279/264/269 278/262/268
f 239/225/229 280/265/270 279/264/269
f 240/226/230 281/266/271 280/265/270
f 241/227/231 282/267/272 281/266/271
f 242/228/232 283/268/273 282/267/272
f 243/229/233 284/269/274 283/268/273
f 244/230/234 285/270/275 284/269/274
f 248/234/238 287/272/277 247/233/237
f 249/235/239 288/273/278 248/234/238
f 250/236/240 289/274/279 249/235/239
f 251/237/241 290/275/280 250/236/240
f 252/238/242 291/276/281 251/237/241
f 253/239/243 292/277/282 252/238/242
f 254/240/244 293/278/283 253/239/243
f 255/242/245 294/279/284 254/240/244
f 256/241/246 295/280/285 255/242/245
f 256/241/246 297/281/287 296/282/286
f 257/243/247 298/283/288 297/281/287
f 258/244/248 299/284/289 298/283/288
f 259/245/249 300/285/290 299/284/289
f 273/258/263 312/296/302 272/257/262
f 274/259/264 313/297/303 273/258/263
f 275/260/265 314/298/304 274/259/264
f 276/261/266 315/299/305 275/260/265
f 276/261/266 317/300/307 316/301/306
f 277/263/267 318/302/308 317/300/307
f 278/262/268 319/303/309 318/302/308
f 279/264/269 320/304/310 319/303/309
f 280/265/270 321/305/311 320/304/310
f 281/266/271 322/306/312 321/305/311
f 282/267/272 323/307/313 322/306/312
f 283/268/273 324/308/314 323/307/313
f 284/269/274 325/309/315 324/308/314
f 288/273/278 327/311/317 287/272/277
f 289/274/279 328/312/318 288/273/278
f 290/275/280 329/313/319 289/274/279
f 291/276/281 330/314/320 290/275/280
f 292/277/282 331/315/321 291/276/281
f 293/278/283 332/316/322 292/277/282
f 294/279/284 333/317/323 293/278/283
f 295/280/285 334/318/324 294/279/284
f 296/282/286 335/319/325 295/280/285
f 297/281/287 336/320/326 296/282/286
f 298/283/288 337/321/327 297/281/287
f 299/284/289 338/322/328 298/283/288
f 300/285/290 339/323/329 299/284/289
f 312/296/302 353/336/343 352/335/342
f 313/297/303 354/337/344 353/336/343
f 314/298/304 355/338/345 354/337/344
f 315/299/305 356/339/346 355/338/345
f 316/301/306 357/340/347 356/339/346
f 317/300/307 358/341/348 357/340/347
f 318/302/308 359/342/349 358/341/348
f 319/303/309 360/343/350 359/342/349
f 320/304/310 361/344/351 360/343/350
f 321/305/311 362/345/352 361/344/351
f 322/306/312 363/346/353 362/345/352
f 323/307/313 364/347/354 363/346/353
f 324/308/314 365/348/355 364/347/354
f 328/312/318 367/350/357 327/311/317
f 329/313/319 368/351/358 328/312/318
f 330/314/320 369/352/359 329/313/319
f 331/315/321 370/353/360 330/314/320
f 332/316/322 371/354/361 331/315/321
f 333/317/323 372/355/362 332/316/322
f 334/318/324 373/356/363 333/317/323
f 335/319/325 374/357/364 334/318/324
f 336/320/326 375/358/365 335/319/325
f 337/321/327 376/359/366 336/320/326
f 337/321/327 378/360/368 377/361/367
f 338/322/328 379/362/369 378/360/368
f 339/323/329 380/363/370 379/362/369
f 353/336/343 392/374/382 352/335/342
f 354/337/344 393/375/383 353/336/343
f 355/338/345 394/376/384 354/337/344
f 355/338/345 396/377/386 395/378/385
f 356/339/346 397/379/387 396/377/386
f 357/340/347 398/380/388 397/379/387
f 358/341/348 399/381/389 398/380/388
f 359/342/349 400/382/390 399/381/389
f 360/343/350 401/383/391 400/382/390
f 361/344/351 402/384/392 401/383/391
f 362/345/352 403/385/393 402/384/392
f 363/346/353 404/386/394 403/385/393
f 364/347/354 405/387/395 404/386/394
f 368/351/358 407/389/397 367/350/357
f 369/352/359 408/390/398 368/351/358
f 370/353/360 409/391/399 369/352/359
f 371/354/361 410/392/400 370/353/360
f 372/355/362 411/393/401 371/354/361
f 373/356/363 412/394/402 372/355/362
f 374/357/364 413/395/403 373/356/363
f 375/358/365 414/396/404 374/357/364
f 376/359/366 415/397/405 375/358/365
f 377/361/367 416/398/406 376/359/366
f 378/360/368 417/399/407 377/361/367
f 378/360/368 419/400/409 418/401/408
f 379/362/369 420/402/410 419/400/409
f 393/375/383 432/413/422 392/374/382
f 394/376/384 433/414/423 393/375/383
f 394/376/384 435/415/425 434/416/424
f 395/378/385 436/417/426 435/415/425
f 396/377/386 437/418/427 436/417/426
f 397/379/387 438/419/428 437/418/427
f 398/380/388 439/420/429 438/419/428
f 399/381/389 440/421/430 439/420/429
f 400/382/390 441/422/431 440/421/430
f 401/383/391 442/423/432 441/422/431
f 402/384/392 443/424/433 442/423/432
f 403/385/393 444/425/434 443/424/433
f 404/386/394 445/426/435 444/425/434
f 408/390/398 447/428/437 407/389/397
f 409/391/399 448/429/438 408/390/398
f 410/392/400 449/430/439 409/391/399
f 411/393/401 450/431/440 410/392/400
f 412/394/402 451/432/441 411/393/401
f 413/395/403 452/433/442 412/394/402
f 414/396/404 453/434/443 413/395/403
f 415/397/405 454/435/444 414/396/404
f 416/398/406 455/434/445 415/397/405
f 417/399/407 456/433/446 416/398/406
f 418/401/408 457/432/447 417/399/407
f 419/400/409 458/431/448 418/401/408
f 419/400/409 460/429/450 459/430/449
f 433/414/423 472/445/462 432/413/422
f 433/414/423 474/446/464 473/447/463
f 434/416/424 475/448/465 474/446/464
f 435/415/425 476/449/466 475/448/465
f 436/417/426 477/450/467 476/449/466
f 437/418/427 478/451/468 477/450/467
f 438/419/428 479/450/469 478/451/468
f 439/420/429 480/449/470 479/450/469
f 440/421/430 481/448/471 480/449/470
f 441/422/431 482/446/472 481/448/471
f 442/423/432 483/447/473 482/446/472
f 443/424/433 484/445/474 483/447/473
f 444/425/434 485/442/475 484/445/474
f 448/429/438 487/453/477 447/428/437
f 449/430/439 488/454/478 448/429/438
f 450/431/440 489/455/479 449/430/439
f 451/432/441 490/456/480 450/431/440
f 452/433/442 491/457/481 451/432/441
f 453/434/443 492/458/482 452/433/442
f 454/435/444 493/459/483 453/434/443
f 455/434/445 494/460/484 454/435/444
f 456/433/446 495/459/485 455/434/445
f 457/432/447 496/458/486 456/433/446
f 458/431/448 497/457/487 457/432/447
f 459/430/449 498/456/488 458/431/448
f 460/429/450 499/455/489 459/430/449
f 472/445/462 513/471/503 512/470/502
f 473/447/463 514/472/504 513/471/503
f 474/446/464 515/473/505 514/472/504
f 475/448/465 516/474/506 515/473/505
f 476/449/466 517/475/507 516/474/506
f 477/450/467 518/476/508 517/475/507
f 478/451/468 519/475/509 518/476/508
f 479/450/469 520/474/510 519/475/509
f 480/449/470 521/473/511 520/474/510
f 481/448/471 522/472/512 521/473/511
f 482/446/472 523/471/513 522/472/512
f 483/447/473 524/470/514 523/471/513
f 484/445/474 525/467/515 524/470/514
f 488/454/478 527/478/517 487/453/477
f 489/455/479 528/479/518 488/454/478
f 490/456/480 529/480/519 489/455/479
f 491/457/481 530/481/520 490/456/480
f 492/458/482 531/482/521 491/457/481
f 493/459/483 532/483/522 492/458/482
f 494/460/484 533/484/523 493/459/483
f 495/459/485 534/485/524 494/460/484
f 496/458/486 535/484/525 495/459/485
f 497/457/487 536/483/526 496/458/486
f 498/456/488 537/482/527 497/457/487
f 499/455/489 538/481/528 498/456/488
f 500/454/490 539/480/529 499/455/489
f 512/470/502 553/496/543 552/495/542
f 513/471/503 554/497/544 553/496/543
f 514/472/504 555/498/545 554/497/544
f 515/473/505 556/499/546 555/498/545
f 516/474/506 557/500/547 556/499/546
f 517/475/507 558/501/548 557/500/547
f 518/476/508 559/500/549 558/501/548
f 519/475/509 560/499/550 559/500/549
f 520/474/510 561/498/551 560/499/550
f 521/473/511 562/497/552 561/498/551
f 522/472/512 563/496/553 562/497/552
f 523/471/513 564/495/554 563/496/553
f 524/470/514 565/492/555 564/495/554
f 528/479/518 567/503/557 527/478/517
f 529/480/519 568/504/558 528/479/518
f 530/481/520 569/505/559 529/480/519
f 531/482/521 570/506/560 530/481/520
f 532/483/522 571/507/561 531/482/521
f 533/484/523 572/508/562 532/483/522
f 534/485/524 573/509/563 533/484/523
f 535/484/525 574/510/564 534/485/524
f 536/483/526 575/509/565 535/484/525
f 537/482/527 576/508/566 536/483/526
f 538/481/528 577/507/567 537/482/527
f 539/480/529 578/506/568 538/481/528
f 540/479/530 579/505/569 539/480/529
f 552/495/542 593/521/583 592/520/582
f 553/496/543 594/522/584 593/521/583
f 554/497/544 595/523/585 594/522/584
f 555/498/545 596/524/586 595/523/585
f 556/499/546 597/525/587 596/524/586
f 557/500/547 598/526/588 597/525/587
f 558/501/548 599/525/589 598/526/588
f 559/500/549 600/524/590 599/525/589
f 560/499/550 601/523/591 600/524/590
f 561/498/551 602/522/592 601/523/591
f 562/497/552 603/521/593 602/522/592
f 563/496/553 604/520/594 603/521/593
f 564/495/554 605/517/595 604/520/594
f 568/504/558 607/528/597 567/503/557
f 569/505/559 608/529/598 568/504/558
f 570/506/560 609/530/599 569/505/559
f 571/507/561 610/531/600 570/506/560
f 572/508/562 611/532/601 571/507/561
f 573/509/563 612/533/602 572/508/562
f 574/510/564 613/534/603 573/509/563
f 575/509/565 614/535/604 574/510/564
f 576/508/566 615/536/605 575/509/565
f 577/507/567 616/537/606 576/508/566
f 578/506/568 617/538/607 577/507/567
f 579/505/569 618/539/608 578/506/568
f 580/504/570 619/540/609 579/505/569
f 592/520/582 633/553/623 632/552/622
f 593/521/583 634/554/624 633/553/623
f 594/522/584 635/555/625 634/554/624
f 595/523/585 636/556/626 635/555/625
f 596/524/586 637/557/627 636/556/626
f 597/525/587 638/558/628 637/557/627
f 598/526/588 639/559/629 638/558/628
f 599/525/589 640/560/630 639/559/629
f 600/524/590 641/561/631 640/560/630
f 601/523/591 642/562/632 641/561/631
f 602/522/592 643/563/633 642/562/632
f 603/521/593 644/564/634 643/563/633
f 604/520/594 645/565/635 644/564/634
f 608/529/598 647/567/637 607/528/597
f 609/530/599 648/568/638 608/529/598
f 610/531/600 649/569/639 609/530/599
f 611/532/601 650/570/640 610/531/600
f 612/533/602 651/571/641 611/532/601
f 613/534/603 652/572/642 612/533/602
f 614/535/604 653/573/643 613/534/603
f 615/536/605 654/574/644 614/535/604
f 616/537/606 655/575/645 615/536/605
f 617/538/607 656/576/646 616/537/606
f 618/539/608 657/577/647 617/538/607
f 619/540/609 658/578/648 618/539/608
f 620/541/610 659/579/649 619/540/609
f 632/552/622 673/592/663 672/591/662
f 633/553/623 674/593/664 673/592/663
f 634/554/624 675/594/665 674/593/664
f 635/555/625 676/595/666 675/594/665
f 636/556/626 677/596/667 676/595/666
f 637/557/627 678/597/668 677/596/667
f 638/558/628 679/598/669 678/597/668
f 639/559/629 680/599/670 679/598/669
f 640/560/630 681/600/671 680/599/670
f 641/561/631 682/601/672 681/600/671
f 642/562/632 683/602/673 682/601/672
f 643/563/633 684/603/674 683/602/673
f 644/564/634 685/604/675 684/603/674
f 648/568/638 687/605/677 647/567/637
f 649/569/639 688/607/678 648/568/638
f 650/570/640 689/608/679 649/569/639
f 651/571/641 690/609/680 650/570/640
f 652/572/642 691/610/681 651/571/641
f 653/573/643 692/611/682 652/572/642
f 654/574/644 693/612/683 653/573/643
f 655/575/645 694/613/684 654/574/644
f 656/576/646 695/614/685 655/575/645
f 657/577/647 696/615/686 656/576/646
f 658/578/648 697/616/687 657/577/647
f 659/579/649 698/617/688 658/578/648
f 660/580/650 699/618/689 659/579/649
f 672/591/662 713/631/703 712/630/702
f 673/592/663 714/632/704 713/631/703
f 674/593/664 715/633/705 714/632/704
f 675/594/665 716/634/706 715/633/705
f 676/595/666 717/635/707 716/634/706
f 677/596/667 718/636/708 717/635/707
f 678/597/668 719/637/709 718/636/708
f 679/598/669 720/638/710 719/637/709
f 680/599/670 721/639/711 720/638/710
f 681/600/671 722/640/712 721/639/711
f 682/601/672 723/641/713 722/640/712
f 683/602/673 724/642/714 723/641/713
f 684/603/674 725/643/715 724/642/714
f 687/605/677 728/646/718 727/644/717
f 689/608/679 728/646/718 688/607/678
f 690/609/680 729/647/719 689/608/679
f 691/610/681 730/648/720 690/609/680
f 692/611/682 731/649/721 691/610/681
f 692/611/682 733/650/723 732/651/722
f 693/612/683 734/652/724 733/650/723
f 694/613/684 735/653/725 734/652/724
f 695/614/685 736/654/726 735/653/725
f 696/615/686 737/655/727 736/654/726
f 697/616/687 738/656/728 737/655/727
f 698/617/688 739/657/729 738/656/728
f 699/618/689 740/658/730 739/657/729
f 700/619/690 741/659/731 740/658/730
f 701/620/691 742/660/732 741/659/731
f 702/621/692 743/661/733 742/660/732
f 703/622/693 744/662/734 743/661/733
f 704/623/694 745/663/735 744/662/734
f 705/624/695 746/645/736 745/663/735
f 707/625/697 746/645/736 706/606/696
f 708/626/698 747/664/737 707/625/697
f 709/627/699 748/665/738 708/626/698
f 710/628/700 749/666/739 709/627/699
f 711/629/701 750/667/740 710/628/700
f 712/630/702 751/668/741 711/629/701
f 713/631/703 752/669/742 712/630/702
f 714/632/704 753/670/743 713/631/703
f 715/633/705 754/671/744 714/632/704
f 716/634/706 755/672/745 715/633/705
f 717/635/707 756/673/746 716/634/706
f 718/636/708 757/674/747 717/635/707
f 719/637/709 758/675/748 718/636/708
f 720/638/710 759/676/749 719/637/709
f 720/638/710 761/677/751 760/678/750
f 721/639/711 762/679/752 761/677/751
f 722/640/712 763/680/753 762/679/752
f 723/641/713 764/681/754 763/680/753
f 725/643/715 764/681/754 724/642/714
f 727/644/717 768/685/758 767/683/757
f 728/646/718 769/686/759 768/685/758
f 729/647/719 770/687/760 769/686/759
f 731/649/721 770/687/760 730/648/720
f 732/651/722 771/688/761 731/649/721
f 733/650/723 772/689/762 732/651/722
f 734/652/724 773/690/763 733/650/723
f 734/652/724 775/691/765 774/692/764
f 735/653/725 776/693/766 775/691/765
f 736/654/726 777/694/767 776/693/766
f 737/655/727 778/695/768 777/694/767
f 738/656/728 779/696/769 778/695/768
f 739/657/729 780/697/770 779/696/769
f 740/658/730 781/698/771 780/697/770
f 741/659/731 782/699/772 781/698/771
f 742/660/732 783/700/773 782/699/772
f 743/661/733 784/701/774 783/700/773
f 744/662/734 785/702/775 784/701/774
f 745/663/735 786/684/776 785/702/775
f 747/664/737 786/684/776 746/645/736
f 748/665/738 787/703/777 747/664/737
f 749/666/739 788/704/778 748/665/738
f 750/667/740 789/705/779 749/666/739
f 751/668/741 790/706/780 750/667/740
f 752/669/742 791/707/781 751/668/741
f 753/670/743 792/708/782 752/669/742
f 754/671/744 793/709/783 753/670/743
f 755/672/745 794/710/784 754/671/744
f 756/673/746 795/711/785 755/672/745
f 757/674/747 796/712/786 756/673/746
f 758/675/748 797/713/787 757/674/747
f 758/675/748 799/714/789 798/715/788
f 759/676/749 800/716/790 799/714/789
f 760/678/750 801/717/791 800/716/790
f 761/677/751 802/718/792 801/717/791
f 763/680/753 802/718/792 762/679/752
f 764/681/754 803/719/793 763/680/753
f 765/682/755 804/720/794 764/681/754
f 767/683/757 808/724/798 807/722/797
f 768/685/758 809/725/799 808/724/798
f 769/686/759 810/726/800 809/725/799
f 770/687/760 811/727/801 810/726/800
f 772/689/762 811/727/801 771/688/761
f 773/690/763 812/728/802 772/689/762
f 774/692/764 813/729/803 773/690/763
f 774/692/764 815/730/805 814/731/804
f 775/691/765 816/732/806 815/730/805
f 776/693/766 817/733/807 816/732/806
f 777/694/767 818/734/808 817/733/807
f 778/695/768 819/735/809 818/734/808
f 779/696/769 820/736/810 819/735/809
f 780/697/770 821/737/811 820/736/810
f 781/698/771 822/738/812 821/737/811
f 782/699/772 823/739/813 822/738/812
f 783/700/773 824/740/814 823/739/813
f 784/701/774 825/741/815 824/740/814
f 785/702/775 826/723/816 825/741/815
f 787/703/777 826/723/816 786/684/776
f 788/704/778 827/742/817 787/703/777
f 789/705/779 828/743/818 788/704/778
f 790/706/780 829/744/819 789/705/779
f 791/707/781 830/745/820 790/706/780
f 792/708/782 831/746/821 791/707/781
f 793/709/783 832/747/822 792/708/782
f 794/710/784 833/748/823 793/709/783
f 795/711/785 834/749/824 794/710/784
f 796/712/786 835/750/825 795/711/785
f 797/713/787 836/751/826 796/712/786
f 798/715/788 837/752/827 797/713/787
f 798/715/788 839/753/829 838/754/828
f 799/714/789 840/755/830 839/753/829
f 800/716/790 841/756/831 840/755/830
f 802/718/792 841/756/831 801/717/791
f 803/719/793 842/757/832 802/718/792
f 804/720/794 843/758/833 803/719/793
f 805/721/795 844/759/834 804/720/794
f 807/722/797 848/763/838 847/761/837
f 808/724/798 849/764/839 848/763/838
f 809/725/799 850/765/840 849/764/839
f 810/726/800 851/766/841 850/765/840
f 812/728/802 851/766/841 811/727/801
f 813/729/803 852/767/842 812/728/802
f 814/731/804 853/768/843 813/729/803
f 815/730/805 854/769/844 814/731/804
f 815/730/805 856/770/846 855/771/845
f 817/733/807 856/770/846 816/732/806
f 818/734/808 857/772/847 817/733/807
f 819/735/809 858/773/848 818/734/808
f 820/736/810 859/774/849 819/735/809
f 821/737/811 860/775/850 820/736/810
f 822/738/812 861/776/851 821/737/811
f 823/739/813 862/777/852 822/738/812
f 824/740/814 863/778/853 823/739/813
f 825/741/815 864/779/854 824/740/814
f 826/723/816 865/780/855 825/741/815
f 826/723/816 867/781/857 866/762/856
f 827/742/817 868/782/858 867/781/857
f 828/743/818 869/783/859 868/782/858
f 829/744/819 870/784/860 869/783/859
f 830/745/820 871/785/861 870/784/860
f 831/746/821 872/786/862 871/785/861
f 832/747/822 873/787/863 872/786/862
f 833/748/823 874/788/864 873/787/863
f 834/749/824 875/789/865 874/788/864
f 835/750/825 876/790/866 875/789/865
f 837/752/827 876/790/866 836/751/826
f 837/752/827 878/791/868 877/792/867
f 838/754/828 879/793/869 878/791/868
f 839/753/829 880/794/870 879/793/869
f 840/755/830 881/795/871 880/794/870
f 842/757/832 881/795/871 841/756/831
f 843/758/833 882/796/872 842/757/832
f 844/759/834 883/797/873 843/758/833
f 845/760/835 884/798/874 844/759/834
f 847/761/837 888/802/878 887/800/877
f 848/763/838 889/803/879 888/802/878
f 849/764/839 890/804/880 889/803/879
f 850/765/840 891/805/881 890/804/880
f 852/767/842 891/805/881 851/766/841
f 853/768/843 892/806/882 852/767/842
f 854/769/844 893/807/883 853/768/843
f 855/771/845 894/808/884 854/769/844
f 855/771/845 896/809/886 895/810/885
f 856/770/846 897/811/887 896/809/886
f 858/773/848 897/811/887 857/772/847
f 859/774/849 898/812/888 858/773/848
f 860/775/850 899/813/889 859/774/849
f 861/776/851 900/814/890 860/775/850
f 862/777/852 901/815/891 861/776/851
f 863/778/853 902/816/892 862/777/852
f 864/779/854 903/817/893 863/778/853
f 865/780/855 904/818/894 864/779/854
f 866/762/856 905/819/895 865/780/855
f 866/762/856 907/820/897 906/801/896
f 867/781/857 908/821/898 907/820/897
f 868/782/858 909/822/899 908/821/898
f 869/783/859 910/823/900 909/822/899
f 870/784/860 911/824/901 910/823/900
f 871/785/861 912/825/902 911/824/901
f 872/786/862 913/826/903 912/825/902
f 873/787/863 914/827/904 913/826/903
f 874/788/864 915/828/905 914/827/904
f 876/790/866 915/828/905 875/789/865
f 877/792/867 916/829/906 876/790/866
f 877/792/867 918/830/908 917/831/907
f 878/791/868 919/832/909 918/830/908
f 879/793/869 920/833/910 919/832/909
f 880/794/870 921/834/911 920/833/910
f 882/796/872 921/834/911 881/795/871
f 883/797/873 922/835/912 882/796/872
f 884/798/874 923/836/913 883/797/873
f 885/799/875 924/837/914 884/798/874
f 3/4/3 30/7/30 29/5/29
f 4/6/4 31/9/31 30/7/30
f 5/8/5 32/11/32 31/9/31
f 6/10/6 33/13/33 32/11/32
f 7/12/7 34/15/34 33/13/33
f 8/14/8 35/17/35 34/15/34
f 9/16/9 36/19/36 35/17/35
f 9/16/9 10/20/10 37/18/37
f 10/20/10 11/22/11 38/21/38
f 11/22/11 12/24/12 39/23/39
f 12/24/12 13/26/13 40/25/40
f 13/26/13 14/28/14 41/27/41
f 15/32/15 44/31/44 43/72/43
f 16/30/16 45/34/45 44/31/44
f 17/33/17 46/36/46 45/34/45
f 18/35/18 47/38/47 46/36/46
f 19/37/19 48/40/48 47/38/47
f 20/39/20 49/42/49 48/40/48
f 20/39/20 21/43/21 50/41/50
f 21/43/21 22/45/22 51/44/51
f 22/45/22 23/47/23 52/46/52
f 23/47/23 24/49/24 53/48/53
f 24/49/24 25/51/25 54/50/54
f 25/51/25 26/53/26 55/52/55
f 26/53/26 27/55/27 56/54/56
f 30/7/30 59/58/59 58/57/58
f 31/9/31 60/59/60 59/58/59
f 32/11/32 61/60/61 60/59/60
f 33/13/33 62/61/62 61/60/61
f 34/15/34 63/62/63 62/61/62
f 35/17/35 64/63/64 63/62/63
f 36/19/36 65/65/65 64/63/64
f 36/19/36 37/18/37 66/64/66
f 37/18/37 38/21/38 67/66/67
f 38/21/38 39/23/39 68/67/68
f 39/23/39 40/25/40 69/68/69
f 40/25/40 41/27/41 70/69/70
f 41/27/41 42/29/42 71/70/71
f 44/31/44 73/73/73 72/71/72
f 45/34/45 74/74/74 73/73/73
f 46/36/46 75/75/75 74/74/74
f 47/38/47 76/76/76 75/75/75
f 48/40/48 77/77/77 76/76/76
f 49/42/49 78/79/78 77/77/77
f 49/42/49 50/41/50 79/78/79
f 50/41/50 51/44/51 80/80/80
f 51/44/51 52/46/52 81/81/81
f 52/46/52 53/48/53 82/82/82
f 53/48/53 54/50/54 83/83/83
f 54/50/54 55/52/55 84/84/84
f 55/52/55 56/54/56 85/85/85
f 59/58/59 88/88/88 87/87/87
f 60/59/60 89/89/89 88/88/88
f 61/60/61 90/90/90 89/89/89
f 62/61/62 91/91/91 90/90/90
f 63/62/63 92/92/92 91/91/91
f 64/63/64 93/93/93 92/92/92
f 65/65/65 94/95/94 93/93/93
f 65/65/65 66/64/66 95/94/95
f 66/64/66 67/66/67 96/96/96
f 67/66/67 68/67/68 97/97/97
f 68/67/68 69/68/69 98/98/98
f 69/68/69 70/69/70 99/99/99
f 70/69/70 71/70/71 100/100/100
f 73/73/73 113/102/103 112/101/102
f 74/74/74 114/103/104 113/102/103
f 75/75/75 115/104/105 114/103/104
f 76/76/76 116/105/106 115/104/105
f 77/77/77 117/106/107 116/105/106
f 78/79/78 118/108/108 117/106/107
f 78/79/78 79/78/79 119/107/109
f 79/78/79 80/80/80 120/109/110
f 80/80/80 81/81/81 121/110/111
f 81/81/81 82/82/82 122/111/112
f 82/82/82 83/83/83 123/112/113
f 83/83/83 84/84/84 124/113/114
f 84/84/84 85/85/85 125/114/115
f 88/88/88 128/117/118 127/116/117
f 89/89/89 129/118/119 128/117/118
f 90/90/90 130/119/120 129/118/119
f 91/91/91 131/120/121 130/119/120
f 92/92/92 132/121/122 131/120/121
f 93/93/93 133/122/123 132/121/122
f 94/95/94 134/124/124 133/122/123
f 94/95/94 95/94/95 135/123/125
f 95/94/95 96/96/96 136/125/126
f 96/96/96 97/97/97 137/126/127
f 97/97/97 98/98/98 138/127/128
f 98/98/98 99/99/99 139/128/129
f 99/99/99 100/100/100 140/129/130
f 113/102/103 153/131/143 152/130/142
f 114/103/104 154/132/144 153/131/143
f 115/104/105 155/133/145 154/132/144
f 116/105/106 156/134/146 155/133/145
f 117/106/107 157/135/147 156/134/146
f 118/108/108 158/137/148 157/135/147
f 118/108/108 119/107/109 159/136/149
f 119/107/109 120/109/110 160/138/150
f 120/109/110 121/110/111 161/139/151
f 121/110/111 122/111/112 162/140/152
f 122/111/112 123/112/113 163/141/153
f 123/112/113 124/113/114 164/142/154
f 124/113/114 125/114/115 165/143/155
f 128/117/118 168/146/158 167/145/157
f 129/118/119 169/147/159 168/146/158
f 130/119/120 170/148/160 169/147/159
f 131/120/121 171/149/161 170/148/160
f 132/121/122 172/150/162 171/149/161
f 133/122/123 173/151/163 172/150/162
f 134/124/124 174/152/164 173/151/163
f 135/123/125 175/154/165 174/152/164
f 135/123/125 136/125/126 176/153/166
f 136/125/126 137/126/127 177/155/167
f 137/126/127 138/127/128 178/156/168
f 138/127/128 139/128/129 179/157/169
f 139/128/129 140/129/130 180/158/170
f 153/131/143 193/180/183 192/179/182
f 154/132/144 194/181/184 193/180/183
f 155/133/145 195/182/185 194/181/184
f 156/134/146 196/183/186 195/182/185
f 157/135/147 197/185/187 196/183/186
f 157/135/147 158/137/148 198/184/188
f 158/137/148 159/136/149 199/186/189
f 159/136/149 160/138/150 200/187/190
f 160/138/150 161/139/151 201/188/191
f 161/139/151 162/140/152 202/189/192
f 162/140/152 163/141/153 203/190/193
f 163/141/153 164/142/154 204/191/194
f 164/142/154 165/143/155 205/192/195
f 168/146/158 208/195/198 207/194/197
f 169/147/159 209/196/199 208/195/198
f 170/148/160 210/197/200 209/196/199
f 171/149/161 211/198/201 210/197/200
f 172/150/162 212/199/202 211/198/201
f 173/151/163 213/200/203 212/199/202
f 174/152/164 214/201/204 213/200/203
f 175/154/165 215/203/205 214/201/204
f 175/154/165 176/153/166 216/202/206
f 176/153/166 177/155/167 217/204/207
f 177/155/167 178/156/168 218/205/208
f 178/156/168 179/157/169 219/206/209
f 179/157/169 180/158/170 220/207/210
f 193/180/183 233/219/223 232/218/222
f 194/181/184 234/220/224 233/219/223
f 195/182/185 235/221/225 234/220/224
f 196/183/186 236/222/226 235/221/225
f 197/185/187 237/224/227 236/222/226
f 197/185/187 198/184/188 238/223/228
f 198/184/188 199/186/189 239/225/229
f 199/186/189 200/187/190 240/226/230
f 200/187/190 201/188/191 241/227/231
f 201/188/191 202/189/192 242/228/232
f 202/189/192 203/190/193 243/229/233
f 203/190/193 204/191/194 244/230/234
f 204/191/194 205/192/195 245/231/235
f 208/195/198 248/234/238 247/233/237
f 209/196/199 249/235/239 248/234/238
f 210/197/200 250/236/240 249/235/239
f 211/198/201 251/237/241 250/236/240
f 212/199/202 252/238/242 251/237/241
f 213/200/203 253/239/243 252/238/242
f 214/201/204 254/240/244 253/239/243
f 215/203/205 255/242/245 254/240/244
f 215/203/205 216/202/206 256/241/246
f 216/202/206 217/204/207 257/243/247
f 217/204/207 218/205/208 258/244/248
f 218/205/208 219/206/209 259/245/249
f 219/206/209 220/207/210 260/246/250
f 233/219/223 273/258/263 272/257/262
f 234/220/224 274/259/264 273/258/263
f 235/221/225 275/260/265 274/259/264
f 236/222/226 276/261/266 275/260/265
f 237/224/227 277/263/267 276/261/266
f 237/224/227 238/223/228 278/262/268
f 238/223/228 239/225/229 279/264/269
f 239/225/229 240/226/230 280/265/270
f 240/226/230 241/227/231 281/266/271
f 241/227/231 242/228/232 282/267/272
f 242/228/232 243/229/233 283/268/273
f 243/229/233 244/230/234 284/269/274
f 244/230/234 245/231/235 285/270/275
f 248/234/238 288/273/278 287/272/277
f 249/235/239 289/274/279 288/273/278
f 250/236/240 290/275/280 289/274/279
f 251/237/241 291/276/281 290/275/280
f 252/238/242 292/277/282 291/276/281
f 253/239/243 293/278/283 292/277/282
f 254/240/244 294/279/284 293/278/283
f 255/242/245 295/280/285 294/279/284
f 256/241/246 296/282/286 295/280/285
f 256/241/246 257/243/247 297/281/287
f 257/243/247 258/244/248 298/283/288
f 258/244/248 259/245/249 299/284/289
f 259/245/249 260/246/250 300/285/290
f 273/258/263 313/297/303 312/296/302
f 274/259/264 314/298/304 313/297/303
f 275/260/265 315/299/305 314/298/304
f 276/261/266 316/301/306 315/299/305
f 276/261/266 277/263/267 317/300/307
f 277/263/267 278/262/268 318/302/308
f 278/262/268 279/264/269 319/303/309
f 279/264/269 280/265/270 320/304/310
f 280/265/270 281/266/271 321/305/311
f 281/266/271 282/267/272 322/306/312
f 282/267/272 283/268/273 323/307/313
f 283/268/273 284/269/274 324/308/314
f 284/269/274 285/270/275 325/309/315
f 288/273/278 328/312/318 327/311/317
f 289/274/279 329/313/319 328/312/318
f 290/275/280 330/314/320 329/313/319
f 291/276/281 331/315/321 330/314/320
f 292/277/282 332/316/322 331/315/321
f 293/278/283 333/317/323 332/316/322
f 294/279/284 334/318/324 333/317/323
f 295/280/285 335/319/325 334/318/324
f 296/282/286 336/320/326 335/319/325
f 297/281/287 337/321/327 336/320/326
f 298/283/288 338/322/328 337/321/327
f 299/284/289 339/323/329 338/322/328
f 300/285/290 340/324/330 339/323/329
f 312/296/302 313/297/303 353/336/343
f 313/297/303 314/298/304 354/337/344
f 314/298/304 315/299/305 355/338/345
f 315/299/305 316/301/306 356/339/346
f 316/301/306 317/300/307 357/340/347
f 317/300/307 318/302/308 358/341/348
f 318/302/308 319/303/309 359/342/349
f 319/303/309 320/304/310 360/343/350
f 320/304/310 321/305/311 361/344/351
f 321/305/311 322/306/312 362/345/352
f 322/306/312 323/307/313 363/346/353
f 323/307/313 324/308/314 364/347/354
f 324/308/314 325/309/315 365/348/355
f 328/312/318 368/351/358 367/350/357
f 329/313/319 369/352/359 368/351/358
f 330/314/320 370/353/360 369/352/359
f 331/315/321 371/354/361 370/353/360
f 332/316/322 372/355/362 371/354/361
f 333/317/323 373/356/363 372/355/362
f 334/318/324 374/357/364 373/356/363
f 335/319/325 375/358/365 374/357/364
f 336/320/326 376/359/366 375/358/365
f 337/321/327 377/361/367 376/359/366
f 337/321/327 338/322/328 378/360/368
f 338/322/328 339/323/329 379/362/369
f 339/323/329 340/324/330 380/363/370
f 353/336/343 393/375/383 392/374/382
f 354/337/344 394/376/384 393/375/383
f 355/338/345 395/378/385 394/376/384
f 355/338/345 356/339/346 396/377/386
f 356/339/346 357/340/347 397/379/387
f 357/340/347 358/341/348 398/380/388
f 358/341/348 359/342/349 399/381/389
f 359/342/349 360/343/350 400/382/390
f 360/343/350 361/344/351 401/383/391
f 361/344/351 362/345/352 402/384/392
f 362/345/352 363/346/353 403/385/393
f 363/346/353 364/347/354 404/386/394
f 364/347/354 365/348/355 405/387/395
f 368/351/358 408/390/398 407/389/397
f 369/352/359 409/391/399 408/390/398
f 370/353/360 410/392/400 409/391/399
f 371/354/361 411/393/401 410/392/400
f 372/355/362 412/394/402 411/393/401
f 373/356/363 413/395/403 412/394/402
f 374/357/364 414/396/404 413/395/403
f 375/358/365 415/397/405 414/396/404
f 376/359/366 416/398/406 415/397/405
f 377/361/367 417/399/407 416/398/406
f 378/360/368 418/401/408 417/399/407
f 378/360/368 379/362/369 419/400/409
f 379/362/369 380/363/370 420/402/410
f 393/375/383 433/414/423 432/413/422
f 394/376/384 434/416/424 433/414/423
f 394/376/384 395/378/385 435/415/425
f 395/378/385 396/377/386 436/417/426
f 396/377/386 397/379/387 437/418/427
f 397/379/387 398/380/388 438/419/428
f 398/380/388 399/381/389 439/420/429
f 399/381/389 400/382/390 440/421/430
f 400/382/390 401/383/391 441/422/431
f 401/383/391 402/384/392 442/423/432
f 402/384/392 403/385/393 443/424/433
f 403/385/393 404/386/394 444/425/434
f 404/386/394 405/387/395 445/426/435
f 408/390/398 448/429/438 447/428/437
f 409/391/399 449/430/439 448/429/438
f 410/392/400 450/431/440 449/430/439
f 411/393/401 451/432/441 450/431/440
f 412/394/402 452/433/442 451/432/441
f 413/395/403 453/434/443 452/433/442
f 414/396/404 454/435/444 453/434/443
f 415/397/405 455/434/445 454/435/444
f 416/398/406 456/433/446 455/434/445
f 417/399/407 457/432/447 456/433/446
f 418/401/408 458/431/448 457/432/447
f 419/400/409 459/430/449 458/431/448
f 419/400/409 420/402/410 460/429/450
f 433/414/423 473/447/463 472/445/462
f 433/414/423 434/416/424 474/446/464
f 434/416/424 435/415/425 475/448/465
f 435/415/425 436/417/426 476/449/466
f 436/417/426 437/418/427 477/450/467
f 437/418/427 438/419/428 478/451/468
f 438/419/428 439/420/429 479/450/469
f 439/420/429 440/421/430 480/449/470
f 440/421/430 441/422/431 481/448/471
f 441/422/431 442/423/432 482/446/472
f 442/423/432 443/424/433 483/447/473
f 443/424/433 444/425/434 484/445/474
f 444/425/434 445/426/435 485/442/475
f 448/429/438 488/454/478 487/453/477
f 449/430/439 489/455/479 488/454/478
f 450/431/440 490/456/480 489/455/479
f 451/432/441 491/457/481 490/456/480
f 452/433/442 492/458/482 491/457/481
f 453/434/443 493/459/483 492/458/482
f 454/435/444 494/460/484 493/459/483
f 455/434/445 495/459/485 494/460/484
f 456/433/446 496/458/486 495/459/485
f 457/432/447 497/457/487 496/458/486
f 458/431/448 498/456/488 497/457/487
f 459/430/449 499/455/489 498/456/488
f 460/429/450 500/454/490 499/455/489
f 472/445/462 473/447/463 513/471/503
f 473/447/463 474/446/464 514/472/504
f 474/446/464 475/448/465 515/473/505
f 475/448/465 476/449/466 516/474/506
f 476/449/466 477/450/467 517/475/507
f 477/450/467 478/451/468 518/476/508
f 478/451/468 479/450/469 519/475/509
f 479/450/469 480/449/470 520/474/510
f 480/449/470 481/448/471 521/473/511
f 481/448/471 482/446/472 522/472/512
f 482/446/472 483/447/473 523/471/513
f 483/447/473 484/445/474 524/470/514
f 484/445/474 485/442/475 525/467/515
f 488/454/478 528/479/518 527/478/517
f 489/455/479 529/480/519 528/479/518
f 490/456/480 530/481/520 529/480/519
f 491/457/481 531/482/521 530/481/520
f 492/458/482 532/483/522 531/482/521
f 493/459/483 533/484/523 532/483/522
f 494/460/484 534/485/524 533/484/523
f 495/459/485 535/484/525 534/485/524
f 496/458/486 536/483/526 535/484/525
f 497/457/487 537/482/527 536/483/526
f 498/456/488 538/481/528 537/482/527
f 499/455/489 539/480/529 538/481/528
f 500/454/490 540/479/530 539/480/529
f 512/470/502 513/471/503 553/496/543
f 513/471/503 514/472/504 554/497/544
f 514/472/504 515/473/505 555/498/545
f 515/473/505 516/474/506 556/499/546
f 516/474/506 517/475/507 557/500/547
f 517/475/507 518/476/508 558/501/548
f 518/476/508 519/475/509 559/500/549
f 519/475/509 520/474/510 560/499/550
f 520/474/510 521/473/511 561/498/551
f 521/473/511 522/472/512 562/497/552
f 522/472/512 523/471/513 563/496/553
f 523/471/513 524/470/514 564/495/554
f 524/470/514 525/467/515 565/492/555
f 528/479/518 568/504/558 567/503/557
f 529/480/519 569/505/559 568/504/558
f 530/481/520 570/506/560 569/505/559
f 531/482/521 571/507/561 570/506/560
f 532/483/522 572/508/562 571/507/561
f 533/484/523 573/509/563 572/508/562
f 534/485/524 574/510/564 573/509/563
f 535/484/525 575/509/565 574/510/564
f 536/483/526 576/508/566 575/509/565
f 537/482/527 577/507/567 576/508/566
f 538/481/528 578/506/568 577/507/567
f 539/480/529 579/505/569 578/506/568
f 540/479/530 580/504/570 579/505/569
f 552/495/542 553/496/543 593/521/583
f 553/496/543 554/497/544 594/522/584
f 554/497/544 555/498/545 595/523/585
f 555/498/545 556/499/546 596/524/586
f 556/499/546 557/500/547 597/525/587
f 557/500/547 558/501/548 598/526/588
f 558/501/548 559/500/549 599/525/589
f 559/500/549 560/499/550 600/524/590
f 560/499/550 561/498/551 601/523/591
f 561/498/551 562/497/552 602/522/592
f 562/497/552 563/496/553 603/521/593
f 563/496/553 564/495/554 604/520/594
f 564/495/554 565/492/555 605/517/595
f 568/504/558 608/529/598 607/528/597
f 569/505/559 609/530/599 608/529/598
f 570/506/560 610/531/600 609/530/599
f 571/507/561 611/532/601 610/531/600
f 572/508/562 612/533/602 611/532/601
f 573/509/563 613/534/603 612/533/602
f 574/510/564 614/535/604 613/534/603
f 575/509/565 615/536/605 614/535/604
f 576/508/566 616/537/606 615/536/605
f 577/507/567 617/538/607 616/537/606
f 578/506/568 618/539/608 617/538/607
f 579/505/569 619/540/609 618/539/608
f 580/504/570 620/541/610 619/540/609
f 592/520/582 593/521/583 633/553/623
f 593/521/583 594/522/584 634/554/624
f 594/522/584 595/523/585 635/555/625
f 595/523/585 596/524/586 636/556/626
f 596/524/586 597/525/587 637/557/627
f 597/525/587 598/526/588 638/558/628
f 598/526/588 599/525/589 639/559/629
f 599/525/589 600/524/590 640/560/630
f 600/524/590 601/523/591 641/561/631
f 601/523/591 602/522/592 642/562/632
f 602/522/592 603/521/593 643/563/633
f 603/521/593 604/520/594 644/564/634
f 604/520/594 605/517/595 645/565/635
f 608/529/598 648/568/638 647/567/637
f 609/530/599 649/569/639 648/568/638
f 610/531/600 650/570/640 649/569/639
f 611/532/601 651/571/641 650/570/640
f 612/533/602 652/572/642 651/571/641
f 613/534/603 653/573/643 652/572/642
f 614/535/604 654/574/644 653/573/643
f 615/536/605 655/575/645 654/574/644
f 616/537/606 656/576/646 655/575/645
f 617/538/607 657/577/647 656/576/646
f 618/539/608 658/578/648 657/577/647
f 619/540/609 659/579/649 658/578/648
f 620/541/610 660/580/650 659/579/649
f 632/552/622 633/553/623 673/592/663
f 633/553/623 634/554/624 674/593/664
f 634/554/624 635/555/625 675/594/665
f 635/555/625 636/556/626 676/595/666
f 636/556/626 637/557/627 677/596/667
f 637/557/627 638/558/628 678/597/668
f 638/558/628 639/559/629 679/598/669
f 639/559/629 640/560/630 680/599/670
f 640/560/630 641/561/631 681/600/671
f 641/561/631 642/562/632 682/601/672
f 642/562/632 643/563/633 683/602/673
f 643/563/633 644/564/634 684/603/674
f 644/564/634 645/565/635 685/604/675
f 648/568/638 688/607/678 687/605/677
f 649/569/639 689/608/679 688/607/678
f 650/570/640 690/609/680 689/608/679
f 651/571/641 691/610/681 690/609/680
f 652/572/642 692/611/682 691/610/681
f 653/573/643 693/612/683 692/611/682
f 654/574/644 694/613/684 693/612/683
f 655/575/645 695/614/685 694/613/684
f 656/576/646 696/615/686 695/614/685
f 657/577/647 697/616/687 696/615/686
f 658/578/648 698/617/688 697/616/687
f 659/579/649 699/618/689 698/617/688
f 660/580/650 700/619/690 699/618/689
f 672/591/662 673/592/663 713/631/703
f 673/592/663 674/593/664 714/632/704
f 674/593/664 675/594/665 715/633/705
f 675/594/665 676/595/666 716/634/706
f 676/595/666 677/596/667 717/635/707
f 677/596/667 678/597/668 718/636/708
f 678/597/668 679/598/669 719/637/709
f 679/598/669 680/599/670 720/638/710
f 680/599/670 681/600/671 721/639/711
f 681/600/671 682/601/672 722/640/712
f 682/601/672 683/602/673 723/641/713
f 683/602/673 684/603/674 724/642/714
f 684/603/674 685/604/675 725/643/715
f 687/605/677 688/607/678 728/646/718
f 689/608/679 729/647/719 728/646/718
f 690/609/680 730/648/720 729/647/719
f 691/610/681 731/649/721 730/648/720
f 692/611/682 732/651/722 731/649/721
f 692/611/682 693/612/683 733/650/723
f 693/612/683 694/613/684 734/652/724
f 694/613/684 695/614/685 735/653/725
f 695/614/685 696/615/686 736/654/726
f 696/615/686 697/616/687 737/655/727
f 697/616/687 698/617/688 738/656/728
f 698/617/688 699/618/689 739/657/729
f 699/618/689 700/619/690 740/658/730
f 700/619/690 701/620/691 741/659/731
f 701/620/691 702/621/692 742/660/732
f 702/621/692 703/622/693 743/661/733
f 703/622/693 704/623/694 744/662/734
f 704/623/694 705/624/695 745/663/735
f 705/624/695 706/606/696 746/645/736
f 707/625/697 747/664/737 746/645/736
f 708/626/698 748/665/738 747/664/737
f 709/627/699 749/666/739 748/665/738
f 710/628/700 750/667/740 749/666/739
f 711/629/701 751/668/741 750/667/740
f 712/630/702 752/669/742 751/668/741
f 713/631/703 753/670/743 752/669/742
f 714/632/704 754/671/744 753/670/743
f 715/633/705 755/672/745 754/671/744
f 716/634/706 756/673/746 755/672/745
f 717/635/707 757/674/747 756/673/746
f 718/636/708 758/675/748 757/674/747
f 719/637/709 759/676/749 758/675/748
f 720/638/710 760/678/750 759/676/749
f 720/638/710 721/639/711 761/677/751
f 721/639/711 722/640/712 762/679/752
f 722/640/712 723/641/713 763/680/753
f 723/641/713 724/642/714 764/681/754
f 725/643/715 765/682/755 764/681/754
f 727/644/717 728/646/718 768/685/758
f 728/646/718 729/647/719 769/686/759
f 729/647/719 730/648/720 770/687/760
f 731/649/721 771/688/761 770/687/760
f 732/651/722 772/689/762 771/688/761
f 733/650/723 773/690/763 772/689/762
f 734/652/724 774/692/764 773/690/763
f 734/652/724 735/653/725 775/691/765
f 735/653/725 736/654/726 776/693/766
f 736/654/726 737/655/727 777/694/767
f 737/655/727 738/656/728 778/695/768
f 738/656/728 739/657/729 779/696/769
f 739/657/729 740/658/730 780/697/770
f 740/658/730 741/659/731 781/698/771
f 741/659/731 742/660/732 782/699/772
f 742/660/732 743/661/733 783/700/773
f 743/661/733 744/662/734 784/701/774
f 744/662/734 745/663/735 785/702/775
f 745/663/735 746/645/736 786/684/776
f 747/664/737 787/703/777 786/684/776
f 748/665/738 788/704/778 787/703/777
f 749/666/739 789/705/779 788/704/778
f 750/667/740 790/706/780 789/705/779
f 751/668/741 791/707/781 790/706/780
f 752/669/742 792/708/782 791/707/781
f 753/670/743 793/709/783 792/708/782
f 754/671/744 794/710/784 793/709/783
f 755/672/745 795/711/785 794/710/784
f 756/673/746 796/712/786 795/711/785
f 757/674/747 797/713/787 796/712/786
f 758/675/748 798/715/788 797/713/787
f 758/675/748 759/676/749 799/714/789
f 759/676/749 760/678/750 800/716/790
f 760/678/750 761/677/751 801/717/791
f 761/677/751 762/679/752 802/718/792
f 763/680/753 803/719/793 802/718/792
f 764/681/754 804/720/794 803/719/793
f 765/682/755 805/721/795 804/720/794
f 767/683/757 768/685/758 808/724/798
f 768/685/758 769/686/759 809/725/799
f 769/686/759 770/687/760 810/726/800
f 770/687/760 771/688/761 811/727/801
f 772/689/762 812/728/802 811/727/801
f 773/690/763 813/729/803 812/728/802
f 774/692/764 814/731/804 813/729/803
f 774/692/764 775/691/765 815/730/805
f 775/691/765 776/693/766 816/732/806
f 776/693/766 777/694/767 817/733/807
f 777/694/767 778/695/768 818/734/808
f 778/695/768 779/696/769 819/735/809
f 779/696/769 780/697/770 820/736/810
f 780/697/770 781/698/771 821/737/811
f 781/698/771 782/699/772 822/738/812
f 782/699/772 783/700/773 823/739/813
f 783/700/773 784/701/774 824/740/814
f 784/701/774 785/702/775 825/741/815
f 785/702/775 786/684/776 826/723/816
f 787/703/777 827/742/817 826/723/816
f 788/704/778 828/743/818 827/742/817
f 789/705/779 829/744/819 828/743/818
f 790/706/780 830/745/820 829/744/819
f 791/707/781 831/746/821 830/745/820
f 792/708/782 832/747/822 831/746/821
f 793/709/783 833/748/823 832/747/822
f 794/710/784 834/749/824 833/748/823
f 795/711/785 835/750/825 834/749/824
f 796/712/786 836/751/826 835/750/825
f 797/713/787 837/752/827 836/751/826
f 798/715/788 838/754/828 837/752/827
f 798/715/788 799/714/789 839/753/829
f 799/714/789 800/716/790 840/755/830
f 800/716/790 801/717/791 841/756/831
f 802/718/792 842/757/832 841/756/831
f 803/719/793 843/758/833 842/757/832
f 804/720/794 844/759/834 843/758/833
f 805/721/795 845/760/835 844/759/834
f 807/722/797 808/724/798 848/763/838
f 808/724/798 809/725/799 849/764/839
f 809/725/799 810/726/800 850/765/840
f 810/726/800 811/727/801 851/766/841
f 812/728/802 852/767/842 851/766/841
f 813/729/803 853/768/843 852/767/842
f 814/731/804 854/769/844 853/768/843
f 815/730/805 855/771/845 854/769/844
f 815/730/805 816/732/806 856/770/846
f 817/733/807 857/772/847 856/770/846
f 818/734/808 858/773/848 857/772/847
f 819/735/809 859/774/849 858/773/848
f 820/736/810 860/775/850 859/774/849
f 821/737/811 861/776/851 860/775/850
f 822/738/812 862/777/852 861/776/851
f 823/739/813 863/778/853 862/777/852
f 824/740/814 864/779/854 863/778/853
f 825/741/815 865/780/855 864/779/854
f 826/723/816 866/762/856 865/780/855
f 826/723/816 827/742/817 867/781/857
f 827/742/817 828/743/818 868/782/858
f 828/743/818 829/744/819 869/783/859
f 829/744/819 830/745/820 870/784/860
f 830/745/820 831/746/821 871/785/861
f 831/746/821 832/747/822 872/786/862
f 832/747/822 833/748/823 873/787/863
f 833/748/823 834/749/824 874/788/864
f 834/749/824 835/750/825 875/789/865
f 835/750/825 836/751/826 876/790/866
f 837/752/827 877/792/867 876/790/866
f 837/752/827 838/754/828 878/791/868
f 838/754/828 839/753/829 879/793/869
f 839/753/829 840/755/830 880/794/870
f 840/755/830 841/756/831 881/795/871
f 842/757/832 882/796/872 881/795/871
f 843/758/833 883/797/873 882/796/872
f 844/759/834 884/798/874 883/797/873
f 845/760/835 885/799/875 884/798/874
f 847/761/837 848/763/838 888/802/878
f 848/763/838 849/764/839 889/803/879
f 849/764/839 850/765/840 890/804/880
f 850/765/840 851/766/841 891/805/881
f 852/767/842 892/806/882 891/805/881
f 853/768/843 893/807/883 892/806/882
f 854/769/844 894/808/884 893/807/883
f 855/771/845 895/810/885 894/808/884
f 855/771/845 856/770/846 896/809/886
f 856/770/846 857/772/847 897/811/887
f 858/773/848 898/812/888 897/811/887
f 859/774/849 899/813/889 898/812/888
f 860/775/850 900/814/890 899/813/889
f 861/776/851 901/815/891 900/814/890
f 862/777/852 902/816/892 901/815/891
f 863/778/853 903/817/893 902/816/892
f 864/779/854 904/818/894 903/817/893
f 865/780/855 905/819/895 904/818/894
f 866/762/856 906/801/896 905/819/895
f 866/762/856 867/781/857 907/820/897
f 867/781/857 868/782/858 908/821/898
f 868/782/858 869/783/859 909/822/899
f 869/783/859 870/784/860 910/823/900
f 870/784/860 871/785/861 911/824/901
f 871/785/861 872/786/862 912/825/902
f 872/786/862 873/787/863 913/826/903
f 873/787/863 874/788/864 914/827/904
f 874/788/864 875/789/865 915/828/905
f 876/790/866 916/829/906 915/828/905
f 877/792/867 917/831/907 916/829/906
f 877/792/867 878/791/868 918/830/908
f 878/791/868 879/793/869 919/832/909
f 879/793/869 880/794/870 920/833/910
f 880/794/870 881/795/871 921/834/911
f 882/796/872 922/835/912 921/834/911
f 883/797/873 923/836/913 922/835/912
f 884/798/874 924/837/914 923/836/913
f 885/799/875 925/838/915 924/837/914
f 27/55/27 26/53/26 3/4/3
f 26/53/26 25/51/25 4/6/4
f 25/51/25 24/49/24 5/8/5
f 24/49/24 23/47/23 6/10/6
f 23/47/23 22/45/22 7/12/7
f 22/45/22 21/43/21 8/14/8
f 21/43/21 20/39/20 9/16/9
f 20/39/20 19/37/19 9/16/9
f 19/37/19 18/35/18 10/20/10
f 9/16/9 19/37/19 10/20/10
f 18/35/18 17/33/17 11/22/11
f 17/33/17 16/30/16 13/26/13
f 16/30/16 15/32/15 14/28/14
f 14/28/14 13/26/13 16/30/16
f 13/26/13 12/24/12 17/33/17
f 12/24/12 11/22/11 17/33/17
f 11/22/11 10/20/10 18/35/18
f 9/16/9 8/14/8 21/43/21
f 8/14/8 7/12/7 22/45/22
f 7/12/7 6/10/6 23/47/23
f 6/10/6 5/8/5 24/49/24
f 5/8/5 4/6/4 25/51/25
f 4/6/4 3/4/3 26/53/26
f 3/4/3 2/1/2 27/55/27
f 15/32/15 43/72/43 72/71/72 112/101/102 111/1216/101 110/1215/101 109/1214/101 108/1213/101 107/1212/101 106/86/101 105/1211/101 104/1210/101 103/1209/101 102/1208/101 101/1207/101 100/100/100 71/70/71 42/29/42 14/28/14
usemtl Paint_Secondary_Gray
f 140/129/130 181/159/171 180/158/170
f 141/160/131 182/161/172 181/159/171
f 142/162/132 183/163/173 182/161/172
f 143/164/133 184/165/174 183/163/173
f 144/166/134 185/167/175 184/165/174
f 145/168/135 186/144/176 185/167/175
f 147/169/137 186/144/176 146/115/136
f 148/170/138 187/171/177 147/169/137
f 149/172/139 188/173/178 148/170/138
f 150/174/140 189/175/179 149/172/139
f 151/176/141 190/177/180 150/174/140
f 152/130/142 191/178/181 151/176/141
f 180/158/170 221/208/211 220/207/210
f 181/159/171 222/209/212 221/208/211
f 182/161/172 223/210/213 222/209/212
f 183/163/173 224/211/214 223/210/213
f 184/165/174 225/212/215 224/211/214
f 185/167/175 226/193/216 225/212/215
f 187/171/177 226/193/216 186/144/176
f 188/173/178 227/213/217 187/171/177
f 189/175/179 228/214/218 188/173/178
f 190/177/180 229/215/219 189/175/179
f 191/178/181 230/216/220 190/177/180
f 192/179/182 231/217/221 191/178/181
f 220/207/210 261/247/251 260/246/250
f 221/208/211 262/248/252 261/247/251
f 222/209/212 263/249/253 262/248/252
f 223/210/213 264/250/254 263/249/253
f 224/211/214 265/251/255 264/250/254
f 225/212/215 266/232/256 265/251/255
f 227/213/217 266/232/256 226/193/216
f 228/214/218 267/252/257 227/213/217
f 229/215/219 268/253/258 228/214/218
f 230/216/220 269/254/259 229/215/219
f 231/217/221 270/255/260 230/216/220
f 232/218/222 271/256/261 231/217/221
f 260/246/250 301/286/291 300/285/290
f 261/247/251 302/287/292 301/286/291
f 262/248/252 303/288/293 302/287/292
f 263/249/253 304/289/294 303/288/293
f 264/250/254 305/290/295 304/289/294
f 265/251/255 306/271/296 305/290/295
f 267/252/257 306/271/296 266/232/256
f 268/253/258 307/291/297 267/252/257
f 269/254/259 308/292/298 268/253/258
f 270/255/260 309/293/299 269/254/259
f 271/256/261 310/294/300 270/255/260
f 272/257/262 311/295/301 271/256/261
f 301/286/291 340/324/330 300/285/290
f 302/287/292 341/325/331 301/286/291
f 303/288/293 342/326/332 302/287/292
f 304/289/294 343/327/333 303/288/293
f 305/290/295 344/328/334 304/289/294
f 306/271/296 345/329/335 305/290/295
f 306/271/296 347/330/337 346/310/336
f 307/291/297 348/331/338 347/330/337
f 308/292/298 349/332/339 348/331/338
f 309/293/299 350/333/340 349/332/339
f 310/294/300 351/334/341 350/333/340
f 311/295/301 352/335/342 351/334/341
f 340/324/330 381/364/371 380/363/370
f 341/325/331 382/365/372 381/364/371
f 342/326/332 383/366/373 382/365/372
f 343/327/333 384/367/374 383/366/373
f 344/328/334 385/368/375 384/367/374
f 345/329/335 386/349/376 385/368/375
f 347/330/337 386/349/376 346/310/336
f 348/331/338 387/369/377 347/330/337
f 349/332/339 388/370/378 348/331/338
f 350/333/340 389/371/379 349/332/339
f 351/334/341 390/372/380 350/333/340
f 352/335/342 391/373/381 351/334/341
f 380/363/370 421/403/411 420/402/410
f 381/364/371 422/404/412 421/403/411
f 382/365/372 423/405/413 422/404/412
f 383/366/373 424/406/414 423/405/413
f 384/367/374 425/407/415 424/406/414
f 385/368/375 426/388/416 425/407/415
f 387/369/377 426/388/416 386/349/376
f 388/370/378 427/408/417 387/369/377
f 389/371/379 428/409/418 388/370/378
f 390/372/380 429/410/419 389/371/379
f 391/373/381 430/411/420 390/372/380
f 392/374/382 431/412/421 391/373/381
f 420/402/410 461/436/451 460/429/450
f 421/403/411 462/437/452 461/436/451
f 422/404/412 463/428/453 462/437/452
f 423/405/413 464/438/454 463/428/453
f 424/406/414 465/439/455 464/438/454
f 425/407/415 466/427/456 465/439/455
f 427/408/417 466/427/456 426/388/416
f 428/409/418 467/440/457 427/408/417
f 429/410/419 468/441/458 428/409/418
f 430/411/420 469/442/459 429/410/419
f 431/412/421 470/443/460 430/411/420
f 432/413/422 471/444/461 431/412/421
f 461/436/451 500/454/490 460/429/450
f 462/437/452 501/461/491 461/436/451
f 463/428/453 502/462/492 462/437/452
f 464/438/454 503/453/493 463/428/453
f 465/439/455 504/463/494 464/438/454
f 466/427/456 505/464/495 465/439/455
f 466/427/456 507/465/497 506/452/496
f 467/440/457 508/466/498 507/465/497
f 468/441/458 509/467/499 508/466/498
f 469/442/459 510/468/500 509/467/499
f 470/443/460 511/469/501 510/468/500
f 471/444/461 512/470/502 511/469/501
f 501/461/491 540/479/530 500/454/490
f 502/462/492 541/486/531 501/461/491
f 503/453/493 542/487/532 502/462/492
f 504/463/494 543/478/533 503/453/493
f 505/464/495 544/488/534 504/463/494
f 506/452/496 545/489/535 505/464/495
f 506/452/496 547/490/537 546/477/536
f 507/465/497 548/491/538 547/490/537
f 508/466/498 549/492/539 548/491/538
f 509/467/499 550/493/540 549/492/539
f 510/468/500 551/494/541 550/493/540
f 511/469/501 552/495/542 551/494/541
f 541/486/531 580/504/570 540/479/530
f 542/487/532 581/511/571 541/486/531
f 543/478/533 582/512/572 542/487/532
f 544/488/534 583/503/573 543/478/533
f 545/489/535 584/513/574 544/488/534
f 546/477/536 585/514/575 545/489/535
f 546/477/536 587/515/577 586/502/576
f 547/490/537 588/516/578 587/515/577
f 548/491/538 589/517/579 588/516/578
f 549/492/539 590/518/580 589/517/579
f 550/493/540 591/519/581 590/518/580
f 551/494/541 592/520/582 591/519/581
f 581/511/571 620/541/610 580/504/570
f 582/512/572 621/542/611 581/511/571
f 583/503/573 622/543/612 582/512/572
f 584/513/574 623/544/613 583/503/573
f 585/514/575 624/545/614 584/513/574
f 586/502/576 625/546/615 585/514/575
f 586/502/576 627/547/617 626/527/616
f 587/515/577 628/548/618 627/547/617
f 588/516/578 629/549/619 628/548/618
f 589/517/579 630/550/620 629/549/619
f 590/518/580 631/551/621 630/550/620
f 591/519/581 632/552/622 631/551/621
f 621/542/611 660/580/650 620/541/610
f 622/543/612 661/581/651 621/542/611
f 623/544/613 662/582/652 622/543/612
f 624/545/614 663/583/653 623/544/613
f 625/546/615 664/584/654 624/545/614
f 626/527/616 665/585/655 625/546/615
f 626/527/616 667/586/657 666/566/656
f 627/547/617 668/587/658 667/586/657
f 628/548/618 669/588/659 668/587/658
f 629/549/619 670/589/660 669/588/659
f 630/550/620 671/590/661 670/589/660
f 631/551/621 672/591/662 671/590/661
f 661/581/651 700/619/690 660/580/650
f 662/582/652 701/620/691 661/581/651
f 663/583/653 702/621/692 662/582/652
f 664/584/654 703/622/693 663/583/653
f 665/585/655 704/623/694 664/584/654
f 666/566/656 705/624/695 665/585/655
f 666/566/656 707/625/697 706/606/696
f 667/586/657 708/626/698 707/625/697
f 668/587/658 709/627/699 708/626/698
f 669/588/659 710/628/700 709/627/699
f 670/589/660 711/629/701 710/628/700
f 671/590/661 712/630/702 711/629/701
f 887/800/877 928/841/918 927/839/917
f 888/802/878 929/842/919 928/841/918
f 889/803/879 930/843/920 929/842/919
f 890/804/880 931/844/921 930/843/920
f 891/805/881 932/845/922 931/844/921
f 893/807/883 932/845/922 892/806/882
f 894/808/884 933/846/923 893/807/883
f 895/810/885 934/847/924 894/808/884
f 895/810/885 936/848/926 935/849/925
f 896/809/886 937/850/927 936/848/926
f 897/811/887 938/851/928 937/850/927
f 899/813/889 938/851/928 898/812/888
f 900/814/890 939/852/929 899/813/889
f 901/815/891 940/853/930 900/814/890
f 902/816/892 941/854/931 901/815/891
f 903/817/893 942/855/932 902/816/892
f 904/818/894 943/856/933 903/817/893
f 905/819/895 944/857/934 904/818/894
f 906/801/896 945/858/935 905/819/895
f 906/801/896 947/859/937 946/840/936
f 907/820/897 948/860/938 947/859/937
f 908/821/898 949/861/939 948/860/938
f 909/822/899 950/862/940 949/861/939
f 910/823/900 951/863/941 950/862/940
f 911/824/901 952/864/942 951/863/941
f 912/825/902 953/865/943 952/864/942
f 913/826/903 954/866/944 953/865/943
f 915/828/905 954/866/944 914/827/904
f 916/829/906 955/867/945 915/828/905
f 917/831/907 956/868/946 916/829/906
f 917/831/907 958/869/948 957/870/947
f 918/830/908 959/871/949 958/869/948
f 919/832/909 960/872/950 959/871/949
f 921/834/911 960/872/950 920/833/910
f 922/835/912 961/873/951 921/834/911
f 923/836/913 962/874/952 922/835/912
f 924/837/914 963/875/953 923/836/913
f 925/838/915 964/876/954 924/837/914
f 927/839/917 968/879/958 967/877/957
f 928/841/918 969/880/959 968/879/958
f 929/842/919 970/881/960 969/880/959
f 930/843/920 971/882/961 970/881/960
f 931/844/921 972/883/962 971/882/961
f 932/845/922 973/884/963 972/883/962
f 933/846/923 974/885/964 973/884/963
f 934/847/924 975/886/965 974/885/964
f 935/849/925 976/887/966 975/886/965
f 936/848/926 977/888/967 976/887/966
f 937/850/927 978/889/968 977/888/967
f 938/851/928 979/890/969 978/889/968
f 939/852/929 980/891/970 979/890/969
f 940/853/930 981/892/971 980/891/970
f 941/854/931 982/893/972 981/892/971
f 942/855/932 983/894/973 982/893/972
f 943/856/933 984/895/974 983/894/973
f 944/857/934 985/896/975 984/895/974
f 945/858/935 986/878/976 985/896/975
f 947/859/937 986/878/976 946/840/936
f 948/860/938 987/897/977 947/859/937
f 949/861/939 988/898/978 948/860/938
f 950/862/940 989/899/979 949/861/939
f 951/863/941 990/900/980 950/862/940
f 952/864/942 991/901/981 951/863/941
f 953/865/943 992/902/982 952/864/942
f 954/866/944 993/903/983 953/865/943
f 955/867/945 994/904/984 954/866/944
f 956/868/946 995/905/985 955/867/945
f 957/870/947 996/906/986 956/868/946
f 958/869/948 997/907/987 957/870/947
f 959/871/949 998/908/988 958/869/948
f 960/872/950 999/909/989 959/871/949
f 961/873/951 1000/910/990 960/872/950
f 962/874/952 1001/911/991 961/873/951
f 963/875/953 1002/912/992 962/874/952
f 964/876/954 1003/913/993 963/875/953
f 965/861/955 1004/902/994 964/876/954
f 967/877/957 1008/917/998 1007/915/997
f 968/879/958 1009/918/999 1008/917/998
f 969/880/959 1010/919/1000 1009/918/999
f 970/881/960 1011/920/1001 1010/919/1000
f 971/882/961 1012/921/1002 1011/920/1001
f 972/883/962 1013/922/1003 1012/921/1002
f 973/884/963 1014/923/1004 1013/922/1003
f 974/885/964 1015/922/1005 1014/923/1004
f 975/886/965 1016/921/1006 1015/922/1005
f 976/887/966 1017/920/1007 1016/921/1006
f 977/888/967 1018/919/1008 1017/920/1007
f 978/889/968 1019/918/1009 1018/919/1008
f 979/890/969 1020/917/1010 1019/918/1009
f 980/891/970 1021/924/1011 1020/917/1010
f 981/892/971 1022/925/1012 1021/924/1011
f 982/893/972 1023/915/1013 1022/925/1012
f 983/894/973 1024/926/1014 1023/915/1013
f 984/895/974 1025/927/1015 1024/926/1014
f 985/896/975 1026/916/1016 1025/927/1015
f 987/897/977 1026/916/1016 986/878/976
f 988/898/978 1027/928/1017 987/897/977
f 989/899/979 1028/929/1018 988/898/978
f 990/900/980 1029/930/1019 989/899/979
f 991/901/981 1030/931/1020 990/900/980
f 992/902/982 1031/932/1021 991/901/981
f 993/903/983 1032/933/1022 992/902/982
f 994/904/984 1033/934/1023 993/903/983
f 995/905/985 1034/935/1024 994/904/984
f 996/906/986 1035/936/1025 995/905/985
f 997/907/987 1036/937/1026 996/906/986
f 998/908/988 1037/938/1027 997/907/987
f 999/909/989 1038/939/1028 998/908/988
f 1000/910/990 1039/938/1029 999/909/989
f 1001/911/991 1040/937/1030 1000/910/990
f 1002/912/992 1041/936/1031 1001/911/991
f 1003/913/993 1042/935/1032 1002/912/992
f 1004/902/994 1043/940/1033 1003/913/993
f 1005/914/995 1044/941/1034 1004/902/994
f 1044/941/1034 1045/930/1035 1031/932/1021
f 1046/942/1036 1047/943/1037 1048/944/1038
f 1046/942/1036 1048/944/1038 1054/945/1044
f 1046/942/1036 1054/945/1044 1049/946/1039
f 1046/942/1036 1051/947/1041 1047/943/1037
f 1053/948/1043 1048/944/1038 1047/943/1037
f 1055/949/1045 1046/942/1036 1049/946/1039
f 1051/947/1041 1056/950/1046 1052/951/1042
f 1057/952/1047 1053/948/1043 1052/951/1042
f 1058/953/1048 1048/944/1038 1053/948/1043
f 1054/945/1044 1067/954/1057 1055/949/1045
f 1050/955/1040 1060/956/1050 1051/947/1041
f 1051/947/1041 1061/957/1051 1056/950/1046
f 1056/950/1046 1062/958/1052 1057/952/1047
f 1064/959/1054 1058/953/1048 1057/952/1047
f 1048/944/1038 1066/960/1056 1054/945/1044
f 1068/961/1058 1055/949/1045 1059/962/1049
f 1069/963/1059 1050/955/1040 1055/949/1045
f 1060/956/1050 1071/964/1061 1061/957/1051
f 1061/957/1051 1073/965/1063 1062/958/1052
f 1062/958/1052 1074/966/1064 1063/967/1053
f 1074/966/1064 1064/959/1054 1063/967/1053
f 1075/968/1065 1058/953/1048 1064/959/1054
f 1076/969/1066 1065/970/1055 1058/953/1048
f 1069/963/1059 1070/971/1060 1060/956/1050
f 1070/971/1060 1080/972/1070 1071/964/1061
f 1071/964/1061 1080/972/1070 1072/973/1062
f 1072/973/1062 1082/974/1072 1073/965/1063
f 1073/965/1063 1083/975/1073 1074/966/1064
f 1085/976/1075 1065/970/1055 1076/969/1066
f 1086/977/1076 1077/978/1067 1065/970/1055
f 1077/978/1067 1088/979/1078 1100/980/1090
f 1090/981/1080 1068/961/1058 1059/962/1049
f 1091/982/1081 1070/971/1060 1069/963/1059
f 1079/983/1069 1093/984/1083 1080/972/1070
f 1095/985/1085 1075/968/1065 1074/966/1064
f 1097/986/1087 1085/976/1075 1075/968/1065
f 1098/987/1088 1086/977/1076 1085/976/1075
f 1099/988/1089 1087/989/1077 1086/977/1076
f 1099/988/1089 1088/979/1078 1087/989/1077
f 1088/979/1078 1135/990/1125 1100/980/1090
f 1091/982/1081 1092/991/1082 1079/983/1069
f 1092/991/1082 1103/992/1093 1093/984/1083
f 1093/984/1083 1114/993/1104 1094/994/1084
f 1094/994/1084 1115/995/1105 1081/996/1071
f 1081/996/1071 1105/997/1095 1082/974/1072
f 1082/974/1072 1116/998/1106 1083/975/1073
f 1083/975/1073 1117/999/1107 1084/1000/1074
f 1107/1001/1097 1098/987/1088 1097/986/1087
f 1108/1002/1098 1099/988/1089 1098/987/1088
f 1110/1003/1100 1121/1004/1111 1099/988/1089
f 1111/1005/1101 1069/963/1059 1068/961/1058
f 1118/1006/1108 1107/1001/1097 1106/1007/1096
f 1119/1008/1109 1108/1002/1098 1107/1001/1097
f 1120/1009/1110 1109/1010/1099 1108/1002/1098
f 1121/1004/1111 1134/1011/1124 1088/979/1078
f 1124/1012/1114 1102/1013/1092 1091/982/1081
f 1113/1014/1103 1138/1015/1128 1103/992/1093
f 1103/992/1093 1125/1016/1115 1114/993/1104
f 1115/995/1105 1126/1017/1116 1104/1018/1094
f 1104/1018/1094 1127/1019/1117 1105/997/1095
f 1105/997/1095 1129/1020/1119 1116/998/1106
f 1117/999/1107 1130/1021/1120 1095/985/1085
f 1110/1003/1100 1133/1022/1123 1121/1004/1111
f 1122/1023/1112 1136/1024/1126 1089/1025/1079
f 1136/1024/1126 1078/1026/1068 1089/1025/1079
f 1137/1027/1127 1123/1028/1113 1078/1026/1068
f 1112/1029/1102 1092/991/1082 1102/1013/1092
f 1125/1016/1115 1139/1030/1129 1114/993/1104
f 1159/1031/1149 1140/1032/1130 1117/999/1107
f 1141/1033/1131 1106/1007/1096 1096/1034/1086
f 1142/1035/1132 1118/1006/1108 1106/1007/1096
f 1143/1036/1133 1119/1008/1109 1118/1006/1108
f 1145/1037/1135 1120/1009/1110 1119/1008/1109
f 1147/1038/1137 1131/1039/1121 1120/1009/1110
f 1133/1022/1123 1148/1040/1138 1134/1011/1124
f 1135/990/1125 1166/1041/1156 1122/1023/1112
f 1149/1042/1139 1111/1005/1101 1123/1028/1113
f 1149/1042/1139 1101/1043/1091 1111/1005/1101
f 1150/1044/1140 1113/1014/1103 1112/1029/1102
f 1138/1015/1128 1153/1045/1143 1125/1016/1115
f 1139/1030/1129 1155/1046/1145 1115/995/1105
f 1129/1020/1119 1156/1047/1146 1116/998/1106
f 1116/998/1106 1158/1048/1148 1159/1031/1149
f 1131/1039/1121 1162/1049/1152 1132/1050/1122
f 1132/1050/1122 1163/1051/1153 1133/1022/1123
f 1148/1040/1138 1164/1052/1154 1134/1011/1124
f 1134/1011/1124 1165/1053/1155 1135/990/1125
f 1136/1024/1126 1168/1054/1158 1137/1027/1127
f 1171/1055/1161 1149/1042/1139 1137/1027/1127
f 1172/1056/1162 1101/1043/1091 1149/1042/1139
f 1172/1056/1162 1124/1012/1114 1101/1043/1091
f 1173/1057/1163 1112/1029/1102 1124/1012/1114
f 1174/1058/1164 1150/1044/1140 1112/1029/1102
f 1176/1059/1166 1138/1015/1128 1150/1044/1140
f 1178/1060/1168 1180/1061/1170 1179/1062/1169
f 1178/1060/1168 1186/1063/1176 1180/1061/1170
f 1178/1060/1168 1181/1064/1171 1186/1063/1176
f 1178/1060/1168 1183/1065/1173 1182/1066/1172
f 1179/1062/1169 1184/1067/1174 1183/1065/1173
f 1180/1061/1170 1185/1068/1175 1179/1062/1169
f 1178/1060/1168 1187/1069/1177 1181/1064/1171
f 1184/1067/1174 1189/1070/1179 1188/1071/1178
f 1185/1068/1175 1189/1070/1179 1184/1067/1174
f 1180/1061/1170 1190/1072/1180 1185/1068/1175
f 1181/1064/1171 1209/1073/1199 1198/1074/1188
f 1183/1065/1173 1193/1075/1183 1192/1076/1182
f 1183/1065/1173 1194/1077/1184 1193/1075/1183
f 1188/1071/1178 1195/1078/1185 1194/1077/1184
f 1190/1072/1180 1196/1079/1186 1189/1070/1179
f 1180/1061/1170 1198/1074/1188 1197/1080/1187
f 1187/1069/1177 1210/1081/1200 1191/1082/1181
f 1182/1066/1172 1199/1083/1189 1187/1069/1177
f 1182/1066/1172 1192/1076/1182 1199/1083/1189
f 1192/1076/1182 1193/1075/1183 1200/1084/1190
f 1194/1077/1184 1202/1085/1192 1201/1086/1191
f 1194/1077/1184 1203/1087/1193 1202/1085/1192
f 1196/1079/1186 1203/1087/1193 1195/1078/1185
f 1190/1072/1180 1204/1088/1194 1196/1079/1186
f 1197/1080/1187 1205/1089/1195 1190/1072/1180
f 1198/1074/1188 1208/1090/1198 1207/1091/1197
f 1191/1082/1181 1238/1092/1228 1209/1073/1199
f 1200/1084/1190 1212/1093/1202 1211/1094/1201
f 1193/1075/1183 1201/1086/1191 1212/1093/1202
f 1202/1085/1192 1214/1095/1204 1213/1096/1203
f 1203/1087/1193 1215/1097/1205 1214/1095/1204
f 1206/1098/1196 1216/1099/1206 1205/1089/1195
f 1207/1091/1197 1217/1100/1207 1206/1098/1196
f 1207/1091/1197 1237/1101/1227 1218/1102/1208
f 1210/1081/1200 1219/1103/1209 1191/1082/1181
f 1200/1084/1190 1241/1104/1231 1199/1083/1189
f 1200/1084/1190 1211/1094/1201 1241/1104/1231
f 1212/1093/1202 1221/1105/1211 1220/1106/1210
f 1212/1093/1202 1222/1107/1212 1221/1105/1211
f 1201/1086/1191 1213/1096/1203 1222/1107/1212
f 1214/1095/1204 1233/1108/1223 1223/1109/1213
f 1204/1088/1194 1233/1108/1223 1215/1097/1205
f 1216/1099/1206 1224/1110/1214 1204/1088/1194
f 1217/1100/1207 1225/1111/1215 1216/1099/1206
f 1218/1102/1208 1227/1112/1217 1217/1100/1207
f 1237/1101/1227 1228/1113/1218 1218/1102/1208
f 1221/1105/1211 1244/1114/1234 1230/1115/1220
f 1213/1096/1203 1232/1116/1222 1231/1117/1221
f 1214/1095/1204 1223/1109/1213 1232/1116/1222
f 1226/1118/1216 1234/1119/1224 1225/1111/1215
f 1227/1112/1217 1235/1120/1225 1226/1118/1216
f 1228/1113/1218 1236/1121/1226 1227/1112/1217
f 1208/1090/1198 1238/1092/1228 1253/1122/1243
f 1199/1083/1189 1240/1123/1230 1210/1081/1200
f 1211/1094/1201 1254/1124/1244 1241/1104/1231
f 1211/1094/1201 1220/1106/1210 1254/1124/1244
f 1230/1115/1220 1243/1125/1233 1242/1126/1232
f 1222/1107/1212 1231/1117/1221 1245/1127/1235
f 1234/1119/1224 1249/1128/1239 1248/1129/1238
f 1235/1120/1225 1250/1130/1240 1234/1119/1224
f 1236/1121/1226 1251/1131/1241 1235/1120/1225
f 1237/1101/1227 1261/1132/1251 1260/1133/1250
f 1237/1101/1227 1253/1122/1243 1261/1132/1251
f 1238/1092/1228 1262/1134/1252 1253/1122/1243
f 1239/1135/1229 1262/1134/1252 1238/1092/1228
f 1229/1136/1219 1239/1135/1229 1219/1103/1209
f 1220/1106/1210 1242/1126/1232 1281/1137/1271
f 1233/1108/1223 1247/1138/1237 1255/1139/1245
f 1236/1121/1226 1258/1140/1248 1257/1141/1247
f 1228/1113/1218 1259/1142/1249 1258/1140/1248
f 1229/1136/1219 1279/1143/1269 1239/1135/1229
f 1240/1123/1230 1279/1143/1269 1229/1136/1219
f 1242/1126/1232 1266/1144/1256 1265/1145/1255
f 1243/1125/1233 1267/1146/1257 1266/1144/1256
f 1243/1125/1233 1268/1147/1258 1267/1146/1257
f 1244/1114/1234 1245/1127/1235 1268/1147/1258
f 1223/1109/1213 1246/1148/1236 1269/1149/1259
f 1246/1148/1236 1255/1139/1245 1293/1150/1283
f 1248/1129/1238 1270/1151/1260 1247/1138/1237
f 1249/1128/1239 1271/1152/1261 1248/1129/1238
f 1250/1130/1240 1272/1153/1262 1249/1128/1239
f 1251/1131/1241 1274/1154/1264 1250/1130/1240
f 1256/1155/1246 1276/1156/1266 1251/1131/1241
f 1261/1132/1251 1253/1122/1243 1277/1157/1267
f 1239/1135/1229 1278/1158/1268 1262/1134/1252
f 1263/1159/1253 1305/1160/1295 1279/1143/1269
f 1254/1124/1244 1280/1161/1270 1264/1162/1254
f 1242/1126/1232 1265/1145/1255 1281/1137/1271
f 1265/1145/1255 1283/1163/1273 1282/1164/1272
f 1266/1144/1256 1284/1165/1274 1283/1163/1273
f 1266/1144/1256 1267/1146/1257 1284/1165/1274
f 1245/1127/1235 1286/1166/1276 1285/1167/1275
f 1231/1117/1221 1287/1168/1277 1286/1166/1276
f 1232/1116/1222 1288/1169/1278 1287/1168/1277
f 1232/1116/1222 1289/1170/1279 1288/1169/1278
f 1223/1109/1213 1290/1171/1280 1289/1170/1279
f 1223/1109/1213 1269/1149/1259 1290/1171/1280
f 1269/1149/1259 1292/1172/1282 1291/1173/1281
f 1246/1148/1236 1293/1150/1283 1292/1172/1282
f 1256/1155/1246 1295/1174/1285 1294/1175/1284
f 1257/1141/1247 1296/1176/1286 1295/1174/1285
f 1257/1141/1247 1297/1177/1287 1296/1176/1286
f 1258/1140/1248 1298/1178/1288 1297/1177/1287
f 1260/1133/1250 1277/1157/1267 1298/1178/1288
f 1253/1122/1243 1300/1179/1290 1299/1180/1289
f 1262/1134/1252 1301/1181/1291 1300/1179/1290
f 1262/1134/1252 1302/1182/1292 1301/1181/1291
f 1280/1161/1270 1306/1183/1296 1264/1162/1254
f 1281/1137/1271 1307/1184/1297 1280/1161/1270
f 1265/1145/1255 1309/1185/1299 1281/1137/1271
f 1046/942/1036 1050/955/1040 1051/947/1041
f 1047/943/1037 1051/947/1041 1052/951/1042
f 1052/951/1042 1053/948/1043 1047/943/1037
f 1049/946/1039 1054/945/1044 1055/949/1045
f 1055/949/1045 1050/955/1040 1046/942/1036
f 1052/951/1042 1056/950/1046 1057/952/1047
f 1057/952/1047 1058/953/1048 1053/948/1043
f 1067/954/1057 1059/962/1049 1055/949/1045
f 1051/947/1041 1060/956/1050 1061/957/1051
f 1056/950/1046 1061/957/1051 1062/958/1052
f 1057/952/1047 1062/958/1052 1063/967/1053
f 1063/967/1053 1064/959/1054 1057/952/1047
f 1058/953/1048 1065/970/1055 1048/944/1038
f 1065/970/1055 1066/960/1056 1048/944/1038
f 1054/945/1044 1066/960/1056 1100/980/1090
f 1054/945/1044 1100/980/1090 1067/954/1057
f 1068/961/1058 1069/963/1059 1055/949/1045
f 1050/955/1040 1069/963/1059 1060/956/1050
f 1060/956/1050 1070/971/1060 1071/964/1061
f 1061/957/1051 1071/964/1061 1072/973/1062
f 1061/957/1051 1072/973/1062 1073/965/1063
f 1062/958/1052 1073/965/1063 1074/966/1064
f 1074/966/1064 1075/968/1065 1064/959/1054
f 1075/968/1065 1076/969/1066 1058/953/1048
f 1065/970/1055 1077/978/1067 1066/960/1056
f 1066/960/1056 1077/978/1067 1100/980/1090
f 1067/954/1057 1089/1025/1079 1059/962/1049
f 1089/1025/1079 1078/1026/1068 1059/962/1049
f 1070/971/1060 1079/983/1069 1080/972/1070
f 1072/973/1062 1080/972/1070 1081/996/1071
f 1072/973/1062 1081/996/1071 1082/974/1072
f 1073/965/1063 1082/974/1072 1083/975/1073
f 1074/966/1064 1083/975/1073 1084/1000/1074
f 1075/968/1065 1085/976/1075 1076/969/1066
f 1085/976/1075 1086/977/1076 1065/970/1055
f 1086/977/1076 1087/989/1077 1077/978/1067
f 1077/978/1067 1087/989/1077 1088/979/1078
f 1078/1026/1068 1090/981/1080 1059/962/1049
f 1070/971/1060 1091/982/1081 1079/983/1069
f 1079/983/1069 1092/991/1082 1093/984/1083
f 1080/972/1070 1093/984/1083 1094/994/1084
f 1080/972/1070 1094/994/1084 1081/996/1071
f 1084/1000/1074 1095/985/1085 1074/966/1064
f 1095/985/1085 1096/1034/1086 1075/968/1065
f 1096/1034/1086 1097/986/1087 1075/968/1065
f 1097/986/1087 1098/987/1088 1085/976/1075
f 1098/987/1088 1099/988/1089 1086/977/1076
f 1099/988/1089 1121/1004/1111 1088/979/1078
f 1067/954/1057 1100/980/1090 1089/1025/1079
f 1101/1043/1091 1091/982/1081 1069/963/1059
f 1091/982/1081 1102/1013/1092 1092/991/1082
f 1093/984/1083 1103/992/1093 1114/993/1104
f 1094/994/1084 1114/993/1104 1115/995/1105
f 1081/996/1071 1115/995/1105 1104/1018/1094
f 1081/996/1071 1104/1018/1094 1105/997/1095
f 1082/974/1072 1105/997/1095 1116/998/1106
f 1083/975/1073 1116/998/1106 1117/999/1107
f 1084/1000/1074 1117/999/1107 1095/985/1085
f 1096/1034/1086 1106/1007/1096 1097/986/1087
f 1106/1007/1096 1107/1001/1097 1097/986/1087
f 1107/1001/1097 1108/1002/1098 1098/987/1088
f 1108/1002/1098 1109/1010/1099 1099/988/1089
f 1109/1010/1099 1110/1003/1100 1099/988/1089
f 1100/980/1090 1135/990/1125 1122/1023/1112
f 1100/980/1090 1122/1023/1112 1089/1025/1079
f 1090/981/1080 1111/1005/1101 1068/961/1058
f 1111/1005/1101 1101/1043/1091 1069/963/1059
f 1092/991/1082 1113/1014/1103 1103/992/1093
f 1118/1006/1108 1119/1008/1109 1107/1001/1097
f 1119/1008/1109 1120/1009/1110 1108/1002/1098
f 1110/1003/1100 1109/1010/1099 1132/1050/1122
f 1088/979/1078 1134/1011/1124 1135/990/1125
f 1078/1026/1068 1123/1028/1113 1090/981/1080
f 1123/1028/1113 1111/1005/1101 1090/981/1080
f 1101/1043/1091 1124/1012/1114 1091/982/1081
f 1124/1012/1114 1112/1029/1102 1102/1013/1092
f 1103/992/1093 1138/1015/1128 1125/1016/1115
f 1104/1018/1094 1126/1017/1116 1127/1019/1117
f 1105/997/1095 1127/1019/1117 1128/1186/1118
f 1105/997/1095 1128/1186/1118 1129/1020/1119
f 1116/998/1106 1159/1031/1149 1117/999/1107
f 1095/985/1085 1130/1021/1120 1096/1034/1086
f 1120/1009/1110 1131/1039/1121 1109/1010/1099
f 1109/1010/1099 1131/1039/1121 1132/1050/1122
f 1110/1003/1100 1132/1050/1122 1133/1022/1123
f 1121/1004/1111 1133/1022/1123 1134/1011/1124
f 1136/1024/1126 1137/1027/1127 1078/1026/1068
f 1112/1029/1102 1113/1014/1103 1092/991/1082
f 1114/993/1104 1139/1030/1129 1115/995/1105
f 1117/999/1107 1140/1032/1130 1130/1021/1120
f 1130/1021/1120 1141/1033/1131 1096/1034/1086
f 1141/1033/1131 1142/1035/1132 1106/1007/1096
f 1142/1035/1132 1143/1036/1133 1118/1006/1108
f 1143/1036/1133 1144/1187/1134 1119/1008/1109
f 1144/1187/1134 1145/1037/1135 1119/1008/1109
f 1145/1037/1135 1146/1188/1136 1120/1009/1110
f 1146/1188/1136 1147/1038/1137 1120/1009/1110
f 1122/1023/1112 1166/1041/1156 1136/1024/1126
f 1137/1027/1127 1149/1042/1139 1123/1028/1113
f 1150/1044/1140 1138/1015/1128 1113/1014/1103
f 1138/1015/1128 1151/1189/1141 1152/1190/1142
f 1138/1015/1128 1152/1190/1142 1153/1045/1143
f 1125/1016/1115 1153/1045/1143 1154/1191/1144
f 1125/1016/1115 1154/1191/1144 1139/1030/1129
f 1115/995/1105 1155/1046/1145 1126/1017/1116
f 1116/998/1106 1156/1047/1146 1157/1192/1147
f 1116/998/1106 1157/1192/1147 1158/1048/1148
f 1147/1038/1137 1160/1193/1150 1131/1039/1121
f 1131/1039/1121 1160/1193/1150 1161/1194/1151
f 1131/1039/1121 1161/1194/1151 1162/1049/1152
f 1132/1050/1122 1162/1049/1152 1163/1051/1153
f 1133/1022/1123 1163/1051/1153 1148/1040/1138
f 1134/1011/1124 1164/1052/1154 1165/1053/1155
f 1135/990/1125 1165/1053/1155 1166/1041/1156
f 1136/1024/1126 1166/1041/1156 1167/1195/1157
f 1136/1024/1126 1167/1195/1157 1168/1054/1158
f 1168/1054/1158 1169/1196/1159 1137/1027/1127
f 1169/1196/1159 1170/1197/1160 1137/1027/1127
f 1170/1197/1160 1171/1055/1161 1137/1027/1127
f 1172/1056/1162 1173/1057/1163 1124/1012/1114
f 1173/1057/1163 1174/1058/1164 1112/1029/1102
f 1174/1058/1164 1175/1198/1165 1150/1044/1140
f 1175/1198/1165 1176/1059/1166 1150/1044/1140
f 1176/1059/1166 1177/1199/1167 1138/1015/1128
f 1177/1199/1167 1151/1189/1141 1138/1015/1128
f 1178/1060/1168 1179/1062/1169 1183/1065/1173
f 1179/1062/1169 1185/1068/1175 1184/1067/1174
f 1178/1060/1168 1182/1066/1172 1187/1069/1177
f 1183/1065/1173 1184/1067/1174 1188/1071/1178
f 1185/1068/1175 1190/1072/1180 1189/1070/1179
f 1186/1063/1176 1181/1064/1171 1198/1074/1188
f 1181/1064/1171 1187/1069/1177 1209/1073/1199
f 1187/1069/1177 1191/1082/1181 1209/1073/1199
f 1182/1066/1172 1183/1065/1173 1192/1076/1182
f 1183/1065/1173 1188/1071/1178 1194/1077/1184
f 1188/1071/1178 1189/1070/1179 1195/1078/1185
f 1189/1070/1179 1196/1079/1186 1195/1078/1185
f 1180/1061/1170 1197/1080/1187 1190/1072/1180
f 1180/1061/1170 1186/1063/1176 1198/1074/1188
f 1187/1069/1177 1199/1083/1189 1210/1081/1200
f 1193/1075/1183 1194/1077/1184 1201/1086/1191
f 1194/1077/1184 1195/1078/1185 1203/1087/1193
f 1196/1079/1186 1215/1097/1205 1203/1087/1193
f 1196/1079/1186 1204/1088/1194 1215/1097/1205
f 1190/1072/1180 1205/1089/1195 1204/1088/1194
f 1197/1080/1187 1206/1098/1196 1205/1089/1195
f 1197/1080/1187 1207/1091/1197 1206/1098/1196
f 1197/1080/1187 1198/1074/1188 1207/1091/1197
f 1198/1074/1188 1209/1073/1199 1208/1090/1198
f 1191/1082/1181 1219/1103/1209 1238/1092/1228
f 1199/1083/1189 1192/1076/1182 1200/1084/1190
f 1200/1084/1190 1193/1075/1183 1212/1093/1202
f 1201/1086/1191 1202/1085/1192 1213/1096/1203
f 1202/1085/1192 1203/1087/1193 1214/1095/1204
f 1205/1089/1195 1216/1099/1206 1204/1088/1194
f 1206/1098/1196 1217/1100/1207 1216/1099/1206
f 1207/1091/1197 1218/1102/1208 1217/1100/1207
f 1207/1091/1197 1208/1090/1198 1237/1101/1227
f 1211/1094/1201 1212/1093/1202 1220/1106/1210
f 1212/1093/1202 1201/1086/1191 1222/1107/1212
f 1214/1095/1204 1215/1097/1205 1233/1108/1223
f 1204/1088/1194 1224/1110/1214 1233/1108/1223
f 1216/1099/1206 1225/1111/1215 1224/1110/1214
f 1217/1100/1207 1226/1118/1216 1225/1111/1215
f 1217/1100/1207 1227/1112/1217 1226/1118/1216
f 1218/1102/1208 1228/1113/1218 1227/1112/1217
f 1208/1090/1198 1209/1073/1199 1238/1092/1228
f 1210/1081/1200 1229/1136/1219 1219/1103/1209
f 1199/1083/1189 1241/1104/1231 1240/1123/1230
f 1220/1106/1210 1221/1105/1211 1230/1115/1220
f 1221/1105/1211 1222/1107/1212 1244/1114/1234
f 1222/1107/1212 1213/1096/1203 1231/1117/1221
f 1213/1096/1203 1214/1095/1204 1232/1116/1222
f 1223/1109/1213 1233/1108/1223 1246/1148/1236
f 1225/1111/1215 1248/1129/1238 1224/1110/1214
f 1225/1111/1215 1234/1119/1224 1248/1129/1238
f 1226/1118/1216 1235/1120/1225 1234/1119/1224
f 1227/1112/1217 1236/1121/1226 1235/1120/1225
f 1237/1101/1227 1208/1090/1198 1253/1122/1243
f 1219/1103/1209 1239/1135/1229 1238/1092/1228
f 1210/1081/1200 1240/1123/1230 1229/1136/1219
f 1220/1106/1210 1230/1115/1220 1242/1126/1232
f 1230/1115/1220 1244/1114/1234 1243/1125/1233
f 1244/1114/1234 1222/1107/1212 1245/1127/1235
f 1224/1110/1214 1247/1138/1237 1233/1108/1223
f 1224/1110/1214 1248/1129/1238 1247/1138/1237
f 1234/1119/1224 1250/1130/1240 1249/1128/1239
f 1235/1120/1225 1251/1131/1241 1250/1130/1240
f 1236/1121/1226 1252/1200/1242 1251/1131/1241
f 1228/1113/1218 1237/1101/1227 1260/1133/1250
f 1241/1104/1231 1264/1162/1254 1240/1123/1230
f 1241/1104/1231 1254/1124/1244 1264/1162/1254
f 1246/1148/1236 1233/1108/1223 1255/1139/1245
f 1252/1200/1242 1256/1155/1246 1251/1131/1241
f 1252/1200/1242 1257/1141/1247 1256/1155/1246
f 1252/1200/1242 1236/1121/1226 1257/1141/1247
f 1236/1121/1226 1228/1113/1218 1258/1140/1248
f 1228/1113/1218 1260/1133/1250 1259/1142/1249
f 1240/1123/1230 1263/1159/1253 1279/1143/1269
f 1240/1123/1230 1264/1162/1254 1263/1159/1253
f 1220/1106/1210 1281/1137/1271 1254/1124/1244
f 1242/1126/1232 1243/1125/1233 1266/1144/1256
f 1243/1125/1233 1244/1114/1234 1268/1147/1258
f 1247/1138/1237 1270/1151/1260 1255/1139/1245
f 1248/1129/1238 1271/1152/1261 1270/1151/1260
f 1249/1128/1239 1272/1153/1262 1271/1152/1261
f 1250/1130/1240 1273/1201/1263 1272/1153/1262
f 1250/1130/1240 1274/1154/1264 1273/1201/1263
f 1251/1131/1241 1275/1202/1265 1274/1154/1264
f 1251/1131/1241 1276/1156/1266 1275/1202/1265
f 1260/1133/1250 1261/1132/1251 1277/1157/1267
f 1239/1135/1229 1279/1143/1269 1278/1158/1268
f 1254/1124/1244 1281/1137/1271 1280/1161/1270
f 1265/1145/1255 1266/1144/1256 1283/1163/1273
f 1268/1147/1258 1245/1127/1235 1285/1167/1275
f 1245/1127/1235 1231/1117/1221 1286/1166/1276
f 1231/1117/1221 1232/1116/1222 1287/1168/1277
f 1232/1116/1222 1223/1109/1213 1289/1170/1279
f 1269/1149/1259 1246/1148/1236 1292/1172/1282
f 1256/1155/1246 1294/1175/1284 1276/1156/1266
f 1256/1155/1246 1257/1141/1247 1295/1174/1285
f 1257/1141/1247 1258/1140/1248 1297/1177/1287
f 1258/1140/1248 1259/1142/1249 1298/1178/1288
f 1259/1142/1249 1260/1133/1250 1298/1178/1288
f 1277/1157/1267 1253/1122/1243 1299/1180/1289
f 1253/1122/1243 1262/1134/1252 1300/1179/1290
f 1262/1134/1252 1278/1158/1268 1302/1182/1292
f 1278/1158/1268 1303/1203/1293 1302/1182/1292
f 1279/1143/1269 1304/1204/1294 1278/1158/1268
f 1279/1143/1269 1305/1160/1295 1304/1204/1294
f 1264/1162/1254 1306/1183/1296 1263/1159/1253
f 1280/1161/1270 1307/1184/1297 1306/1183/1296
f 1281/1137/1271 1308/1205/1298 1307/1184/1297
f 1281/1137/1271 1309/1185/1299 1308/1205/1298
f 1265/1145/1255 1310/1206/1300 1309/1185/1299
f 1265/1145/1255 1282/1164/1272 1310/1206/1300
f 140/129/130 141/160/131 181/159/171
f 141/160/131 142/162/132 182/161/172
f 142/162/132 143/164/133 183/163/173
f 143/164/133 144/166/134 184/165/174
f 144/166/134 145/168/135 185/167/175
f 145/168/135 146/115/136 186/144/176
f 147/169/137 187/171/177 186/144/176
f 148/170/138 188/173/178 187/171/177
f 149/172/139 189/175/179 188/173/178
f 150/174/140 190/177/180 189/175/179
f 151/176/141 191/178/181 190/177/180
f 152/130/142 192/179/182 191/178/181
f 180/158/170 181/159/171 221/208/211
f 181/159/171 182/161/172 222/209/212
f 182/161/172 183/163/173 223/210/213
f 183/163/173 184/165/174 224/211/214
f 184/165/174 185/167/175 225/212/215
f 185/167/175 186/144/176 226/193/216
f 187/171/177 227/213/217 226/193/216
f 188/173/178 228/214/218 227/213/217
f 189/175/179 229/215/219 228/214/218
f 190/177/180 230/216/220 229/215/219
f 191/178/181 231/217/221 230/216/220
f 192/179/182 232/218/222 231/217/221
f 220/207/210 221/208/211 261/247/251
f 221/208/211 222/209/212 262/248/252
f 222/209/212 223/210/213 263/249/253
f 223/210/213 224/211/214 264/250/254
f 224/211/214 225/212/215 265/251/255
f 225/212/215 226/193/216 266/232/256
f 227/213/217 267/252/257 266/232/256
f 228/214/218 268/253/258 267/252/257
f 229/215/219 269/254/259 268/253/258
f 230/216/220 270/255/260 269/254/259
f 231/217/221 271/256/261 270/255/260
f 232/218/222 272/257/262 271/256/261
f 260/246/250 261/247/251 301/286/291
f 261/247/251 262/248/252 302/287/292
f 262/248/252 263/249/253 303/288/293
f 263/249/253 264/250/254 304/289/294
f 264/250/254 265/251/255 305/290/295
f 265/251/255 266/232/256 306/271/296
f 267/252/257 307/291/297 306/271/296
f 268/253/258 308/292/298 307/291/297
f 269/254/259 309/293/299 308/292/298
f 270/255/260 310/294/300 309/293/299
f 271/256/261 311/295/301 310/294/300
f 272/257/262 312/296/302 311/295/301
f 301/286/291 341/325/331 340/324/330
f 302/287/292 342/326/332 341/325/331
f 303/288/293 343/327/333 342/326/332
f 304/289/294 344/328/334 343/327/333
f 305/290/295 345/329/335 344/328/334
f 306/271/296 346/310/336 345/329/335
f 306/271/296 307/291/297 347/330/337
f 307/291/297 308/292/298 348/331/338
f 308/292/298 309/293/299 349/332/339
f 309/293/299 310/294/300 350/333/340
f 310/294/300 311/295/301 351/334/341
f 311/295/301 312/296/302 352/335/342
f 340/324/330 341/325/331 381/364/371
f 341/325/331 342/326/332 382/365/372
f 342/326/332 343/327/333 383/366/373
f 343/327/333 344/328/334 384/367/374
f 344/328/334 345/329/335 385/368/375
f 345/329/335 346/310/336 386/349/376
f 347/330/337 387/369/377 386/349/376
f 348/331/338 388/370/378 387/369/377
f 349/332/339 389/371/379 388/370/378
f 350/333/340 390/372/380 389/371/379
f 351/334/341 391/373/381 390/372/380
f 352/335/342 392/374/382 391/373/381
f 380/363/370 381/364/371 421/403/411
f 381/364/371 382/365/372 422/404/412
f 382/365/372 383/366/373 423/405/413
f 383/366/373 384/367/374 424/406/414
f 384/367/374 385/368/375 425/407/415
f 385/368/375 386/349/376 426/388/416
f 387/369/377 427/408/417 426/388/416
f 388/370/378 428/409/418 427/408/417
f 389/371/379 429/410/419 428/409/418
f 390/372/380 430/411/420 429/410/419
f 391/373/381 431/412/421 430/411/420
f 392/374/382 432/413/422 431/412/421
f 420/402/410 421/403/411 461/436/451
f 421/403/411 422/404/412 462/437/452
f 422/404/412 423/405/413 463/428/453
f 423/405/413 424/406/414 464/438/454
f 424/406/414 425/407/415 465/439/455
f 425/407/415 426/388/416 466/427/456
f 427/408/417 467/440/457 466/427/456
f 428/409/418 468/441/458 467/440/457
f 429/410/419 469/442/459 468/441/458
f 430/411/420 470/443/460 469/442/459
f 431/412/421 471/444/461 470/443/460
f 432/413/422 472/445/462 471/444/461
f 461/436/451 501/461/491 500/454/490
f 462/437/452 502/462/492 501/461/491
f 463/428/453 503/453/493 502/462/492
f 464/438/454 504/463/494 503/453/493
f 465/439/455 505/464/495 504/463/494
f 466/427/456 506/452/496 505/464/495
f 466/427/456 467/440/457 507/465/497
f 467/440/457 468/441/458 508/466/498
f 468/441/458 469/442/459 509/467/499
f 469/442/459 470/443/460 510/468/500
f 470/443/460 471/444/461 511/469/501
f 471/444/461 472/445/462 512/470/502
f 501/461/491 541/486/531 540/479/530
f 502/462/492 542/487/532 541/486/531
f 503/453/493 543/478/533 542/487/532
f 504/463/494 544/488/534 543/478/533
f 505/464/495 545/489/535 544/488/534
f 506/452/496 546/477/536 545/489/535
f 506/452/496 507/465/497 547/490/537
f 507/465/497 508/466/498 548/491/538
f 508/466/498 509/467/499 549/492/539
f 509/467/499 510/468/500 550/493/540
f 510/468/500 511/469/501 551/494/541
f 511/469/501 512/470/502 552/495/542
f 541/486/531 581/511/571 580/504/570
f 542/487/532 582/512/572 581/511/571
f 543/478/533 583/503/573 582/512/572
f 544/488/534 584/513/574 583/503/573
f 545/489/535 585/514/575 584/513/574
f 546/477/536 586/502/576 585/514/575
f 546/477/536 547/490/537 587/515/577
f 547/490/537 548/491/538 588/516/578
f 548/491/538 549/492/539 589/517/579
f 549/492/539 550/493/540 590/518/580
f 550/493/540 551/494/541 591/519/581
f 551/494/541 552/495/542 592/520/582
f 581/511/571 621/542/611 620/541/610
f 582/512/572 622/543/612 621/542/611
f 583/503/573 623/544/613 622/543/612
f 584/513/574 624/545/614 623/544/613
f 585/514/575 625/546/615 624/545/614
f 586/502/576 626/527/616 625/546/615
f 586/502/576 587/515/577 627/547/617
f 587/515/577 588/516/578 628/548/618
f 588/516/578 589/517/579 629/549/619
f 589/517/579 590/518/580 630/550/620
f 590/518/580 591/519/581 631/551/621
f 591/519/581 592/520/582 632/552/622
f 621/542/611 661/581/651 660/580/650
f 622/543/612 662/582/652 661/581/651
f 623/544/613 663/583/653 662/582/652
f 624/545/614 664/584/654 663/583/653
f 625/546/615 665/585/655 664/584/654
f 626/527/616 666/566/656 665/585/655
f 626/527/616 627/547/617 667/586/657
f 627/547/617 628/548/618 668/587/658
f 628/548/618 629/549/619 669/588/659
f 629/549/619 630/550/620 670/589/660
f 630/550/620 631/551/621 671/590/661
f 631/551/621 632/552/622 672/591/662
f 661/581/651 701/620/691 700/619/690
f 662/582/652 702/621/692 701/620/691
f 663/583/653 703/622/693 702/621/692
f 664/584/654 704/623/694 703/622/693
f 665/585/655 705/624/695 704/623/694
f 666/566/656 706/606/696 705/624/695
f 666/566/656 667/586/657 707/625/697
f 667/586/657 668/587/658 708/626/698
f 668/587/658 669/588/659 709/627/699
f 669/588/659 670/589/660 710/628/700
f 670/589/660 671/590/661 711/629/701
f 671/590/661 672/591/662 712/630/702
f 887/800/877 888/802/878 928/841/918
f 888/802/878 889/803/879 929/842/919
f 889/803/879 890/804/880 930/843/920
f 890/804/880 891/805/881 931/844/921
f 891/805/881 892/806/882 932/845/922
f 893/807/883 933/846/923 932/845/922
f 894/808/884 934/847/924 933/846/923
f 895/810/885 935/849/925 934/847/924
f 895/810/885 896/809/886 936/848/926
f 896/809/886 897/811/887 937/850/927
f 897/811/887 898/812/888 938/851/928
f 899/813/889 939/852/929 938/851/928
f 900/814/890 940/853/930 939/852/929
f 901/815/891 941/854/931 940/853/930
f 902/816/892 942/855/932 941/854/931
f 903/817/893 943/856/933 942/855/932
f 904/818/894 944/857/934 943/856/933
f 905/819/895 945/858/935 944/857/934
f 906/801/896 946/840/936 945/858/935
f 906/801/896 907/820/897 947/859/937
f 907/820/897 908/821/898 948/860/938
f 908/821/898 909/822/899 949/861/939
f 909/822/899 910/823/900 950/862/940
f 910/823/900 911/824/901 951/863/941
f 911/824/901 912/825/902 952/864/942
f 912/825/902 913/826/903 953/865/943
f 913/826/903 914/827/904 954/866/944
f 915/828/905 955/867/945 954/866/944
f 916/829/906 956/868/946 955/867/945
f 917/831/907 957/870/947 956/868/946
f 917/831/907 918/830/908 958/869/948
f 918/830/908 919/832/909 959/871/949
f 919/832/909 920/833/910 960/872/950
f 921/834/911 961/873/951 960/872/950
f 922/835/912 962/874/952 961/873/951
f 923/836/913 963/875/953 962/874/952
f 924/837/914 964/876/954 963/875/953
f 925/838/915 965/861/955 964/876/954
f 927/839/917 928/841/918 968/879/958
f 928/841/918 929/842/919 969/880/959
f 929/842/919 930/843/920 970/881/960
f 930/843/920 931/844/921 971/882/961
f 931/844/921 932/845/922 972/883/962
f 932/845/922 933/846/923 973/884/963
f 933/846/923 934/847/924 974/885/964
f 934/847/924 935/849/925 975/886/965
f 935/849/925 936/848/926 976/887/966
f 936/848/926 937/850/927 977/888/967
f 937/850/927 938/851/928 978/889/968
f 938/851/928 939/852/929 979/890/969
f 939/852/929 940/853/930 980/891/970
f 940/853/930 941/854/931 981/892/971
f 941/854/931 942/855/932 982/893/972
f 942/855/932 943/856/933 983/894/973
f 943/856/933 944/857/934 984/895/974
f 944/857/934 945/858/935 985/896/975
f 945/858/935 946/840/936 986/878/976
f 947/859/937 987/897/977 986/878/976
f 948/860/938 988/898/978 987/897/977
f 949/861/939 989/899/979 988/898/978
f 950/862/940 990/900/980 989/899/979
f 951/863/941 991/901/981 990/900/980
f 952/864/942 992/902/982 991/901/981
f 953/865/943 993/903/983 992/902/982
f 954/866/944 994/904/984 993/903/983
f 955/867/945 995/905/985 994/904/984
f 956/868/946 996/906/986 995/905/985
f 957/870/947 997/907/987 996/906/986
f 958/869/948 998/908/988 997/907/987
f 959/871/949 999/909/989 998/908/988
f 960/872/950 1000/910/990 999/909/989
f 961/873/951 1001/911/991 1000/910/990
f 962/874/952 1002/912/992 1001/911/991
f 963/875/953 1003/913/993 1002/912/992
f 964/876/954 1004/902/994 1003/913/993
f 965/861/955 1005/914/995 1004/902/994
f 967/877/957 968/879/958 1008/917/998
f 968/879/958 969/880/959 1009/918/999
f 969/880/959 970/881/960 1010/919/1000
f 970/881/960 971/882/961 1011/920/1001
f 971/882/961 972/883/962 1012/921/1002
f 972/883/962 973/884/963 1013/922/1003
f 973/884/963 974/885/964 1014/923/1004
f 974/885/964 975/886/965 1015/922/1005
f 975/886/965 976/887/966 1016/921/1006
f 976/887/966 977/888/967 1017/920/1007
f 977/888/967 978/889/968 1018/919/1008
f 978/889/968 979/890/969 1019/918/1009
f 979/890/969 980/891/970 1020/917/1010
f 980/891/970 981/892/971 1021/924/1011
f 981/892/971 982/893/972 1022/925/1012
f 982/893/972 983/894/973 1023/915/1013
f 983/894/973 984/895/974 1024/926/1014
f 984/895/974 985/896/975 1025/927/1015
f 985/896/975 986/878/976 1026/916/1016
f 987/897/977 1027/928/1017 1026/916/1016
f 988/898/978 1028/929/1018 1027/928/1017
f 989/899/979 1029/930/1019 1028/929/1018
f 990/900/980 1030/931/1020 1029/930/1019
f 991/901/981 1031/932/1021 1030/931/1020
f 992/902/982 1032/933/1022 1031/932/1021
f 993/903/983 1033/934/1023 1032/933/1022
f 994/904/984 1034/935/1024 1033/934/1023
f 995/905/985 1035/936/1025 1034/935/1024
f 996/906/986 1036/937/1026 1035/936/1025
f 997/907/987 1037/938/1027 1036/937/1026
f 998/908/988 1038/939/1028 1037/938/1027
f 999/909/989 1039/938/1029 1038/939/1028
f 1000/910/990 1040/937/1030 1039/938/1029
f 1001/911/991 1041/936/1031 1040/937/1030
f 1002/912/992 1042/935/1032 1041/936/1031
f 1003/913/993 1043/940/1033 1042/935/1032
f 1004/902/994 1044/941/1034 1043/940/1033
f 1005/914/995 1045/930/1035 1044/941/1034
f 1045/930/1035 1006/916/996 1027/928/1017
f 1006/916/996 1007/915/997 1025/927/1015
f 1007/915/997 1008/917/998 1021/924/1011
f 1008/917/998 1009/918/999 1020/917/1010
f 1021/924/1011 1008/917/998 1020/917/1010
f 1009/918/999 1010/919/1000 1018/919/1008
f 1010/919/1000 1011/920/1001 1017/920/1007
f 1011/920/1001 1012/921/1002 1017/920/1007
f 1012/921/1002 1013/922/1003 1016/921/1006
f 1017/920/1007 1012/921/1002 1016/921/1006
f 1013/922/1003 1014/923/1004 1015/922/1005
f 1015/922/1005 1016/921/1006 1013/922/1003
f 1017/920/1007 1018/919/1008 1010/919/1000
f 1018/919/1008 1019/918/1009 1009/918/999
f 1019/918/1009 1020/917/1010 1009/918/999
f 1021/924/1011 1022/925/1012 1007/915/997
f 1022/925/1012 1023/915/1013 1007/915/997
f 1023/915/1013 1024/926/1014 1007/915/997
f 1024/926/1014 1025/927/1015 1007/915/997
f 1025/927/1015 1026/916/1016 1006/916/996
f 1026/916/1016 1027/928/1017 1006/916/996
f 1027/928/1017 1028/929/1018 1045/930/1035
f 1028/929/1018 1029/930/1019 1045/930/1035
f 1029/930/1019 1030/931/1020 1045/930/1035
f 1030/931/1020 1031/932/1021 1045/930/1035
f 1031/932/1021 1032/933/1022 1044/941/1034
f 1032/933/1022 1033/934/1023 1044/941/1034
f 1033/934/1023 1034/935/1024 1042/935/1032
f 1034/935/1024 1035/936/1025 1041/936/1031
f 1035/936/1025 1036/937/1026 1041/936/1031
f 1036/937/1026 1037/938/1027 1040/937/1030
f 1041/936/1031 1036/937/1026 1040/937/1030
f 1037/938/1027 1038/939/1028 1039/938/1029
f 1039/938/1029 1040/937/1030 1037/938/1027
f 1041/936/1031 1042/935/1032 1034/935/1024
f 1042/935/1032 1043/940/1033 1033/934/1023
f 1043/940/1033 1044/941/1034 1033/934/1023
f 141/160/131 140/129/130 100/100/100 101/1207/101 102/1208/101 103/1209/101 104/1210/101 105/1211/101 106/86/101 107/1212/101 108/1213/101 109/1214/101 110/1215/101 111/1216/101 112/101/102 152/130/142 151/176/141 150/174/140 149/172/139 148/170/138 147/169/137 146/115/136 145/168/135 144/166/134 143/164/133 142/162/132
usemtl Mechanical_Graphite
f 2/1/2 28/2/28 1/3/1
f 27/55/27 28/2/28 56/54/56
f 29/5/29 57/56/57 28/2/28
f 56/54/56 57/56/57 85/85/85
f 58/57/58 86/86/86 57/56/57
f 85/85/85 86/86/86 125/114/115
f 87/87/87 126/115/116 86/86/86
f 125/114/115 126/115/116 165/143/155
f 127/116/117 166/144/156 126/115/116
f 165/143/155 166/144/156 205/192/195
f 167/145/157 206/193/196 166/144/156
f 205/192/195 206/193/196 245/231/235
f 207/194/197 246/232/236 206/193/196
f 245/231/235 246/232/236 285/270/275
f 247/233/237 286/271/276 246/232/236
f 285/270/275 286/271/276 325/309/315
f 287/272/277 326/310/316 286/271/276
f 325/309/315 326/310/316 365/348/355
f 327/311/317 366/349/356 326/310/316
f 365/348/355 366/349/356 405/387/395
f 367/350/357 406/388/396 366/349/356
f 405/387/395 406/388/396 445/426/435
f 407/389/397 446/427/436 406/388/396
f 445/426/435 446/427/436 485/442/475
f 447/428/437 486/452/476 446/427/436
f 485/442/475 486/452/476 525/467/515
f 487/453/477 526/477/516 486/452/476
f 525/467/515 526/477/516 565/492/555
f 527/478/517 566/502/556 526/477/516
f 565/492/555 566/502/556 605/517/595
f 567/503/557 606/527/596 566/502/556
f 605/517/595 606/527/596 645/565/635
f 607/528/597 646/566/636 606/527/596
f 645/565/635 646/566/636 685/604/675
f 646/566/636 687/605/677 686/606/676
f 646/566/636 725/643/715 685/604/675
f 686/606/676 727/644/717 726/645/716
f 686/606/676 765/682/755 725/643/715
f 726/645/716 767/683/757 766/684/756
f 726/645/716 805/721/795 765/682/755
f 766/684/756 807/722/797 806/723/796
f 766/684/756 845/760/835 805/721/795
f 806/723/796 847/761/837 846/762/836
f 806/723/796 885/799/875 845/760/835
f 846/762/836 887/800/877 886/801/876
f 846/762/836 925/838/915 885/799/875
f 886/801/876 927/839/917 926/840/916
f 886/801/876 965/861/955 925/838/915
f 926/840/916 967/877/957 966/878/956
f 926/840/916 1005/914/995 965/861/955
f 966/878/956 1007/915/997 1006/916/996
f 966/878/956 1045/930/1035 1005/914/995
f 2/1/2 29/5/29 28/2/28
f 27/55/27 1/3/1 28/2/28
f 29/5/29 58/57/58 57/56/57
f 56/54/56 28/2/28 57/56/57
f 58/57/58 87/87/87 86/86/86
f 85/85/85 57/56/57 86/86/86
f 87/87/87 127/116/117 126/115/116
f 125/114/115 86/86/86 126/115/116
f 127/116/117 167/145/157 166/144/156
f 165/143/155 126/115/116 166/144/156
f 167/145/157 207/194/197 206/193/196
f 205/192/195 166/144/156 206/193/196
f 207/194/197 247/233/237 246/232/236
f 245/231/235 206/193/196 246/232/236
f 247/233/237 287/272/277 286/271/276
f 285/270/275 246/232/236 286/271/276
f 287/272/277 327/311/317 326/310/316
f 325/309/315 286/271/276 326/310/316
f 327/311/317 367/350/357 366/349/356
f 365/348/355 326/310/316 366/349/356
f 367/350/357 407/389/397 406/388/396
f 405/387/395 366/349/356 406/388/396
f 407/389/397 447/428/437 446/427/436
f 445/426/435 406/388/396 446/427/436
f 447/428/437 487/453/477 486/452/476
f 485/442/475 446/427/436 486/452/476
f 487/453/477 527/478/517 526/477/516
f 525/467/515 486/452/476 526/477/516
f 527/478/517 567/503/557 566/502/556
f 565/492/555 526/477/516 566/502/556
f 567/503/557 607/528/597 606/527/596
f 605/517/595 566/502/556 606/527/596
f 607/528/597 647/567/637 646/566/636
f 645/565/635 606/527/596 646/566/636
f 646/566/636 647/567/637 687/605/677
f 646/566/636 686/606/676 725/643/715
f 686/606/676 687/605/677 727/644/717
f 686/606/676 726/645/716 765/682/755
f 726/645/716 727/644/717 767/683/757
f 726/645/716 766/684/756 805/721/795
f 766/684/756 767/683/757 807/722/797
f 766/684/756 806/723/796 845/760/835
f 806/723/796 807/722/797 847/761/837
f 806/723/796 846/762/836 885/799/875
f 846/762/836 847/761/837 887/800/877
f 846/762/836 886/801/876 925/838/915
f 886/801/876 887/800/877 927/839/917
f 886/801/876 926/840/916 965/861/955
f 926/840/916 927/839/917 967/877/957
f 926/840/916 966/878/956 1005/914/995
f 966/878/956 967/877/957 1007/915/997
f 966/878/956 1006/916/996 1045/930/1035
f 1/3/1 27/55/27 2/1/2
o Glass_Canopy
v -0.028092 0.803507 1.080350
v 0.005874 0.742465 1.231555
v 0.037943 0.812589 1.057015
v 0.083263 0.739519 1.226871
v -0.068050 0.758536 1.186299
v -0.047348 0.856778 0.930139
v 0.043412 0.889852 0.828269
v 0.139222 0.806656 1.040973
v 0.056783 0.679039 1.363674
v -0.119437 0.792523 1.086959
v 0.189166 0.740991 1.176216
v -0.024270 0.658434 1.408268
v -0.071752 0.709671 1.297453
v -0.172171 0.847614 0.903419
v -0.073833 0.889098 0.820441
v 0.114840 0.913678 0.710760
v 0.171333 0.864042 0.850036
v -0.064732 0.556874 1.592549
v 0.041974 0.946207 0.598480
v 0.183498 0.662053 1.355056
v 0.106950 0.604116 1.496794
v -0.240786 0.838195 0.874102
v -0.048017 0.946774 0.595145
v 0.259468 0.797725 0.973613
v 0.019919 0.538479 1.629264
v -0.153664 0.628280 1.434405
v -0.184475 0.706150 1.259503
v 0.316160 0.690100 1.190019
v 0.185645 0.527798 1.602199
v -0.257759 0.766982 1.060112
v -0.165674 0.908001 0.697428
v -0.149641 0.938874 0.565556
v 0.246309 0.877233 0.732442
v 0.284651 0.597547 1.412189
v 0.103761 0.438094 1.783143
v -0.141624 0.487121 1.690101
v -0.226088 0.575433 1.494950
v -0.286484 0.654939 1.295627
v 0.167048 0.940827 0.538753
v -0.053660 0.980068 0.368228
v 0.095094 0.976666 0.365205
v 0.378265 0.794683 0.827428
v 0.362424 0.742862 1.000590
v -0.043645 0.336327 1.958404
v -0.295683 0.856780 0.742551
v 0.315581 0.893969 0.538657
v 0.380680 0.588121 1.336386
v 0.049535 0.271367 2.056219
v -0.246257 0.357060 1.850892
v -0.377143 0.746369 0.973534
v -0.191881 0.961648 0.341927
v 0.266648 0.934758 0.381026
v 0.360511 0.849304 0.657448
v 0.388425 0.448459 1.585490
v 0.294937 0.429649 1.699140
v 0.207273 0.320577 1.929849
v 0.146962 0.235354 2.085951
v -0.181019 0.260268 2.036186
v -0.379554 0.642539 1.223894
v -0.403922 0.815089 0.706011
v -0.023779 0.993122 0.135604
v 0.071820 0.990165 0.152002
v 0.487106 0.601250 1.165473
v -0.287189 0.481760 1.617839
v -0.297304 0.900113 0.549912
v -0.117927 0.984515 0.168238
v 0.163586 0.971977 0.294668
v 0.490990 0.681976 0.958321
v -0.391005 0.527475 1.443427
v -0.338938 0.910290 0.349018
v 0.472894 0.502200 1.387540
v 0.258233 0.215998 2.057896
v -0.021305 0.164834 2.210296
v -0.106860 0.198461 2.149637
v -0.456619 0.668933 1.051676
v -0.422320 0.853840 0.469906
v 0.194145 0.969073 0.042295
v 0.308367 0.934280 0.194510
v 0.402424 0.877453 0.374169
v 0.448780 0.822031 0.563722
v 0.505174 0.745369 0.731669
v -0.495830 0.732911 0.799710
v -0.245299 0.956181 0.079936
v -0.029896 0.983270 -0.088715
v 0.089977 0.980658 -0.068814
v 0.384662 0.142298 2.066444
v 0.100392 -0.009941 2.439194
v -0.521354 0.565691 1.184428
v -0.570776 0.754852 0.489844
v -0.148007 0.973858 -0.048613
v 0.524206 0.315940 1.640004
v -0.292211 0.234932 2.006749
v -0.379622 0.369178 1.723457
v -0.468319 0.486417 1.424348
v -0.347605 0.915542 0.257175
v 0.322073 0.922509 -0.064813
v 0.471620 0.853400 0.170444
v 0.542950 0.790306 0.374130
v 0.569179 0.753988 0.487421
v 0.050222 -0.018150 2.457972
v 0.000003 -0.020685 2.464388
v -0.050203 -0.018214 2.457929
v -0.100183 -0.010804 2.438590
v -0.149708 0.001630 2.406577
v -0.421372 0.177986 1.973305
v -0.493765 0.267192 1.754225
v -0.608499 0.575739 0.988551
v -0.588628 0.714268 0.606355
v -0.542843 0.790243 0.373984
v -0.510256 0.823407 0.268068
v -0.376833 0.902801 0.003042
v 0.200012 0.950192 -0.165858
v 0.262529 0.937733 -0.121384
v 0.376450 0.902268 0.002905
v 0.426476 0.879294 0.081513
v 0.509890 0.823008 0.267840
v 0.588301 0.713940 0.606103
v 0.601323 0.670596 0.730105
v 0.607861 0.624103 0.857902
v 0.608106 0.575226 0.988553
v 0.582927 0.447245 1.321148
v 0.551153 0.368945 1.510503
v 0.458979 0.220437 1.867093
v 0.337775 0.101319 2.159283
v 0.198526 0.019041 2.362072
v -0.198453 0.018928 2.362040
v -0.246268 0.041476 2.305669
v -0.292808 0.069010 2.237870
v -0.337742 0.101276 2.159287
v -0.380713 0.137808 2.070658
v -0.458904 0.220340 1.867126
v -0.524420 0.316821 1.634684
v -0.551196 0.369014 1.510419
v -0.582995 0.447369 1.320994
v -0.607876 0.624095 0.857970
v -0.601316 0.670576 0.730126
v -0.471023 0.852785 0.170040
v -0.426387 0.879209 0.081451
v -0.321512 0.921658 -0.064976
v -0.262472 0.937644 -0.121398
v 0.000000 0.965714 -0.223711
v 0.067815 0.963948 -0.217239
v 0.134723 0.958625 -0.197887
v 0.602000 0.524765 1.120289
v 0.493376 0.266709 1.753846
v 0.421070 0.177549 1.972913
v 0.292740 0.068882 2.237784
v 0.246240 0.041393 2.305591
v 0.149667 0.001432 2.406417
v -0.602000 0.524765 1.120289
v -0.199835 0.949719 -0.165839
v -0.134723 0.958625 -0.197887
v -0.067815 0.963948 -0.217239
v 0.000654 0.978249 -0.235164
v -0.000266 0.979967 -0.215395
v -0.000622 0.961993 -0.212825
v 0.000190 0.958895 -0.230702
v 0.052781 0.968969 -0.234006
v 0.082069 0.974701 -0.205272
v 0.081067 0.963788 -0.203653
v 0.080141 0.954638 -0.216685
v 0.104503 0.979414 -0.214028
v 0.151973 0.957642 -0.206331
v 0.224461 0.960838 -0.162927
v 0.208142 0.966192 -0.162850
v 0.209840 0.956240 -0.147211
v 0.163236 0.948836 -0.177342
v 0.216125 0.939748 -0.161821
v 0.236887 0.936092 -0.132439
v 0.281124 0.934586 -0.123703
v 0.335000 0.934552 -0.063327
v 0.325546 0.918923 -0.043498
v 0.341597 0.929868 -0.034735
v 0.347461 0.904092 -0.035415
v 0.397514 0.905113 0.008071
v 0.445139 0.888322 0.108844
v 0.427977 0.887992 0.100243
v 0.426582 0.875571 0.105795
v 0.401319 0.887302 0.024102
v 0.451743 0.855194 0.139379
v 0.491450 0.853889 0.181172
v 0.490212 0.840625 0.189083
v 0.525124 0.829843 0.301453
v 0.509063 0.831010 0.288589
v 0.506442 0.818350 0.294574
v 0.550651 0.780647 0.376360
v 0.561905 0.788254 0.391967
v 0.577293 0.765977 0.494784
v 0.562821 0.751202 0.517683
v 0.539134 0.780599 0.389096
v 0.595123 0.704806 0.608248
v 0.576485 0.748031 0.554056
v 0.605170 0.711203 0.628044
v 0.582154 0.701016 0.630480
v 0.603217 0.697209 0.705185
v 0.592652 0.657205 0.777918
v 0.620740 0.613941 0.918114
v 0.599842 0.586643 0.991975
v 0.607557 0.588726 0.927866
v 0.620154 0.607221 0.893147
v 0.597927 0.567862 0.996116
v 0.611168 0.508989 1.151941
v 0.606372 0.494277 1.222814
v 0.602319 0.514117 1.194386
v 0.580227 0.468519 1.256341
v 0.585786 0.441961 1.311215
v 0.583261 0.475590 1.293199
v 0.566439 0.442424 1.351440
v 0.577739 0.400853 1.424555
v 0.569488 0.396223 1.475692
v 0.535695 0.354030 1.535217
v 0.507476 0.299741 1.716934
v 0.521546 0.340757 1.608254
v 0.525564 0.295672 1.674778
v 0.514255 0.292254 1.723038
v 0.482640 0.273269 1.747167
v 0.508782 0.286471 1.684116
v 0.461876 0.248230 1.829469
v 0.421949 0.165220 1.980149
v 0.470219 0.217242 1.865574
v 0.441110 0.197784 1.954502
v 0.364263 0.135540 2.119051
v 0.388038 0.165674 2.031158
v 0.394756 0.157578 2.011441
v 0.400081 0.143658 2.057220
v 0.358931 0.119591 2.145380
v 0.309888 0.098786 2.193401
v 0.330953 0.084004 2.178404
v 0.301312 0.078400 2.203758
v 0.309811 0.070943 2.233314
v 0.276314 0.063330 2.285053
v 0.239449 0.026856 2.318701
v 0.241302 0.056236 2.311971
v 0.216138 0.022540 2.363791
v 0.198851 0.029586 2.344846
v 0.199907 0.017382 2.348328
v 0.163684 0.018566 2.406980
v 0.152517 0.018710 2.400393
v 0.139483 -0.011767 2.416831
v 0.104438 -0.001276 2.423818
v 0.103924 -0.013197 2.426741
v 0.088523 -0.005976 2.458221
v 0.046477 -0.004065 2.453580
v 0.120092 -0.009789 2.442990
v 0.048440 -0.025946 2.466372
v 0.025244 -0.008331 2.475053
v 0.034245 -0.019058 2.448858
v -0.000587 -0.030497 2.467603
v -0.020836 -0.017702 2.450859
v -0.037361 -0.020103 2.473633
v -0.057123 -0.003068 2.449996
v -0.055510 -0.027239 2.456953
v -0.077514 -0.003373 2.461849
v -0.099453 -0.010618 2.426265
v -0.120095 -0.009788 2.442989
v -0.163691 0.018568 2.406975
v -0.139787 0.012707 2.400943
v -0.142202 -0.011015 2.414671
v -0.216140 0.022540 2.363790
v -0.198852 0.029587 2.344846
v -0.199910 0.017383 2.348324
v -0.241305 0.056238 2.311967
v -0.239451 0.026857 2.318698
v -0.276316 0.063331 2.285050
v -0.301313 0.078400 2.203757
v -0.309811 0.070943 2.233313
v -0.364262 0.135540 2.119051
v -0.358932 0.119591 2.145379
v -0.309889 0.098787 2.193400
v -0.330954 0.084005 2.178402
v -0.400081 0.143658 2.057220
v -0.394756 0.157578 2.011441
v -0.441110 0.197785 1.954501
v -0.388038 0.165674 2.031157
v -0.421950 0.165222 1.980146
v -0.507474 0.299737 1.716942
v -0.461876 0.248230 1.829469
v -0.508780 0.286469 1.684121
v -0.470219 0.217242 1.865573
v -0.514255 0.292254 1.723037
v -0.482640 0.273269 1.747167
v -0.525564 0.295673 1.674778
v -0.521546 0.340757 1.608255
v -0.535694 0.354030 1.535218
v -0.569488 0.396223 1.475692
v -0.585786 0.441962 1.311214
v -0.577739 0.400853 1.424554
v -0.583261 0.475588 1.293202
v -0.566439 0.442424 1.351440
v -0.580227 0.468519 1.256341
v -0.606372 0.494277 1.222814
v -0.602319 0.514118 1.194384
v -0.611168 0.508989 1.151941
v -0.620740 0.613940 0.918115
v -0.599842 0.586642 0.991976
v -0.597927 0.567862 0.996117
v -0.620154 0.607221 0.893147
v -0.592652 0.657205 0.777918
v -0.607557 0.588727 0.927865
v -0.603217 0.697209 0.705185
v -0.595123 0.704807 0.608247
v -0.605170 0.711203 0.628044
v -0.562821 0.751202 0.517682
v -0.582154 0.701016 0.630480
v -0.577293 0.765977 0.494783
v -0.576485 0.748032 0.554054
v -0.561905 0.788254 0.391967
v -0.539134 0.780599 0.389095
v -0.525123 0.829844 0.301451
v -0.509062 0.831011 0.288588
v -0.506442 0.818350 0.294574
v -0.550650 0.780648 0.376358
v -0.491450 0.853889 0.181171
v -0.490212 0.840626 0.189081
v -0.451743 0.855194 0.139378
v -0.445138 0.888322 0.108842
v -0.427976 0.887992 0.100242
v -0.426582 0.875571 0.105794
v -0.401317 0.887303 0.024098
v -0.397513 0.905113 0.008071
v -0.341596 0.929868 -0.034737
v -0.347459 0.904093 -0.035418
v -0.325545 0.918923 -0.043499
v -0.334999 0.934552 -0.063328
v -0.281123 0.934586 -0.123703
v -0.224460 0.960838 -0.162928
v -0.209839 0.956241 -0.147212
v -0.236884 0.936093 -0.132441
v -0.216122 0.939748 -0.161824
v -0.208139 0.966192 -0.162852
v -0.163233 0.948836 -0.177343
v -0.151972 0.957642 -0.206331
v -0.104495 0.979415 -0.214030
v -0.082060 0.974701 -0.205275
v -0.081064 0.963788 -0.203654
v -0.080126 0.954639 -0.216688
v -0.052766 0.968969 -0.234009
v -0.000654 0.978249 -0.235165
v 0.000266 0.979967 -0.215394
v 0.000622 0.961992 -0.212823
v -0.000190 0.958896 -0.230701
vn -0.0410 0.9333 0.3567
vn 0.0096 0.9163 0.4004
vn 0.0535 0.9360 0.3479
vn 0.1165 0.9103 0.3972
vn -0.0954 0.9170 0.3873
vn -0.0622 0.9462 0.3174
vn 0.0560 0.9581 0.2808
vn 0.1788 0.9233 0.3399
vn 0.0787 0.8947 0.4397
vn -0.1617 0.9208 0.3550
vn 0.2443 0.8931 0.3778
vn -0.0403 0.8878 0.4584
vn -0.0985 0.9015 0.4215
vn -0.2026 0.9303 0.3057
vn -0.0924 0.9580 0.2714
vn 0.1496 0.9603 0.2353
vn 0.2114 0.9338 0.2886
vn -0.0907 0.8671 0.4898
vn 0.0535 0.9811 0.1860
vn 0.2341 0.8741 0.4256
vn 0.1346 0.8713 0.4719
vn -0.3096 0.9067 0.2865
vn -0.0589 0.9802 0.1889
vn 0.3185 0.8941 0.3148
vn 0.0344 0.8639 0.5025
vn -0.1899 0.8720 0.4512
vn -0.2332 0.8865 0.3997
vn 0.3880 0.8457 0.3665
vn 0.2433 0.8402 0.4846
vn -0.3179 0.8837 0.3434
vn -0.2070 0.9511 0.2292
vn -0.1936 0.9662 0.1700
vn 0.3017 0.9229 0.2391
vn 0.3517 0.8287 0.4353
vn 0.1340 0.8438 0.5197
vn -0.1926 0.8416 0.5046
vn -0.2952 0.8385 0.4580
vn -0.3514 0.8448 0.4035
vn 0.2103 0.9632 0.1674
vn -0.0596 0.9929 0.1027
vn 0.0983 0.9896 0.1047
vn 0.4407 0.8584 0.2627
vn 0.4348 0.8430 0.3168
vn -0.0632 0.8414 0.5367
vn -0.3565 0.9028 0.2405
vn 0.3704 0.9147 0.1616
vn 0.4545 0.7981 0.3956
vn 0.0665 0.8285 0.5560
vn -0.3180 0.8034 0.5034
vn -0.4401 0.8456 0.3021
vn -0.2359 0.9676 0.0899
vn 0.3222 0.9407 0.1061
vn 0.4265 0.8797 0.2105
vn 0.4662 0.7629 0.4479
vn 0.3669 0.7930 0.4863
vn 0.2719 0.8109 0.5182
vn 0.2003 0.8057 0.5574
vn -0.2387 0.8051 0.5430
vn -0.4553 0.8115 0.3663
vn -0.4727 0.8545 0.2153
vn -0.0282 0.9996 -0.0001
vn 0.0907 0.9958 0.0109
vn 0.5438 0.7679 0.3385
vn -0.3544 0.8066 0.4731
vn -0.3514 0.9211 0.1676
vn -0.1513 0.9883 0.0171
vn 0.2081 0.9761 0.0629
vn 0.5468 0.7858 0.2891
vn -0.4504 0.7859 0.4236
vn -0.3898 0.9153 0.1017
vn 0.5403 0.7427 0.3957
vn 0.3442 0.7748 0.5303
vn -0.0246 0.8127 0.5822
vn -0.1459 0.8088 0.5696
vn -0.5293 0.7884 0.3136
vn -0.4825 0.8649 0.1384
vn 0.2333 0.9719 -0.0301
vn 0.3596 0.9326 0.0305
vn 0.4583 0.8832 0.0997
vn 0.5072 0.8455 0.1670
vn 0.5515 0.8035 0.2241
vn -0.5478 0.7998 0.2455
vn -0.2898 0.9570 -0.0121
vn -0.0354 0.9956 -0.0867
vn 0.1073 0.9912 -0.0781
vn 0.4191 0.7516 0.5093
vn 0.1229 0.8046 0.5810
vn -0.5722 0.7460 0.3407
vn -0.5400 0.8257 0.1628
vn -0.1746 0.9823 -0.0675
vn 0.5329 0.7221 0.4412
vn -0.3847 0.7636 0.5186
vn -0.4632 0.7531 0.4672
vn -0.5423 0.7384 0.4008
vn -0.3998 0.9150 0.0540
vn 0.3245 0.9451 -0.0399
vn 0.4633 0.8849 0.0477
vn 0.5314 0.8393 0.1152
vn 0.5592 0.8145 0.1544
vn 0.0568 0.8088 0.5853
vn 0.0006 0.8077 0.5896
vn -0.0674 0.8061 0.5880
vn -0.1283 0.8026 0.5826
vn -0.1947 0.7932 0.5770
vn -0.4639 0.7384 0.4894
vn -0.5248 0.7218 0.4512
vn -0.5910 0.7521 0.2917
vn -0.5714 0.7966 0.1974
vn -0.5318 0.8395 0.1117
vn -0.4983 0.8632 0.0813
vn -0.3800 0.9249 -0.0151
vn 0.2075 0.9740 -0.0909
vn 0.2700 0.9602 -0.0711
vn 0.3885 0.9213 -0.0159
vn 0.4328 0.9014 0.0137
vn 0.5130 0.8546 0.0809
vn 0.5806 0.7926 0.1860
vn 0.5998 0.7664 0.2300
vn 0.5995 0.7571 0.2596
vn 0.6042 0.7407 0.2938
vn 0.5906 0.7184 0.3674
vn 0.5737 0.7114 0.4059
vn 0.4974 0.7307 0.4676
vn 0.3963 0.7469 0.5339
vn 0.2515 0.7833 0.5684
vn -0.2541 0.7837 0.5668
vn -0.3045 0.7742 0.5549
vn -0.3454 0.7655 0.5429
vn -0.4077 0.7436 0.5299
vn -0.4435 0.7384 0.5080
vn -0.5113 0.7221 0.4659
vn -0.5431 0.7185 0.4345
vn -0.5743 0.7074 0.4119
vn -0.5911 0.7174 0.3688
vn -0.5962 0.7570 0.2673
vn -0.6015 0.7665 0.2252
vn -0.4781 0.8771 0.0455
vn -0.4393 0.8983 0.0112
vn -0.3326 0.9418 -0.0494
vn -0.2734 0.9591 -0.0731
vn 0.0048 0.9918 -0.1279
vn 0.0688 0.9900 -0.1229
vn 0.1464 0.9823 -0.1169
vn 0.6090 0.7255 0.3204
vn 0.5229 0.7216 0.4537
vn 0.5938 0.6489 0.4757
vn 0.3642 0.7539 0.5467
vn 0.3104 0.7698 0.5577
vn 0.2105 0.7905 0.5752
vn -0.6179 0.7190 0.3182
vn -0.2180 0.9704 -0.1034
vn -0.1410 0.9834 -0.1146
vn -0.0780 0.9890 -0.1257
vn -0.5433 0.4966 -0.6769
vn -0.6128 0.6445 0.4572
vn -0.6449 -0.4600 0.6104
vn -0.5882 -0.6578 -0.4706
vn 0.1554 -0.0070 -0.9878
vn -0.1399 0.6227 0.7698
vn -0.2651 -0.3706 0.8902
vn -0.0154 -0.9863 -0.1645
vn 0.1817 0.8990 -0.3985
vn 0.3705 -0.1916 -0.9088
vn 0.5421 0.5401 -0.6438
vn 0.0926 0.9912 0.0950
vn -0.4611 0.3930 0.7956
vn -0.3220 -0.7500 0.5777
vn 0.1593 -0.8587 -0.4872
vn -0.5566 -0.7218 0.4114
vn 0.6086 -0.2572 -0.7506
vn 0.6328 0.6745 -0.3802
vn -0.7185 -0.2027 0.6653
vn -0.2183 0.8789 0.4241
vn -0.1496 -0.9689 -0.1970
vn 0.8151 0.2730 -0.5110
vn 0.4258 0.9042 0.0329
vn -0.5247 0.6767 0.5166
vn -0.8828 -0.0639 0.4653
vn 0.4611 -0.7424 -0.4860
vn -0.9211 -0.1916 0.3390
vn 0.9082 0.2582 -0.3293
vn 0.5779 -0.6901 -0.4356
vn 0.4495 0.8852 0.1194
vn -0.5643 0.7070 0.4263
vn -0.9175 0.1791 0.3552
vn 0.3805 -0.8455 -0.3748
vn 0.9716 0.1396 -0.1909
vn 0.6380 0.7593 0.1280
vn -0.9224 0.2711 0.2750
vn -0.5212 -0.8431 -0.1324
vn 0.4090 -0.8426 -0.3504
vn -0.2912 0.8942 0.3400
vn 0.9892 0.1256 -0.0755
vn -0.5867 -0.7797 -0.2185
vn 0.4115 0.8658 0.2846
vn -0.9475 -0.3157 -0.0512
vn 0.7962 0.5628 0.2219
vn -0.9004 0.4081 0.1508
vn -0.0574 -0.9339 -0.3529
vn 0.8366 -0.5042 -0.2141
vn -0.9194 -0.3517 -0.1762
vn 0.8514 -0.5033 -0.1474
vn 0.9566 0.2110 0.2008
vn 0.4013 0.8491 0.3435
vn -0.7274 -0.6157 -0.3030
vn 0.1544 -0.9215 -0.3562
vn -0.1745 0.9157 0.3620
vn -0.9413 0.3370 -0.0197
vn 0.8495 -0.5217 -0.0788
vn 0.7769 0.5119 0.3665
vn -0.8976 -0.3192 -0.3040
vn 0.1092 0.9083 0.4037
vn -0.8272 0.5601 0.0456
vn 0.8279 -0.5593 -0.0425
vn 0.8415 0.3712 0.3926
vn -0.9445 -0.0830 -0.3178
vn -0.1825 -0.8971 -0.4023
vn -0.8188 0.5724 -0.0429
vn 0.3300 -0.9141 -0.2355
vn 0.8236 -0.5666 0.0243
vn 0.7774 0.4282 0.4608
vn 0.1456 0.8937 0.4245
vn -0.8408 0.5235 -0.1377
vn -0.7419 -0.4590 -0.4888
vn 0.8999 -0.3562 0.2516
vn 0.7958 0.2836 0.5351
vn -0.8201 0.5093 -0.2609
vn 0.3570 -0.9146 -0.1897
vn -0.6504 -0.4475 -0.6138
vn 0.8404 -0.4153 0.3483
vn 0.6663 0.3915 0.6347
vn 0.3924 -0.9167 -0.0759
vn -0.1681 0.9451 0.2801
vn 0.7485 -0.2257 0.6236
vn -0.7608 0.1781 -0.6240
vn -0.4245 -0.6149 -0.6646
vn 0.3474 0.6418 0.6836
vn -0.3074 0.9516 -0.0058
vn 0.3233 -0.9455 0.0397
vn -0.4855 -0.0132 -0.8742
vn -0.2885 -0.4884 -0.8236
vn 0.3144 0.2772 0.9079
vn -0.2480 0.8796 -0.4059
vn 0.5230 -0.3760 0.7649
vn 0.2168 -0.7767 0.5914
vn 0.0705 0.4580 0.8861
vn -0.1774 -0.2183 -0.9596
vn 0.0126 -0.9565 0.2916
vn 0.0706 -0.3909 -0.9177
vn -0.1730 -0.2871 0.9421
vn 0.1772 0.9144 -0.3639
vn -0.1329 -0.9902 0.0426
vn -0.2128 0.5385 0.8153
vn 0.3631 -0.4351 -0.8239
vn -0.5198 -0.3665 0.7717
vn -0.2938 0.6959 0.6552
vn 0.5139 0.7460 -0.4235
vn -0.3077 -0.9513 0.0197
vn -0.7493 -0.2224 0.6238
vn 0.7415 0.0595 -0.6683
vn 0.4489 -0.6055 -0.6572
vn 0.1674 0.9454 0.2795
vn -0.3925 -0.9166 -0.0760
vn -0.6663 0.3915 0.6347
vn 0.6504 -0.4475 -0.6138
vn -0.8404 -0.4153 0.3483
vn -0.1455 0.8937 0.4245
vn -0.7958 0.2836 0.5351
vn 0.8201 0.5093 -0.2609
vn -0.3570 -0.9146 -0.1897
vn -0.8999 -0.3562 0.2516
vn 0.7419 -0.4590 -0.4888
vn -0.7774 0.4282 0.4608
vn 0.8408 0.5235 -0.1378
vn -0.3300 -0.9141 -0.2355
vn -0.1092 0.9083 0.4037
vn 0.8188 0.5725 -0.0429
vn 0.1825 -0.8971 -0.4023
vn -0.8236 -0.5666 0.0243
vn -0.8415 0.3711 0.3926
vn 0.9445 -0.0830 -0.3178
vn -0.8279 -0.5593 -0.0425
vn 0.8272 0.5600 0.0455
vn 0.8976 -0.3192 -0.3040
vn -0.7769 0.5119 0.3665
vn -0.1544 -0.9215 -0.3563
vn -0.8495 -0.5217 -0.0788
vn 0.1745 0.9157 0.3620
vn 0.9413 0.3370 -0.0197
vn 0.7274 -0.6157 -0.3030
vn -0.9566 0.2110 0.2008
vn -0.4013 0.8491 0.3435
vn -0.8514 -0.5033 -0.1474
vn -0.7962 0.5628 0.2219
vn 0.9004 0.4081 0.1508
vn 0.9194 -0.3517 -0.1762
vn -0.8366 -0.5042 -0.2141
vn 0.9475 -0.3157 -0.0512
vn 0.0574 -0.9339 -0.3529
vn -0.4115 0.8658 0.2846
vn -0.4090 -0.8426 -0.3504
vn -0.9892 0.1256 -0.0755
vn 0.9224 0.2711 0.2750
vn 0.5867 -0.7797 -0.2185
vn -0.6380 0.7593 0.1280
vn 0.2912 0.8942 0.3400
vn -0.9716 0.1396 -0.1909
vn 0.5213 -0.8431 -0.1324
vn -0.4495 0.8852 0.1194
vn 0.5643 0.7070 0.4263
vn 0.9175 0.1791 0.3552
vn -0.3805 -0.8455 -0.3748
vn -0.9082 0.2582 -0.3293
vn -0.5779 -0.6901 -0.4356
vn 0.9211 -0.1916 0.3390
vn -0.4258 0.9042 0.0329
vn 0.5247 0.6767 0.5166
vn 0.8828 -0.0639 0.4653
vn -0.4611 -0.7424 -0.4860
vn -0.8151 0.2730 -0.5110
vn 0.2183 0.8789 0.4241
vn 0.1496 -0.9689 -0.1970
vn 0.7185 -0.2027 0.6653
vn -0.6328 0.6745 -0.3802
vn -0.6086 -0.2572 -0.7506
vn -0.5421 0.5401 -0.6438
vn 0.4611 0.3929 0.7956
vn 0.5566 -0.7218 0.4114
vn -0.1593 -0.8587 -0.4872
vn -0.0926 0.9912 0.0950
vn 0.3220 -0.7500 0.5778
vn -0.3705 -0.1916 -0.9088
vn -0.1817 0.8990 -0.3985
vn 0.1399 0.6227 0.7699
vn 0.2651 -0.3706 0.8902
vn 0.0153 -0.9863 -0.1645
vn -0.1554 -0.0070 -0.9878
vn 0.5434 0.4966 -0.6769
vn 0.6128 0.6445 0.4572
vn 0.6449 -0.4600 0.6104
vn 0.5882 -0.6578 -0.4705
vt 0.507986 0.417539
vt 0.493289 0.413763
vt 0.501997 0.389557
vt 0.481939 0.395969
vt 0.522667 0.389732
vt 0.481543 0.374523
vt 0.488530 0.437824
vt 0.538943 0.421903
vt 0.515661 0.366333
vt 0.467984 0.413037
vt 0.551396 0.397944
vt 0.550669 0.368352
vt 0.456129 0.444146
vt 0.510141 0.456240
vt 0.547636 0.452770
vt 0.531795 0.476711
vt 0.494449 0.358614
vt 0.506553 0.321556
vt 0.456504 0.354495
vt 0.480804 0.326898
vt 0.449850 0.383367
vt 0.510863 0.495821
vt 0.428870 0.417130
vt 0.480139 0.458194
vt 0.453854 0.477631
vt 0.485452 0.496360
vt 0.570835 0.432061
vt 0.567746 0.473104
vt 0.586492 0.396328
vt 0.529528 0.343221
vt 0.549696 0.325041
vt 0.438157 0.342874
vt 0.422043 0.377714
vt 0.458964 0.501061
vt 0.545820 0.505536
vt 0.527848 0.294493
vt 0.461336 0.310327
vt 0.433185 0.449206
vt 0.525953 0.535639
vt 0.485743 0.534160
vt 0.600105 0.427680
vt 0.603424 0.456992
vt 0.578193 0.357391
vt 0.487869 0.265713
vt 0.395841 0.389637
vt 0.397756 0.433058
vt 0.418238 0.504422
vt 0.443002 0.539999
vt 0.598895 0.485914
vt 0.604171 0.370522
vt 0.514453 0.248342
vt 0.433790 0.282931
vt 0.452155 0.251495
vt 0.421125 0.322570
vt 0.585601 0.506474
vt 0.573217 0.532942
vt 0.554142 0.269049
vt 0.394848 0.351678
vt 0.519719 0.571972
vt 0.493658 0.573924
vt 0.580203 0.308012
vt 0.607037 0.328265
vt 0.538202 0.242884
vt 0.631998 0.398220
vt 0.635248 0.435021
vt 0.470843 0.232049
vt 0.395288 0.302466
vt 0.388944 0.477488
vt 0.363078 0.461559
vt 0.406966 0.538153
vt 0.550247 0.548533
vt 0.585028 0.565652
vt 0.623579 0.501972
vt 0.494837 0.222800
vt 0.371035 0.355705
vt 0.384085 0.517726
vt 0.553033 0.590372
vt 0.610372 0.534188
vt 0.638226 0.473269
vt 0.629387 0.361809
vt 0.375137 0.418050
vt 0.357551 0.396287
vt 0.467394 0.569173
vt 0.432640 0.583929
vt 0.524514 0.609247
vt 0.491976 0.612231
vt 0.573010 0.247767
vt 0.604351 0.246293
vt 0.415913 0.255020
vt 0.344035 0.514757
vt 0.459393 0.605802
vt 0.656128 0.514863
vt 0.648938 0.534103
vt 0.513791 0.179672
vt 0.486209 0.179672
vt 0.500000 0.178571
vt 0.472482 0.182963
vt 0.458882 0.188412
vt 0.364452 0.299391
vt 0.340350 0.373039
vt 0.332993 0.429547
vt 0.338449 0.494606
vt 0.402607 0.560409
vt 0.360016 0.552123
vt 0.396673 0.597167
vt 0.572058 0.618308
vt 0.554899 0.625868
vt 0.588261 0.608696
vt 0.617074 0.583817
vt 0.603335 0.597181
vt 0.629314 0.568728
vt 0.639998 0.552136
vt 0.665159 0.473496
vt 0.661561 0.494610
vt 0.666959 0.451736
vt 0.667007 0.429547
vt 0.644116 0.319673
vt 0.651369 0.340793
vt 0.626052 0.280156
vt 0.432351 0.205559
vt 0.445480 0.195968
vt 0.419577 0.217093
vt 0.407249 0.230460
vt 0.395467 0.245531
vt 0.384316 0.262132
vt 0.373942 0.280150
vt 0.348640 0.340798
vt 0.355980 0.319675
vt 0.334842 0.473495
vt 0.382921 0.583823
vt 0.427941 0.618311
vt 0.518630 0.634614
vt 0.500000 0.635714
vt 0.537012 0.631322
vt 0.659671 0.373041
vt 0.665385 0.407143
vt 0.635543 0.299395
vt 0.554518 0.195973
vt 0.567648 0.205561
vt 0.527518 0.182966
vt 0.541117 0.188414
vt 0.334615 0.407143
vt 0.462988 0.631322
vt 0.000000 0.000000
vt 0.414427 0.472440
vt 0.351050 0.534113
vt 0.592750 0.230463
vt 0.333043 0.451736
vt 0.370658 0.568760
vt 0.411728 0.608719
vt 0.615679 0.262139
vt 0.580423 0.217093
vt 0.445100 0.625872
vt 0.481370 0.634614
s 1
usemtl Canopy_Smoked
f 1313/1217/1303 1311/1218/1301 1312/1219/1302
f 1311/1218/1301 1315/1220/1305 1312/1219/1302
f 1312/1219/1302 1314/1221/1304 1313/1217/1303
f 1312/1219/1302 1315/1220/1305 1323/1222/1313
f 1313/1217/1303 1316/1223/1306 1311/1218/1301
f 1314/1221/1304 1318/1224/1308 1313/1217/1303
f 1312/1219/1302 1319/1225/1309 1314/1221/1304
f 1315/1220/1305 1320/1226/1310 1323/1222/1313
f 1314/1221/1304 1321/1227/1311 1318/1224/1308
f 1319/1225/1309 1330/1228/1320 1314/1221/1304
f 1316/1223/1306 1324/1229/1314 1320/1226/1310
f 1317/1230/1307 1327/1231/1317 1326/1232/1316
f 1322/1233/1312 1335/1234/1325 1319/1225/1309
f 1323/1222/1313 1336/1235/1326 1328/1236/1318
f 1323/1222/1313 1337/1237/1327 1336/1235/1326
f 1317/1230/1307 1326/1232/1316 1329/1238/1319
f 1322/1233/1312 1328/1236/1318 1335/1234/1325
f 1324/1229/1314 1340/1239/1330 1320/1226/1310
f 1325/1240/1315 1341/1241/1331 1324/1229/1314
f 1317/1230/1307 1333/1242/1323 1325/1240/1315
f 1318/1224/1308 1321/1227/1311 1334/1243/1324
f 1327/1231/1317 1334/1243/1324 1343/1244/1333
f 1330/1228/1320 1338/1245/1328 1321/1227/1311
f 1331/1246/1321 1339/1247/1329 1330/1228/1320
f 1336/1235/1326 1337/1237/1327 1347/1248/1337
f 1337/1237/1327 1340/1239/1330 1348/1249/1338
f 1333/1242/1323 1342/1250/1332 1341/1241/1331
f 1326/1232/1316 1343/1244/1333 1349/1251/1339
f 1335/1234/1325 1345/1252/1335 1331/1246/1321
f 1336/1235/1326 1347/1248/1337 1346/1253/1336
f 1341/1241/1331 1332/1254/1322 1324/1229/1314
f 1333/1242/1323 1351/1255/1341 1350/1256/1340
f 1329/1238/1319 1349/1251/1339 1351/1255/1341
f 1334/1243/1324 1353/1257/1343 1352/1258/1342
f 1338/1245/1328 1353/1257/1343 1334/1243/1324
f 1339/1247/1329 1344/1259/1334 1330/1228/1320
f 1328/1236/1318 1346/1253/1336 1354/1260/1344
f 1348/1249/1338 1340/1239/1330 1369/1261/1359
f 1332/1254/1322 1360/1262/1350 1340/1239/1330
f 1342/1250/1332 1375/1263/1365 1341/1241/1331
f 1350/1256/1340 1361/1264/1351 1342/1250/1332
f 1343/1244/1333 1352/1258/1342 1363/1265/1353
f 1344/1259/1334 1357/1266/1347 1338/1245/1328
f 1335/1234/1325 1358/1267/1348 1345/1252/1335
f 1354/1260/1344 1358/1267/1348 1335/1234/1325
f 1346/1253/1336 1359/1268/1349 1368/1269/1358
f 1347/1248/1337 1374/1270/1364 1359/1268/1349
f 1347/1248/1337 1348/1249/1338 1374/1270/1364
f 1349/1251/1339 1356/1271/1346 1362/1272/1352
f 1345/1252/1335 1366/1273/1356 1339/1247/1329
f 1348/1249/1338 1369/1261/1359 1379/1274/1369
f 1350/1256/1340 1372/1275/1362 1371/1276/1361
f 1365/1277/1355 1364/1278/1354 1344/1259/1334
f 1358/1267/1348 1367/1279/1357 1345/1252/1335
f 1373/1280/1363 1378/1281/1368 1353/1257/1343
f 1357/1266/1347 1373/1280/1363 1338/1245/1328
f 1354/1260/1344 1368/1269/1358 1384/1282/1374
f 1374/1270/1364 1379/1274/1369 1403/1283/1393
f 1370/1284/1360 1392/1285/1382 1360/1262/1350
f 1361/1264/1351 1380/1286/1370 1375/1263/1365
f 1377/1287/1367 1362/1272/1352 1388/1288/1378
f 1363/1265/1353 1352/1258/1342 1390/1289/1380
f 1354/1260/1344 1384/1282/1374 1383/1290/1373
f 1374/1270/1364 1403/1283/1393 1359/1268/1349
f 1379/1274/1369 1369/1261/1359 1404/1291/1394
f 1380/1286/1370 1386/1292/1376 1375/1263/1365
f 1377/1287/1367 1388/1288/1378 1387/1293/1377
f 1362/1272/1352 1389/1294/1379 1388/1288/1378
f 1356/1271/1346 1390/1289/1380 1389/1294/1379
f 1352/1258/1342 1378/1281/1368 1391/1295/1381
f 1364/1278/1354 1381/1296/1371 1357/1266/1347
f 1369/1261/1359 1385/1297/1375 1398/1298/1388
f 1376/1299/1366 1393/1300/1383 1361/1264/1351
f 1371/1276/1361 1395/1301/1385 1394/1302/1384
f 1372/1275/1362 1387/1293/1377 1395/1301/1385
f 1382/1303/1372 1396/1304/1386 1365/1277/1355
f 1367/1279/1357 1382/1303/1372 1366/1273/1356
f 1359/1268/1349 1403/1283/1393 1402/1305/1392
f 1386/1292/1376 1399/1306/1389 1370/1284/1360
f 1371/1276/1361 1400/1307/1390 1376/1299/1366
f 1390/1289/1380 1409/1308/1399 1408/1309/1398
f 1390/1289/1380 1391/1295/1381 1409/1308/1399
f 1383/1290/1373 1410/1310/1400 1358/1267/1348
f 1383/1290/1373 1412/1311/1402 1411/1312/1401
f 1383/1290/1373 1413/1313/1403 1412/1311/1402
f 1384/1282/1374 1414/1314/1404 1413/1313/1403
f 1384/1282/1374 1368/1269/1358 1414/1314/1404
f 1403/1283/1393 1404/1291/1394 1416/1315/1406
f 1404/1291/1394 1398/1298/1388 1444/1316/1434
f 1392/1285/1382 1417/1317/1407 1385/1297/1375
f 1399/1306/1389 1418/1318/1408 1392/1285/1382
f 1405/1319/1395 1420/1320/1410 1386/1292/1376
f 1393/1300/1383 1421/1321/1411 1405/1319/1395
f 1387/1293/1377 1423/1322/1413 1422/1323/1412
f 1387/1293/1377 1406/1324/1396 1423/1322/1413
f 1388/1288/1378 1425/1325/1415 1424/1326/1414
f 1388/1288/1378 1407/1327/1397 1425/1325/1415
f 1389/1294/1379 1408/1309/1398 1426/1328/1416
f 1391/1295/1381 1428/1329/1418 1427/1330/1417
f 1391/1295/1381 1429/1331/1419 1428/1329/1418
f 1378/1281/1368 1430/1332/1420 1429/1331/1419
f 1373/1280/1363 1430/1332/1420 1378/1281/1368
f 1401/1333/1391 1432/1334/1422 1381/1296/1371
f 1396/1304/1386 1433/1335/1423 1364/1278/1354
f 1368/1269/1358 1437/1336/1427 1436/1337/1426
f 1368/1269/1358 1438/1338/1428 1437/1336/1427
f 1402/1305/1392 1439/1339/1429 1438/1338/1428
f 1402/1305/1392 1440/1340/1430 1439/1339/1429
f 1402/1305/1392 1415/1341/1405 1440/1340/1430
f 1403/1283/1393 1416/1315/1406 1441/1342/1431
f 1404/1291/1394 1443/1343/1433 1442/1344/1432
f 1404/1291/1394 1444/1316/1434 1443/1343/1433
f 1418/1318/1408 1446/1345/1436 1392/1285/1382
f 1421/1321/1411 1448/1346/1438 1405/1319/1395
f 1400/1307/1390 1450/1347/1440 1393/1300/1383
f 1394/1302/1384 1452/1348/1442 1451/1349/1441
f 1395/1301/1385 1453/1350/1443 1452/1348/1442
f 1395/1301/1385 1422/1323/1412 1453/1350/1443
f 1431/1351/1421 1454/1352/1444 1373/1280/1363
f 1433/1335/1423 1455/1353/1445 1401/1333/1391
f 1435/1354/1425 1458/1355/1448 1382/1303/1372
f 1397/1356/1387 1459/1357/1449 1367/1279/1357
f 1398/1298/1388 1417/1317/1407 1460/1358/1450
f 1394/1302/1384 1462/1359/1452 1400/1307/1390
f 1311/1218/1301 1320/1226/1310 1315/1220/1305
f 1311/1218/1301 1316/1223/1306 1320/1226/1310
f 1316/1223/1306 1313/1217/1303 1317/1230/1307
f 1312/1219/1302 1322/1233/1312 1319/1225/1309
f 1312/1219/1302 1323/1222/1313 1322/1233/1312
f 1317/1230/1307 1313/1217/1303 1318/1224/1308
f 1316/1223/1306 1317/1230/1307 1325/1240/1315
f 1314/1221/1304 1330/1228/1320 1321/1227/1311
f 1323/1222/1313 1320/1226/1310 1337/1237/1327
f 1316/1223/1306 1325/1240/1315 1324/1229/1314
f 1317/1230/1307 1318/1224/1308 1327/1231/1317
f 1319/1225/1309 1331/1246/1321 1330/1228/1320
f 1319/1225/1309 1335/1234/1325 1331/1246/1321
f 1322/1233/1312 1323/1222/1313 1328/1236/1318
f 1337/1237/1327 1320/1226/1310 1340/1239/1330
f 1324/1229/1314 1332/1254/1322 1340/1239/1330
f 1325/1240/1315 1333/1242/1323 1341/1241/1331
f 1317/1230/1307 1329/1238/1319 1333/1242/1323
f 1327/1231/1317 1318/1224/1308 1334/1243/1324
f 1326/1232/1316 1327/1231/1317 1343/1244/1333
f 1321/1227/1311 1338/1245/1328 1334/1243/1324
f 1328/1236/1318 1336/1235/1326 1346/1253/1336
f 1329/1238/1319 1326/1232/1316 1349/1251/1339
f 1330/1228/1320 1344/1259/1334 1338/1245/1328
f 1331/1246/1321 1345/1252/1335 1339/1247/1329
f 1347/1248/1337 1337/1237/1327 1348/1249/1338
f 1333/1242/1323 1329/1238/1319 1351/1255/1341
f 1335/1234/1325 1328/1236/1318 1354/1260/1344
f 1341/1241/1331 1355/1361/1345 1332/1254/1322
f 1333/1242/1323 1350/1256/1340 1342/1250/1332
f 1343/1244/1333 1334/1243/1324 1352/1258/1342
f 1332/1254/1322 1355/1361/1345 1360/1262/1350
f 1341/1241/1331 1375/1263/1365 1355/1361/1345
f 1351/1255/1341 1349/1251/1339 1377/1287/1367
f 1349/1251/1339 1343/1244/1333 1356/1271/1346
f 1339/1247/1329 1365/1277/1355 1344/1259/1334
f 1346/1253/1336 1347/1248/1337 1359/1268/1349
f 1369/1261/1359 1340/1239/1330 1360/1262/1350
f 1342/1250/1332 1361/1264/1351 1375/1263/1365
f 1377/1287/1367 1349/1251/1339 1362/1272/1352
f 1356/1271/1346 1343/1244/1333 1363/1265/1353
f 1344/1259/1334 1364/1278/1354 1357/1266/1347
f 1339/1247/1329 1366/1273/1356 1365/1277/1355
f 1345/1252/1335 1367/1279/1357 1366/1273/1356
f 1354/1260/1344 1346/1253/1336 1368/1269/1358
f 1374/1270/1364 1348/1249/1338 1379/1274/1369
f 1355/1361/1345 1370/1284/1360 1360/1262/1350
f 1350/1256/1340 1351/1255/1341 1372/1275/1362
f 1338/1245/1328 1373/1280/1363 1353/1257/1343
f 1369/1261/1359 1360/1262/1350 1385/1297/1375
f 1355/1361/1345 1375/1263/1365 1370/1284/1360
f 1350/1256/1340 1376/1299/1366 1361/1264/1351
f 1350/1256/1340 1371/1276/1361 1376/1299/1366
f 1372/1275/1362 1351/1255/1341 1377/1287/1367
f 1352/1258/1342 1353/1257/1343 1378/1281/1368
f 1362/1272/1352 1356/1271/1346 1389/1294/1379
f 1357/1266/1347 1381/1296/1371 1373/1280/1363
f 1366/1273/1356 1382/1303/1372 1365/1277/1355
f 1354/1260/1344 1383/1290/1373 1358/1267/1348
f 1375/1263/1365 1386/1292/1376 1370/1284/1360
f 1361/1264/1351 1405/1319/1395 1380/1286/1370
f 1372/1275/1362 1377/1287/1367 1387/1293/1377
f 1356/1271/1346 1363/1265/1353 1390/1289/1380
f 1390/1289/1380 1352/1258/1342 1391/1295/1381
f 1368/1269/1358 1359/1268/1349 1402/1305/1392
f 1404/1291/1394 1369/1261/1359 1398/1298/1388
f 1360/1262/1350 1392/1285/1382 1385/1297/1375
f 1361/1264/1351 1393/1300/1383 1405/1319/1395
f 1371/1276/1361 1372/1275/1362 1395/1301/1385
f 1365/1277/1355 1396/1304/1386 1364/1278/1354
f 1358/1267/1348 1397/1356/1387 1367/1279/1357
f 1370/1284/1360 1399/1306/1389 1392/1285/1382
f 1376/1299/1366 1400/1307/1390 1393/1300/1383
f 1371/1276/1361 1394/1302/1384 1400/1307/1390
f 1364/1278/1354 1401/1333/1391 1381/1296/1371
f 1403/1283/1393 1379/1274/1369 1404/1291/1394
f 1380/1286/1370 1405/1319/1395 1386/1292/1376
f 1387/1293/1377 1388/1288/1378 1406/1324/1396
f 1388/1288/1378 1389/1294/1379 1407/1327/1397
f 1389/1294/1379 1390/1289/1380 1408/1309/1398
f 1381/1296/1371 1431/1351/1421 1373/1280/1363
f 1358/1267/1348 1410/1310/1400 1397/1356/1387
f 1383/1290/1373 1411/1312/1401 1410/1310/1400
f 1383/1290/1373 1384/1282/1374 1413/1313/1403
f 1402/1305/1392 1403/1283/1393 1415/1341/1405
f 1398/1298/1388 1385/1297/1375 1417/1317/1407
f 1386/1292/1376 1419/1362/1409 1399/1306/1389
f 1386/1292/1376 1420/1320/1410 1419/1362/1409
f 1395/1301/1385 1387/1293/1377 1422/1323/1412
f 1406/1324/1396 1388/1288/1378 1424/1326/1414
f 1407/1327/1397 1389/1294/1379 1426/1328/1416
f 1409/1308/1399 1391/1295/1381 1427/1330/1417
f 1391/1295/1381 1378/1281/1368 1429/1331/1419
f 1381/1296/1371 1432/1334/1422 1431/1351/1421
f 1364/1278/1354 1433/1335/1423 1401/1333/1391
f 1382/1303/1372 1434/1363/1424 1396/1304/1386
f 1367/1279/1357 1435/1354/1425 1382/1303/1372
f 1414/1314/1404 1368/1269/1358 1436/1337/1426
f 1368/1269/1358 1402/1305/1392 1438/1338/1428
f 1415/1341/1405 1403/1283/1393 1441/1342/1431
f 1416/1315/1406 1404/1291/1394 1442/1344/1432
f 1392/1285/1382 1445/1364/1435 1417/1317/1407
f 1392/1285/1382 1446/1345/1436 1445/1364/1435
f 1405/1319/1395 1447/1365/1437 1420/1320/1410
f 1405/1319/1395 1448/1346/1438 1447/1365/1437
f 1393/1300/1383 1449/1366/1439 1421/1321/1411
f 1393/1300/1383 1450/1347/1440 1449/1366/1439
f 1394/1302/1384 1395/1301/1385 1452/1348/1442
f 1373/1280/1363 1454/1352/1444 1430/1332/1420
f 1396/1304/1386 1456/1367/1446 1433/1335/1423
f 1382/1303/1372 1457/1368/1447 1434/1363/1424
f 1382/1303/1372 1458/1355/1448 1457/1368/1447
f 1367/1279/1357 1459/1357/1449 1435/1354/1425
f 1444/1316/1434 1398/1298/1388 1460/1358/1450
f 1400/1307/1390 1461/1369/1451 1450/1347/1440
f 1400/1307/1390 1462/1359/1452 1461/1369/1451
f 1394/1302/1384 1463/1370/1453 1462/1359/1452
f 1394/1302/1384 1451/1349/1441 1463/1370/1453
usemtl Panel_Trim
f 1472/1360/1462 1464/1360/1454 1465/1360/1455
f 1470/1360/1460 1465/1360/1455 1466/1360/1456
f 1467/1360/1457 1471/1360/1461 1466/1360/1456
f 1464/1360/1454 1468/1360/1458 1467/1360/1457
f 1473/1360/1463 1471/1360/1461 1468/1360/1458
f 1469/1360/1459 1475/1360/1465 1472/1360/1462
f 1477/1360/1467 1470/1360/1460 1471/1360/1461
f 1470/1360/1460 1476/1360/1466 1469/1360/1459
f 1478/1360/1468 1477/1360/1467 1471/1360/1461
f 1474/1360/1464 1480/1360/1470 1473/1360/1463
f 1479/1360/1469 1476/1360/1466 1477/1360/1467
f 1480/1360/1470 1478/1360/1468 1473/1360/1463
f 1475/1360/1465 1481/1360/1471 1474/1360/1464
f 1482/1360/1472 1476/1360/1466 1479/1360/1469
f 1484/1360/1474 1479/1360/1469 1478/1360/1468
f 1484/1360/1474 1482/1360/1472 1479/1360/1469
f 1481/1360/1471 1485/1360/1475 1480/1360/1470
f 1489/1360/1479 1484/1360/1474 1480/1360/1470
f 1483/1360/1473 1486/1360/1476 1481/1360/1471
f 1482/1360/1472 1487/1360/1477 1483/1360/1473
f 1487/1360/1477 1486/1360/1476 1483/1360/1473
f 1490/1360/1480 1488/1360/1478 1484/1360/1474
f 1486/1360/1476 1491/1360/1481 1485/1360/1475
f 1491/1360/1481 1489/1360/1479 1485/1360/1475
f 1488/1360/1478 1494/1360/1484 1487/1360/1477
f 1496/1360/1486 1490/1360/1480 1489/1360/1479
f 1494/1360/1484 1493/1360/1483 1486/1360/1476
f 1500/1360/1490 1495/1360/1485 1490/1360/1480
f 1493/1360/1483 1497/1360/1487 1491/1360/1481
f 1497/1360/1487 1492/1360/1482 1491/1360/1481
f 1495/1360/1485 1502/1360/1492 1494/1360/1484
f 1501/1360/1491 1500/1360/1490 1496/1360/1486
f 1498/1360/1488 1503/1360/1493 1497/1360/1487
f 1504/1360/1494 1499/1360/1489 1500/1360/1490
f 1497/1360/1487 1501/1360/1491 1496/1360/1486
f 1502/1360/1492 1505/1360/1495 1498/1360/1488
f 1504/1360/1494 1506/1360/1496 1499/1360/1489
f 1505/1360/1495 1507/1360/1497 1503/1360/1493
f 1506/1360/1496 1508/1360/1498 1502/1360/1492
f 1509/1360/1499 1506/1360/1496 1504/1360/1494
f 1510/1360/1500 1501/1360/1491 1503/1360/1493
f 1508/1360/1498 1514/1360/1504 1505/1360/1495
f 1509/1360/1499 1511/1360/1501 1506/1360/1496
f 1511/1360/1501 1508/1360/1498 1506/1360/1496
f 1512/1360/1502 1509/1360/1499 1510/1360/1500
f 1513/1360/1503 1512/1360/1502 1507/1360/1497
f 1516/1360/1506 1511/1360/1501 1509/1360/1499
f 1518/1360/1508 1517/1360/1507 1508/1360/1498
f 1519/1360/1509 1516/1360/1506 1512/1360/1502
f 1520/1360/1510 1519/1360/1509 1513/1360/1503
f 1520/1360/1510 1513/1360/1503 1514/1360/1504
f 1516/1360/1506 1521/1360/1511 1515/1360/1505
f 1522/1360/1512 1520/1360/1510 1517/1360/1507
f 1518/1360/1508 1523/1360/1513 1517/1360/1507
f 1521/1360/1511 1523/1360/1513 1518/1360/1508
f 1524/1360/1514 1516/1360/1506 1519/1360/1509
f 1525/1360/1515 1524/1360/1514 1520/1360/1510
f 1521/1360/1511 1526/1360/1516 1523/1360/1513
f 1528/1360/1518 1522/1360/1512 1523/1360/1513
f 1526/1360/1516 1528/1360/1518 1523/1360/1513
f 1524/1360/1514 1529/1360/1519 1527/1360/1517
f 1531/1360/1521 1530/1360/1520 1525/1360/1515
f 1533/1360/1523 1522/1360/1512 1528/1360/1518
f 1534/1360/1524 1528/1360/1518 1526/1360/1516
f 1534/1360/1524 1526/1360/1516 1527/1360/1517
f 1531/1360/1521 1535/1360/1525 1530/1360/1520
f 1536/1360/1526 1535/1360/1525 1531/1360/1521
f 1537/1360/1527 1532/1360/1522 1533/1360/1523
f 1535/1360/1525 1538/1360/1528 1529/1360/1519
f 1539/1360/1529 1537/1360/1527 1533/1360/1523
f 1538/1360/1528 1539/1360/1529 1534/1360/1524
f 1541/1360/1531 1540/1360/1530 1536/1360/1526
f 1543/1360/1533 1532/1360/1522 1537/1360/1527
f 1543/1360/1533 1541/1360/1531 1532/1360/1522
f 1540/1360/1530 1542/1360/1532 1538/1360/1528
f 1544/1360/1534 1540/1360/1530 1541/1360/1531
f 1545/1360/1535 1543/1360/1533 1537/1360/1527
f 1539/1360/1529 1545/1360/1535 1537/1360/1527
f 1542/1360/1532 1546/1360/1536 1539/1360/1529
f 1547/1360/1537 1544/1360/1534 1541/1360/1531
f 1544/1360/1534 1549/1360/1539 1542/1360/1532
f 1550/1360/1540 1548/1360/1538 1545/1360/1535
f 1546/1360/1536 1550/1360/1540 1545/1360/1535
f 1549/1360/1539 1551/1360/1541 1546/1360/1536
f 1552/1360/1542 1554/1360/1544 1547/1360/1537
f 1553/1360/1543 1547/1360/1537 1548/1360/1538
f 1556/1360/1546 1552/1360/1542 1547/1360/1537
f 1554/1360/1544 1555/1360/1545 1549/1360/1539
f 1552/1360/1542 1555/1360/1545 1554/1360/1544
f 1551/1360/1541 1557/1360/1547 1550/1360/1540
f 1549/1360/1539 1557/1360/1547 1551/1360/1541
f 1555/1360/1545 1558/1360/1548 1549/1360/1539
f 1556/1360/1546 1558/1360/1548 1555/1360/1545
f 1558/1360/1548 1559/1360/1549 1557/1360/1547
f 1560/1360/1550 1558/1360/1548 1556/1360/1546
f 1553/1360/1543 1563/1360/1553 1556/1360/1546
f 1559/1360/1549 1561/1360/1551 1553/1360/1543
f 1562/1360/1552 1559/1360/1549 1558/1360/1548
f 1565/1360/1555 1562/1360/1552 1560/1360/1550
f 1561/1360/1551 1566/1360/1556 1563/1360/1553
f 1564/1360/1554 1567/1360/1557 1561/1360/1551
f 1568/1360/1558 1564/1360/1554 1562/1360/1552
f 1566/1360/1556 1569/1360/1559 1565/1360/1555
f 1571/1360/1561 1567/1360/1557 1564/1360/1554
f 1569/1360/1559 1568/1360/1558 1565/1360/1555
f 1567/1360/1557 1572/1360/1562 1566/1360/1556
f 1572/1360/1562 1574/1360/1564 1566/1360/1556
f 1570/1360/1560 1572/1360/1562 1567/1360/1557
f 1573/1360/1563 1571/1360/1561 1568/1360/1558
f 1575/1360/1565 1570/1360/1560 1571/1360/1561
f 1576/1360/1566 1573/1360/1563 1569/1360/1559
f 1577/1360/1567 1578/1360/1568 1574/1360/1564
f 1580/1360/1570 1575/1360/1565 1573/1360/1563
f 1578/1360/1568 1581/1360/1571 1576/1360/1566
f 1581/1360/1571 1580/1360/1570 1576/1360/1566
f 1582/1360/1572 1584/1360/1574 1575/1360/1565
f 1577/1360/1567 1583/1360/1573 1578/1360/1568
f 1585/1360/1575 1582/1360/1572 1580/1360/1570
f 1582/1360/1572 1587/1360/1577 1584/1360/1574
f 1589/1360/1579 1585/1360/1575 1581/1360/1571
f 1586/1360/1576 1583/1360/1573 1577/1360/1567
f 1584/1360/1574 1586/1360/1576 1577/1360/1567
f 1585/1360/1575 1588/1360/1578 1582/1360/1572
f 1586/1360/1576 1590/1360/1580 1583/1360/1573
f 1590/1360/1580 1592/1360/1582 1589/1360/1579
f 1592/1360/1582 1585/1360/1575 1589/1360/1579
f 1594/1360/1584 1591/1360/1581 1588/1360/1578
f 1586/1360/1576 1595/1360/1585 1590/1360/1580
f 1595/1360/1585 1597/1360/1587 1592/1360/1582
f 1596/1360/1586 1594/1360/1584 1588/1360/1578
f 1592/1360/1582 1596/1360/1586 1588/1360/1578
f 1598/1360/1588 1586/1360/1576 1593/1360/1583
f 1600/1360/1590 1599/1360/1589 1594/1360/1584
f 1598/1360/1588 1602/1360/1592 1595/1360/1585
f 1601/1360/1591 1603/1360/1593 1597/1360/1587
f 1600/1360/1590 1605/1360/1595 1599/1360/1589
f 1596/1360/1586 1606/1360/1596 1600/1360/1590
f 1602/1360/1592 1604/1360/1594 1601/1360/1591
f 1605/1360/1595 1602/1360/1592 1598/1360/1588
f 1606/1360/1596 1605/1360/1595 1600/1360/1590
f 1603/1360/1593 1609/1360/1599 1596/1360/1586
f 1604/1360/1594 1607/1360/1597 1603/1360/1593
f 1610/1360/1600 1604/1360/1594 1602/1360/1592
f 1607/1360/1597 1611/1360/1601 1609/1360/1599
f 1604/1360/1594 1612/1360/1602 1607/1360/1597
f 1616/1360/1606 1610/1360/1600 1605/1360/1595
f 1611/1360/1601 1614/1360/1604 1609/1360/1599
f 1613/1360/1603 1616/1360/1606 1608/1360/1598
f 1615/1360/1605 1612/1360/1602 1610/1360/1600
f 1611/1360/1601 1618/1360/1608 1614/1360/1604
f 1617/1360/1607 1611/1360/1601 1612/1360/1602
f 1619/1360/1609 1615/1360/1605 1616/1360/1606
f 1619/1360/1609 1617/1360/1607 1615/1360/1605
f 1620/1360/1610 1619/1360/1609 1616/1360/1606
f 1621/1360/1611 1616/1360/1606 1613/1360/1603
f 1618/1360/1608 1621/1360/1611 1613/1360/1603
f 1617/1360/1607 1624/1360/1614 1622/1360/1612
f 1622/1360/1612 1625/1360/1615 1618/1360/1608
f 1626/1360/1616 1623/1360/1613 1619/1360/1609
f 1627/1360/1617 1626/1360/1616 1620/1360/1610
f 1628/1360/1618 1620/1360/1610 1621/1360/1611
f 1625/1360/1615 1628/1360/1618 1621/1360/1611
f 1624/1360/1614 1629/1360/1619 1622/1360/1612
f 1623/1360/1613 1629/1360/1619 1624/1360/1614
f 1629/1360/1619 1632/1360/1622 1625/1360/1615
f 1634/1360/1624 1630/1360/1620 1626/1360/1616
f 1633/1360/1623 1627/1360/1617 1628/1360/1618
f 1632/1360/1622 1633/1360/1623 1628/1360/1618
f 1630/1360/1620 1635/1360/1625 1629/1360/1619
f 1640/1360/1630 1634/1360/1624 1631/1360/1621
f 1636/1360/1626 1635/1360/1625 1634/1360/1624
f 1637/1360/1627 1640/1360/1630 1631/1360/1621
f 1637/1360/1627 1631/1360/1621 1633/1360/1623
f 1635/1360/1625 1639/1360/1629 1632/1360/1622
f 1639/1360/1629 1641/1360/1631 1638/1360/1628
f 1643/1360/1633 1642/1360/1632 1636/1360/1626
f 1643/1360/1633 1636/1360/1626 1640/1360/1630
f 1644/1360/1634 1640/1360/1630 1637/1360/1627
f 1641/1360/1631 1645/1360/1635 1637/1360/1627
f 1642/1360/1632 1646/1360/1636 1639/1360/1629
f 1647/1360/1637 1642/1360/1632 1643/1360/1633
f 1643/1360/1633 1648/1360/1638 1647/1360/1637
f 1644/1360/1634 1649/1360/1639 1643/1360/1633
f 1645/1360/1635 1649/1360/1639 1644/1360/1634
f 1650/1360/1640 1645/1360/1635 1646/1360/1636
f 1651/1360/1641 1646/1360/1636 1647/1360/1637
f 1472/1360/1462 1468/1360/1458 1464/1360/1454
f 1469/1360/1459 1472/1360/1462 1465/1360/1455
f 1470/1360/1460 1469/1360/1459 1465/1360/1455
f 1466/1360/1456 1471/1360/1461 1470/1360/1460
f 1467/1360/1457 1468/1360/1458 1471/1360/1461
f 1468/1360/1458 1472/1360/1462 1473/1360/1463
f 1472/1360/1462 1474/1360/1464 1473/1360/1463
f 1472/1360/1462 1475/1360/1465 1474/1360/1464
f 1469/1360/1459 1476/1360/1466 1475/1360/1465
f 1477/1360/1467 1476/1360/1466 1470/1360/1460
f 1473/1360/1463 1478/1360/1468 1471/1360/1461
f 1478/1360/1468 1479/1360/1469 1477/1360/1467
f 1474/1360/1464 1481/1360/1471 1480/1360/1470
f 1476/1360/1466 1483/1360/1473 1475/1360/1465
f 1476/1360/1466 1482/1360/1472 1483/1360/1473
f 1480/1360/1470 1484/1360/1474 1478/1360/1468
f 1475/1360/1465 1483/1360/1473 1481/1360/1471
f 1485/1360/1475 1489/1360/1479 1480/1360/1470
f 1481/1360/1471 1486/1360/1476 1485/1360/1475
f 1482/1360/1472 1488/1360/1478 1487/1360/1477
f 1484/1360/1474 1488/1360/1478 1482/1360/1472
f 1489/1360/1479 1490/1360/1480 1484/1360/1474
f 1491/1360/1481 1492/1360/1482 1489/1360/1479
f 1486/1360/1476 1493/1360/1483 1491/1360/1481
f 1487/1360/1477 1494/1360/1484 1486/1360/1476
f 1488/1360/1478 1495/1360/1485 1494/1360/1484
f 1490/1360/1480 1495/1360/1485 1488/1360/1478
f 1492/1360/1482 1496/1360/1486 1489/1360/1479
f 1496/1360/1486 1500/1360/1490 1490/1360/1480
f 1497/1360/1487 1496/1360/1486 1492/1360/1482
f 1493/1360/1483 1498/1360/1488 1497/1360/1487
f 1494/1360/1484 1502/1360/1492 1493/1360/1483
f 1495/1360/1485 1499/1360/1489 1502/1360/1492
f 1500/1360/1490 1499/1360/1489 1495/1360/1485
f 1493/1360/1483 1502/1360/1492 1498/1360/1488
f 1497/1360/1487 1503/1360/1493 1501/1360/1491
f 1498/1360/1488 1505/1360/1495 1503/1360/1493
f 1501/1360/1491 1504/1360/1494 1500/1360/1490
f 1499/1360/1489 1506/1360/1496 1502/1360/1492
f 1507/1360/1497 1510/1360/1500 1503/1360/1493
f 1502/1360/1492 1508/1360/1498 1505/1360/1495
f 1501/1360/1491 1509/1360/1499 1504/1360/1494
f 1510/1360/1500 1509/1360/1499 1501/1360/1491
f 1505/1360/1495 1514/1360/1504 1507/1360/1497
f 1507/1360/1497 1512/1360/1502 1510/1360/1500
f 1514/1360/1504 1513/1360/1503 1507/1360/1497
f 1508/1360/1498 1517/1360/1507 1514/1360/1504
f 1511/1360/1501 1515/1360/1505 1508/1360/1498
f 1512/1360/1502 1516/1360/1506 1509/1360/1499
f 1516/1360/1506 1515/1360/1505 1511/1360/1501
f 1515/1360/1505 1518/1360/1508 1508/1360/1498
f 1513/1360/1503 1519/1360/1509 1512/1360/1502
f 1517/1360/1507 1520/1360/1510 1514/1360/1504
f 1515/1360/1505 1521/1360/1511 1518/1360/1508
f 1517/1360/1507 1523/1360/1513 1522/1360/1512
f 1520/1360/1510 1524/1360/1514 1519/1360/1509
f 1516/1360/1506 1527/1360/1517 1521/1360/1511
f 1524/1360/1514 1527/1360/1517 1516/1360/1506
f 1522/1360/1512 1525/1360/1515 1520/1360/1510
f 1521/1360/1511 1527/1360/1517 1526/1360/1516
f 1525/1360/1515 1530/1360/1520 1524/1360/1514
f 1524/1360/1514 1530/1360/1520 1529/1360/1519
f 1522/1360/1512 1531/1360/1521 1525/1360/1515
f 1522/1360/1512 1532/1360/1522 1531/1360/1521
f 1533/1360/1523 1532/1360/1522 1522/1360/1512
f 1529/1360/1519 1534/1360/1524 1527/1360/1517
f 1534/1360/1524 1533/1360/1523 1528/1360/1518
f 1530/1360/1520 1535/1360/1525 1529/1360/1519
f 1532/1360/1522 1536/1360/1526 1531/1360/1521
f 1529/1360/1519 1538/1360/1528 1534/1360/1524
f 1534/1360/1524 1539/1360/1529 1533/1360/1523
f 1536/1360/1526 1540/1360/1530 1535/1360/1525
f 1535/1360/1525 1540/1360/1530 1538/1360/1528
f 1532/1360/1522 1541/1360/1531 1536/1360/1526
f 1538/1360/1528 1542/1360/1532 1539/1360/1529
f 1539/1360/1529 1546/1360/1536 1545/1360/1535
f 1540/1360/1530 1544/1360/1534 1542/1360/1532
f 1543/1360/1533 1547/1360/1537 1541/1360/1531
f 1545/1360/1535 1548/1360/1538 1543/1360/1533
f 1542/1360/1532 1549/1360/1539 1546/1360/1536
f 1548/1360/1538 1547/1360/1537 1543/1360/1533
f 1547/1360/1537 1554/1360/1544 1544/1360/1534
f 1546/1360/1536 1551/1360/1541 1550/1360/1540
f 1544/1360/1534 1554/1360/1544 1549/1360/1539
f 1550/1360/1540 1553/1360/1543 1548/1360/1538
f 1553/1360/1543 1556/1360/1546 1547/1360/1537
f 1552/1360/1542 1556/1360/1546 1555/1360/1545
f 1557/1360/1547 1553/1360/1543 1550/1360/1540
f 1549/1360/1539 1558/1360/1548 1557/1360/1547
f 1557/1360/1547 1559/1360/1549 1553/1360/1543
f 1556/1360/1546 1563/1360/1553 1560/1360/1550
f 1553/1360/1543 1561/1360/1551 1563/1360/1553
f 1560/1360/1550 1562/1360/1552 1558/1360/1548
f 1563/1360/1553 1565/1360/1555 1560/1360/1550
f 1559/1360/1549 1564/1360/1554 1561/1360/1551
f 1562/1360/1552 1564/1360/1554 1559/1360/1549
f 1565/1360/1555 1568/1360/1558 1562/1360/1552
f 1563/1360/1553 1566/1360/1556 1565/1360/1555
f 1561/1360/1551 1567/1360/1557 1566/1360/1556
f 1571/1360/1561 1570/1360/1560 1567/1360/1557
f 1568/1360/1558 1571/1360/1561 1564/1360/1554
f 1569/1360/1559 1573/1360/1563 1568/1360/1558
f 1566/1360/1556 1574/1360/1564 1569/1360/1559
f 1569/1360/1559 1574/1360/1564 1576/1360/1566
f 1570/1360/1560 1579/1360/1569 1572/1360/1562
f 1575/1360/1565 1579/1360/1569 1570/1360/1560
f 1573/1360/1563 1575/1360/1565 1571/1360/1561
f 1572/1360/1562 1577/1360/1567 1574/1360/1564
f 1576/1360/1566 1580/1360/1570 1573/1360/1563
f 1574/1360/1564 1578/1360/1568 1576/1360/1566
f 1572/1360/1562 1579/1360/1569 1577/1360/1567
f 1575/1360/1565 1584/1360/1574 1579/1360/1569
f 1580/1360/1570 1582/1360/1572 1575/1360/1565
f 1581/1360/1571 1585/1360/1575 1580/1360/1570
f 1578/1360/1568 1583/1360/1573 1581/1360/1571
f 1579/1360/1569 1584/1360/1574 1577/1360/1567
f 1583/1360/1573 1589/1360/1579 1581/1360/1571
f 1584/1360/1574 1587/1360/1577 1586/1360/1576
f 1582/1360/1572 1591/1360/1581 1587/1360/1577
f 1582/1360/1572 1588/1360/1578 1591/1360/1581
f 1583/1360/1573 1590/1360/1580 1589/1360/1579
f 1592/1360/1582 1588/1360/1578 1585/1360/1575
f 1587/1360/1577 1593/1360/1583 1586/1360/1576
f 1591/1360/1581 1593/1360/1583 1587/1360/1577
f 1590/1360/1580 1595/1360/1585 1592/1360/1582
f 1594/1360/1584 1593/1360/1583 1591/1360/1581
f 1592/1360/1582 1597/1360/1587 1596/1360/1586
f 1586/1360/1576 1598/1360/1588 1595/1360/1585
f 1599/1360/1589 1598/1360/1588 1593/1360/1583
f 1594/1360/1584 1599/1360/1589 1593/1360/1583
f 1596/1360/1586 1600/1360/1590 1594/1360/1584
f 1595/1360/1585 1601/1360/1591 1597/1360/1587
f 1595/1360/1585 1602/1360/1592 1601/1360/1591
f 1597/1360/1587 1603/1360/1593 1596/1360/1586
f 1599/1360/1589 1605/1360/1595 1598/1360/1588
f 1601/1360/1591 1604/1360/1594 1603/1360/1593
f 1596/1360/1586 1609/1360/1599 1606/1360/1596
f 1603/1360/1593 1607/1360/1597 1609/1360/1599
f 1606/1360/1596 1608/1360/1598 1605/1360/1595
f 1605/1360/1595 1610/1360/1600 1602/1360/1592
f 1609/1360/1599 1608/1360/1598 1606/1360/1596
f 1610/1360/1600 1612/1360/1602 1604/1360/1594
f 1608/1360/1598 1616/1360/1606 1605/1360/1595
f 1609/1360/1599 1614/1360/1604 1608/1360/1598
f 1607/1360/1597 1612/1360/1602 1611/1360/1601
f 1614/1360/1604 1613/1360/1603 1608/1360/1598
f 1616/1360/1606 1615/1360/1605 1610/1360/1600
f 1615/1360/1605 1617/1360/1607 1612/1360/1602
f 1614/1360/1604 1618/1360/1608 1613/1360/1603
f 1617/1360/1607 1622/1360/1612 1611/1360/1601
f 1621/1360/1611 1620/1360/1610 1616/1360/1606
f 1611/1360/1601 1622/1360/1612 1618/1360/1608
f 1619/1360/1609 1623/1360/1613 1617/1360/1607
f 1617/1360/1607 1623/1360/1613 1624/1360/1614
f 1620/1360/1610 1626/1360/1616 1619/1360/1609
f 1618/1360/1608 1625/1360/1615 1621/1360/1611
f 1628/1360/1618 1627/1360/1617 1620/1360/1610
f 1622/1360/1612 1629/1360/1619 1625/1360/1615
f 1626/1360/1616 1630/1360/1620 1623/1360/1613
f 1623/1360/1613 1630/1360/1620 1629/1360/1619
f 1627/1360/1617 1631/1360/1621 1626/1360/1616
f 1625/1360/1615 1632/1360/1622 1628/1360/1618
f 1631/1360/1621 1634/1360/1624 1626/1360/1616
f 1633/1360/1623 1631/1360/1621 1627/1360/1617
f 1634/1360/1624 1635/1360/1625 1630/1360/1620
f 1629/1360/1619 1635/1360/1625 1632/1360/1622
f 1632/1360/1622 1638/1360/1628 1633/1360/1623
f 1640/1360/1630 1636/1360/1626 1634/1360/1624
f 1633/1360/1623 1638/1360/1628 1637/1360/1627
f 1632/1360/1622 1639/1360/1629 1638/1360/1628
f 1636/1360/1626 1642/1360/1632 1635/1360/1625
f 1638/1360/1628 1641/1360/1631 1637/1360/1627
f 1635/1360/1625 1642/1360/1632 1639/1360/1629
f 1645/1360/1635 1644/1360/1634 1637/1360/1627
f 1639/1360/1629 1646/1360/1636 1641/1360/1631
f 1644/1360/1634 1643/1360/1633 1640/1360/1630
f 1641/1360/1631 1646/1360/1636 1645/1360/1635
f 1642/1360/1632 1647/1360/1637 1646/1360/1636
f 1643/1360/1633 1649/1360/1639 1648/1360/1638
f 1645/1360/1635 1650/1360/1640 1649/1360/1639
f 1651/1360/1641 1650/1360/1640 1646/1360/1636
f 1648/1360/1638 1651/1360/1641 1647/1360/1637
f 1464/1360/1454 1467/1360/1457 1466/1360/1456
f 1465/1360/1455 1464/1360/1454 1466/1360/1456
f 1651/1360/1641 1648/1360/1638 1650/1360/1640
f 1648/1360/1638 1649/1360/1639 1650/1360/1640
o Mechanical_Details
v -0.033325 0.215954 -1.791712
v -0.073184 0.466982 -1.791713
v -0.190240 0.606323 -1.791692
v -0.580227 0.619893 -1.791706
v -0.709321 0.545515 -1.791708
v -0.781515 0.352242 -1.791714
v -0.792675 -0.281324 -1.791712
v -0.752816 -0.532352 -1.791713
v -0.635760 -0.671693 -1.791692
v -0.245773 -0.685263 -1.791706
v -0.116679 -0.610885 -1.791708
v -0.044485 -0.417612 -1.791714
v -0.017419 0.259857 -1.991239
v -0.071443 0.488129 -1.987703
v -0.188268 0.594080 -1.983459
v -0.561632 0.609562 -1.987573
v -0.671095 0.573182 -1.986099
v -0.754557 0.488129 -1.987704
v -0.808581 0.259858 -1.991239
v -0.801438 -0.394675 -1.987720
v -0.742980 -0.569321 -1.987515
v -0.637732 -0.659450 -1.983459
v -0.264369 -0.674932 -1.987573
v -0.154905 -0.638552 -1.986099
v -0.083020 -0.569321 -1.987514
v -0.024562 -0.394675 -1.987720
v -0.055228 0.234890 -2.198669
v -0.102844 0.443982 -2.198029
v -0.224421 0.550782 -2.198318
v -0.613265 0.545743 -2.196325
v -0.723156 0.443982 -2.198029
v -0.770772 0.234890 -2.198669
v -0.765140 -0.361780 -2.197737
v -0.703274 -0.541995 -2.197342
v -0.579054 -0.619170 -2.198846
v -0.263536 -0.619203 -2.197757
v -0.135906 -0.563691 -2.196447
v -0.060860 -0.361780 -2.197737
v -0.101136 0.265544 -2.239721
v -0.189466 0.484706 -2.239974
v -0.554290 0.508855 -2.239730
v -0.666966 0.441607 -2.239744
v -0.724864 0.265544 -2.239722
v -0.724481 -0.353708 -2.239739
v -0.615944 -0.561778 -2.239907
v -0.203931 -0.555966 -2.239889
v -0.101521 -0.353707 -2.239740
v -0.108659 -0.228164 -2.238312
v -0.117124 0.270004 -2.238315
v -0.173445 0.425242 -2.238317
v -0.281262 0.487878 -2.238313
v -0.562196 0.481703 -2.238312
v -0.652555 0.425242 -2.238317
v -0.708876 0.270004 -2.238315
v -0.717341 -0.228163 -2.238312
v -0.686748 -0.426906 -2.238316
v -0.597455 -0.537943 -2.238317
v -0.281262 -0.553248 -2.238313
v -0.154259 -0.469983 -2.238330
v -0.111947 0.201355 -2.275141
v -0.151700 0.383543 -2.274840
v -0.244618 0.473098 -2.274101
v -0.552578 0.480631 -2.274893
v -0.656658 0.413377 -2.274896
v -0.709367 0.253767 -2.274727
v -0.714053 -0.266725 -2.275141
v -0.674300 -0.448913 -2.274840
v -0.581383 -0.538468 -2.274101
v -0.273422 -0.546001 -2.274893
v -0.169342 -0.478747 -2.274896
v -0.116633 -0.319136 -2.274727
v -0.157139 0.301218 -2.297195
v -0.265254 0.432441 -2.297149
v -0.536554 0.438940 -2.297129
v -0.660793 0.331856 -2.297258
v -0.668861 -0.366588 -2.297195
v -0.560746 -0.497811 -2.297149
v -0.289446 -0.504310 -2.297129
v -0.165207 -0.397226 -2.297258
v -0.161314 0.273442 -2.295758
v -0.253790 0.406026 -2.301225
v -0.564343 0.413381 -2.301078
v -0.656538 0.261304 -2.300102
v -0.656672 -0.288898 -2.300829
v -0.587287 -0.466429 -2.300780
v -0.295828 -0.497197 -2.295734
v -0.175269 -0.394972 -2.295807
v -0.178033 0.230788 -2.305525
v -0.307152 -0.477154 -2.305525
v -0.193375 -0.385374 -2.305634
v -1.680209 -0.253030 -0.487738
v -1.643180 -0.231071 -0.501492
v -1.604230 -0.261186 -0.520581
v -1.623329 -0.311018 -0.514496
v -1.666971 -0.309497 -0.493682
v -1.699753 -0.272726 -0.535074
v -1.635902 -0.246433 -0.606436
v -1.628468 -0.270876 -0.614487
v -1.685007 -0.309927 -0.614045
v -1.705375 -0.294895 -0.607851
v -1.681899 -0.229646 -0.624002
v -1.655941 -0.230518 -0.614337
v -1.636051 -0.295291 -0.622684
v -1.699927 -0.243724 -0.646037
v -1.654419 -0.309494 -0.640453
v -1.708896 -0.268457 -0.644087
v -1.589953 -0.219841 -0.959131
v -1.571164 -0.235615 -0.949621
v -1.593939 -0.299877 -0.952686
v -1.636807 -0.283455 -0.972155
v -1.636675 -0.233787 -0.967541
v -1.643782 -0.258381 -0.975346
v -1.616462 -0.219483 -0.959726
v -1.571671 -0.285270 -0.950787
v -1.563148 -0.260822 -0.947835
v -1.615198 -0.299234 -0.969888
v -1.584642 -0.256994 -1.090318
v -1.547164 -0.214702 -1.063286
v -1.518900 -0.234927 -1.043617
v -1.513412 -0.273224 -1.040252
v -1.548783 -0.302007 -1.065589
v 0.792675 0.215954 -1.791712
v 0.752816 0.466982 -1.791713
v 0.635760 0.606323 -1.791692
v 0.245773 0.619893 -1.791706
v 0.116679 0.545515 -1.791708
v 0.044485 0.352242 -1.791714
v 0.033325 -0.281324 -1.791712
v 0.073184 -0.532352 -1.791713
v 0.190240 -0.671693 -1.791692
v 0.580227 -0.685263 -1.791706
v 0.709321 -0.610885 -1.791708
v 0.781515 -0.417612 -1.791714
v 0.801438 0.329305 -1.987720
v 0.742980 0.503951 -1.987515
v 0.637732 0.594080 -1.983459
v 0.264368 0.609562 -1.987573
v 0.154905 0.573182 -1.986099
v 0.083019 0.503951 -1.987515
v 0.024562 0.329305 -1.987720
v 0.017419 -0.325227 -1.991239
v 0.071443 -0.553499 -1.987703
v 0.188268 -0.659450 -1.983459
v 0.561631 -0.674932 -1.987573
v 0.671095 -0.638552 -1.986099
v 0.754557 -0.553499 -1.987704
v 0.808581 -0.325228 -1.991239
v 0.765140 0.296410 -2.197737
v 0.690094 0.498321 -2.196447
v 0.562464 0.553833 -2.197757
v 0.246946 0.553800 -2.198846
v 0.122726 0.476625 -2.197342
v 0.060860 0.296410 -2.197737
v 0.055228 -0.300260 -2.198669
v 0.102844 -0.509352 -2.198029
v 0.224421 -0.616152 -2.198318
v 0.613265 -0.611114 -2.196325
v 0.723156 -0.509352 -2.198030
v 0.770772 -0.300260 -2.198669
v 0.724864 0.265544 -2.239721
v 0.666966 0.441607 -2.239744
v 0.554290 0.508855 -2.239730
v 0.203931 0.490596 -2.239889
v 0.101521 0.288337 -2.239740
v 0.101136 -0.330914 -2.239721
v 0.189466 -0.550076 -2.239974
v 0.615944 -0.561778 -2.239907
v 0.724479 -0.353707 -2.239740
v 0.717341 0.162793 -2.238312
v 0.671741 0.404614 -2.238330
v 0.544738 0.487878 -2.238313
v 0.263804 0.481703 -2.238312
v 0.173445 0.425242 -2.238317
v 0.117124 0.270004 -2.238315
v 0.108659 -0.228164 -2.238312
v 0.154259 -0.469983 -2.238330
v 0.281262 -0.553248 -2.238313
v 0.562196 -0.547073 -2.238312
v 0.652555 -0.490611 -2.238317
v 0.708876 -0.335374 -2.238315
v 0.714053 0.201355 -2.275141
v 0.674300 0.383543 -2.274840
v 0.581382 0.473098 -2.274101
v 0.273422 0.480631 -2.274893
v 0.169342 0.413377 -2.274896
v 0.116633 0.253766 -2.274727
v 0.111947 -0.266725 -2.275141
v 0.151700 -0.448913 -2.274840
v 0.244617 -0.538468 -2.274101
v 0.552578 -0.546001 -2.274893
v 0.656658 -0.478747 -2.274896
v 0.709367 -0.319137 -2.274727
v 0.668861 0.301218 -2.297195
v 0.560746 0.432441 -2.297149
v 0.289446 0.438940 -2.297129
v 0.165207 0.331856 -2.297258
v 0.157139 -0.366588 -2.297195
v 0.265254 -0.497811 -2.297149
v 0.536554 -0.504310 -2.297129
v 0.660793 -0.397226 -2.297258
v 0.664687 0.273442 -2.295758
v 0.557989 0.427356 -2.295793
v 0.243344 0.403831 -2.300463
v 0.170416 0.233073 -2.301323
v 0.244140 -0.466690 -2.301570
v 0.530172 -0.497197 -2.295734
v 0.650731 -0.394972 -2.295807
v 0.632636 0.320012 -2.305629
v 0.518848 0.411784 -2.305525
v 0.169312 -0.331420 -2.299540
v 0.564550 -0.467620 -2.305639
v 0.647966 -0.296157 -2.305526
v 1.604221 -0.261187 -0.520560
v 1.643180 -0.231071 -0.501492
v 1.680058 -0.253025 -0.487297
v 1.666950 -0.309499 -0.493632
v 1.623606 -0.310996 -0.515252
v 1.699753 -0.272726 -0.535074
v 1.635902 -0.246433 -0.606436
v 1.705375 -0.294895 -0.607851
v 1.685007 -0.309927 -0.614044
v 1.628468 -0.270876 -0.614487
v 1.655941 -0.230518 -0.614336
v 1.681899 -0.229646 -0.624002
v 1.636051 -0.295291 -0.622684
v 1.699927 -0.243724 -0.646037
v 1.708896 -0.268457 -0.644087
v 1.654419 -0.309494 -0.640453
v 1.571164 -0.235615 -0.949622
v 1.589954 -0.219841 -0.959131
v 1.636807 -0.283455 -0.972155
v 1.593939 -0.299877 -0.952685
v 1.636675 -0.233787 -0.967541
v 1.643782 -0.258381 -0.975346
v 1.616463 -0.219483 -0.959726
v 1.571671 -0.285270 -0.950786
v 1.615198 -0.299234 -0.969888
v 1.563148 -0.260822 -0.947835
v 1.518892 -0.234927 -1.043629
v 1.547156 -0.214702 -1.063298
v 1.584643 -0.256994 -1.090316
v 1.548785 -0.302007 -1.065586
v 1.513406 -0.273224 -1.040260
v -0.873533 0.215778 1.386289
v -0.797579 0.275796 1.386289
v -0.923598 0.155677 1.383637
v -0.925004 0.157006 1.389365
v -0.975671 0.095112 1.386289
v -1.008627 0.030005 1.383637
v -1.010327 0.030927 1.389365
v -1.043086 -0.036561 1.386289
v -1.066910 -0.130795 1.383455
v -1.052077 -0.083301 1.388816
v -1.070780 -0.168986 1.389047
v -1.067444 -0.190728 1.386344
v -1.072856 -0.263491 1.384440
v -1.061866 -0.300910 1.386150
v -1.048998 -0.380326 1.389116
v -1.028925 -0.431002 1.386289
v -1.037776 -0.393165 1.383584
v -0.988355 -0.498556 1.383615
v -0.952128 -0.560232 1.386289
v -0.948421 -0.560283 1.389365
v -0.893921 -0.620829 1.383616
v -0.841433 -0.677278 1.386289
v -0.837604 -0.676735 1.389365
v -0.766732 -0.729791 1.383502
v -0.700762 -0.777938 1.386289
v -0.691614 -0.779507 1.389383
v -0.606044 -0.823443 1.384184
v 0.873533 0.215778 1.386289
v 0.797579 0.275796 1.386289
v 0.923598 0.155677 1.388940
v 0.925004 0.157006 1.383212
v 0.975671 0.095112 1.386289
v 1.018270 0.016466 1.389241
v 1.007638 0.029769 1.386289
v 1.019165 0.015818 1.383423
v 1.064755 -0.115550 1.388801
v 1.059574 -0.103837 1.383216
v 1.061722 -0.130771 1.386289
v 1.073587 -0.235266 1.384253
v 1.067800 -0.242559 1.387118
v 1.051731 -0.358098 1.383274
v 1.063900 -0.316630 1.388529
v 1.028925 -0.431002 1.386289
v 1.047194 -0.367779 1.388747
v 0.991339 -0.497239 1.389365
v 1.006528 -0.463860 1.383637
v 0.952128 -0.560232 1.386289
v 0.946938 -0.559041 1.383637
v 0.897025 -0.620298 1.389365
v 0.841433 -0.677278 1.386289
v 0.836466 -0.675167 1.383637
v 0.768511 -0.731040 1.389274
v 0.700000 -0.778053 1.384382
v 0.733298 -0.749416 1.386289
v 0.605774 -0.822967 1.387726
v -0.755498 0.556659 -1.315905
v -0.874424 0.433042 -1.318363
v -0.859502 0.442699 -1.317493
v -0.847079 0.462866 -1.312668
v -0.937965 0.325584 -1.312541
v -0.938299 0.316038 -1.316536
v -0.988361 0.212713 -1.317850
v -0.990471 0.196777 -1.313294
v -0.989295 0.183047 -1.315782
v -1.041677 -0.038671 -1.313128
v -1.029385 0.010690 -1.318408
v -1.029904 -0.008802 -1.317216
v -1.069460 -0.083838 -1.318541
v -1.073835 -0.096715 -1.315670
v -1.167741 -0.223113 -1.312885
v -1.154213 -0.203226 -1.318223
v -1.158868 -0.201215 -1.315615
v -1.162903 -0.268816 -1.316315
v -1.164570 -0.276418 -1.318464
v -1.128149 -0.325186 -1.314370
v -1.077445 -0.351960 -1.318462
v -1.083881 -0.349114 -1.312741
v -0.853911 -0.480011 -1.312993
v -0.845700 -0.479682 -1.315856
v -0.844913 -0.484272 -1.318734
v -0.657542 -0.623897 -1.315681
v -0.642936 -0.627308 -1.313404
v -0.575586 -0.672475 -1.317746
v 0.754718 0.555867 -1.315846
v 0.813873 0.502524 -1.318259
v 0.831625 0.474577 -1.315417
v 0.844754 0.468443 -1.313433
v 0.914916 0.360204 -1.314728
v 0.925451 0.352092 -1.314083
v 0.918736 0.357268 -1.318559
v 0.988312 0.211873 -1.315652
v 0.992669 0.178019 -1.318527
v 0.989632 0.189526 -1.313092
v 1.041677 -0.038671 -1.318294
v 1.029385 0.010690 -1.313014
v 1.029904 -0.008802 -1.314207
v 1.069460 -0.083838 -1.312881
v 1.073835 -0.096715 -1.315752
v 1.158868 -0.201215 -1.315615
v 1.154487 -0.203928 -1.318250
v 1.167741 -0.223113 -1.312885
v 1.162903 -0.268816 -1.316315
v 1.164570 -0.276418 -1.318464
v 1.128149 -0.325186 -1.314370
v 1.077445 -0.351960 -1.312960
v 1.083881 -0.349114 -1.318682
v 0.844932 -0.484327 -1.318730
v 0.843950 -0.480705 -1.315726
v 0.851634 -0.481325 -1.313026
v 0.645528 -0.624178 -1.315745
v 0.652512 -0.625863 -1.318157
v 0.576617 -0.673986 -1.313123
vn 0.6909 0.0426 0.7217
vn 0.6666 0.3088 0.6784
vn 0.3195 0.7189 0.6173
vn -0.1702 0.7508 0.6382
vn -0.5629 0.5034 0.6556
vn -0.6982 0.1368 0.7027
vn -0.6940 -0.0393 0.7189
vn -0.6630 -0.3116 0.6807
vn -0.3169 -0.7187 0.6189
vn 0.1702 -0.7508 0.6382
vn 0.5679 -0.5002 0.6537
vn 0.6989 -0.1366 0.7021
vn 0.9925 0.1093 -0.0554
vn 0.8550 0.5084 -0.1030
vn 0.3844 0.9116 -0.1458
vn -0.1303 0.9794 -0.1544
vn -0.5371 0.8312 -0.1435
vn -0.8694 0.4829 -0.1046
vn -0.9931 0.1039 -0.0535
vn -0.9838 -0.1681 -0.0626
vn -0.8271 -0.5524 -0.1036
vn -0.3682 -0.9190 -0.1409
vn 0.1455 -0.9761 -0.1616
vn 0.5044 -0.8512 -0.1449
vn 0.8530 -0.5129 -0.0967
vn 0.9833 -0.1712 -0.0619
vn 0.8783 0.0797 -0.4715
vn 0.7529 0.4153 -0.5106
vn 0.2728 0.8115 -0.5167
vn -0.3308 0.7910 -0.5147
vn -0.7600 0.4225 -0.4938
vn -0.8783 0.0797 -0.4715
vn -0.8782 -0.1458 -0.4555
vn -0.6879 -0.5035 -0.5227
vn -0.1925 -0.8318 -0.5206
vn 0.1507 -0.8300 -0.5371
vn 0.6406 -0.5751 -0.5088
vn 0.8762 -0.1570 -0.4556
vn 0.4025 0.0693 -0.9128
vn 0.2947 0.3800 -0.8768
vn -0.0647 0.4164 -0.9069
vn -0.3156 0.2608 -0.9123
vn -0.4030 0.0669 -0.9128
vn -0.4110 -0.0761 -0.9085
vn -0.2325 -0.4007 -0.8862
vn 0.2187 -0.3805 -0.8985
vn 0.4130 -0.0811 -0.9071
vn 0.7723 -0.0233 0.6348
vn 0.7774 0.1546 0.6097
vn 0.6188 0.5599 0.5510
vn 0.1224 0.8212 0.5574
vn -0.2564 0.7503 0.6094
vn -0.5984 0.5410 0.5910
vn -0.7471 0.1589 0.6455
vn -0.7437 -0.0224 0.6682
vn -0.7371 -0.2732 0.6181
vn -0.3987 -0.7252 0.5614
vn 0.1843 -0.7850 0.5914
vn 0.7009 -0.4442 0.5580
vn 0.8729 0.0348 -0.4867
vn 0.7736 0.3997 -0.4917
vn 0.3627 0.7926 -0.4902
vn -0.2167 0.8177 -0.5333
vn -0.6751 0.5055 -0.5373
vn -0.8508 0.0934 -0.5172
vn -0.8620 -0.0771 -0.5010
vn -0.7310 -0.4592 -0.5048
vn -0.2815 -0.7991 -0.5312
vn 0.2623 -0.8026 -0.5357
vn 0.6103 -0.5682 -0.5520
vn 0.8934 -0.1274 -0.4309
vn 0.3637 0.0953 -0.9266
vn 0.1052 0.2611 -0.9596
vn -0.0719 0.2605 -0.9628
vn -0.3659 0.1348 -0.9208
vn -0.3637 -0.0953 -0.9266
vn -0.1052 -0.2611 -0.9596
vn 0.0719 -0.2605 -0.9628
vn 0.3659 -0.1348 -0.9208
vn 0.9134 0.3825 0.1389
vn 0.3012 0.9535 -0.0093
vn -0.6063 0.7952 -0.0036
vn -0.9690 0.2472 0.0026
vn -0.9977 -0.0678 -0.0010
vn -0.7653 -0.6437 -0.0003
vn 0.3178 -0.9319 0.1751
vn 0.8833 -0.4307 0.1851
vn 0.2685 0.0141 -0.9632
vn 0.0556 -0.2409 -0.9690
vn 0.2485 -0.1141 -0.9619
vn -0.4601 0.3414 0.8196
vn 0.2444 0.7591 0.6034
vn 0.9234 0.2039 0.3251
vn 0.5985 -0.6859 0.4140
vn -0.2099 -0.6420 0.7374
vn -0.9729 0.0457 0.2266
vn 0.7923 0.6095 -0.0269
vn 0.9996 -0.0236 -0.0128
vn -0.3485 -0.9368 -0.0315
vn -0.8740 -0.4853 0.0241
vn -0.3818 0.9226 0.0557
vn 0.3083 0.9507 0.0344
vn 0.8352 -0.5488 -0.0344
vn -0.8103 0.5852 -0.0310
vn 0.2728 -0.9620 -0.0106
vn -0.9968 0.0247 -0.0758
vn 0.2778 0.9514 0.1329
vn 0.7598 0.5898 0.2735
vn 0.2559 -0.9647 0.0628
vn -0.7713 -0.5661 -0.2909
vn -0.7462 0.6159 -0.2528
vn -0.9411 0.0340 -0.3364
vn -0.2971 0.9506 -0.0897
vn 0.7247 -0.6426 0.2488
vn 0.9410 -0.0048 0.3383
vn -0.3360 -0.9289 -0.1554
vn -0.3528 0.0312 -0.9352
vn 0.2580 0.7942 -0.5502
vn 0.8808 0.4370 -0.1822
vn 0.9460 -0.2963 -0.1316
vn 0.2590 -0.7818 -0.5672
vn 0.6940 0.0393 0.7189
vn 0.6630 0.3116 0.6807
vn 0.3169 0.7187 0.6189
vn -0.5679 0.5002 0.6537
vn -0.6989 0.1366 0.7021
vn -0.6909 -0.0426 0.7217
vn -0.6666 -0.3088 0.6784
vn -0.3195 -0.7189 0.6173
vn 0.5629 -0.5034 0.6556
vn 0.6982 -0.1368 0.7027
vn 0.9830 0.1714 -0.0664
vn 0.8325 0.5445 -0.1022
vn 0.3632 0.9217 -0.1359
vn -0.1347 0.9797 -0.1482
vn -0.5182 0.8443 -0.1361
vn -0.8487 0.5201 -0.0966
vn -0.9841 0.1678 -0.0581
vn -0.9925 -0.1093 -0.0554
vn -0.8550 -0.5084 -0.1030
vn -0.3844 -0.9116 -0.1458
vn 0.1303 -0.9794 -0.1544
vn 0.5371 -0.8312 -0.1435
vn 0.8694 -0.4829 -0.1046
vn 0.9931 -0.1039 -0.0535
vn 0.8673 0.1605 -0.4712
vn 0.6292 0.5852 -0.5115
vn 0.1673 0.8489 -0.5015
vn -0.2030 0.8215 -0.5329
vn -0.6892 0.5035 -0.5211
vn -0.8782 0.1458 -0.4555
vn -0.8783 -0.0797 -0.4715
vn -0.7529 -0.4153 -0.5106
vn -0.2670 -0.8092 -0.5233
vn 0.3112 -0.8120 -0.4937
vn 0.7423 -0.4150 -0.5261
vn 0.8800 -0.0741 -0.4692
vn 0.4004 0.0498 -0.9150
vn 0.3393 0.2250 -0.9133
vn 0.0913 0.3923 -0.9153
vn -0.2421 0.3813 -0.8922
vn -0.4111 0.0757 -0.9085
vn -0.4026 -0.0693 -0.9127
vn -0.2911 -0.3824 -0.8770
vn 0.2244 -0.3936 -0.8915
vn 0.4261 -0.0872 -0.9005
vn 0.7440 0.0285 0.6676
vn 0.6846 0.4811 0.5476
vn 0.1332 0.8196 0.5572
vn -0.7440 -0.0285 0.6676
vn -0.6846 -0.4811 0.5476
vn -0.1332 -0.8196 0.5572
vn 0.2564 -0.7503 0.6094
vn 0.5984 -0.5410 0.5910
vn 0.7471 -0.1589 0.6455
vn 0.8696 0.0916 -0.4852
vn 0.7362 0.3688 -0.5675
vn 0.3850 0.7975 -0.4646
vn -0.8696 -0.0916 -0.4852
vn -0.7362 -0.3688 -0.5675
vn -0.3850 -0.7975 -0.4646
vn 0.2167 -0.8177 -0.5333
vn 0.6751 -0.5055 -0.5373
vn 0.8508 -0.0934 -0.5172
vn 0.9799 0.1229 0.1574
vn 0.4551 0.8809 0.1298
vn -0.7484 0.6632 0.0052
vn -0.9941 0.1087 -0.0032
vn -0.7137 -0.7002 -0.0166
vn 0.1013 -0.9824 0.1567
vn 0.8983 -0.4258 0.1080
vn 0.5929 0.3904 -0.7043
vn 0.0104 0.3019 -0.9533
vn -0.9909 -0.1347 0.0036
vn 0.4225 -0.5422 -0.7263
vn 0.5219 -0.0181 -0.8528
vn -0.9229 0.2040 0.3267
vn -0.2483 0.7561 0.6054
vn 0.4560 0.3444 0.8206
vn 0.2165 -0.6493 0.7291
vn -0.6014 -0.6971 0.3904
vn 0.9729 0.0472 0.2264
vn -0.7923 0.6095 -0.0269
vn 0.8740 -0.4853 0.0241
vn 0.3484 -0.9368 -0.0315
vn -0.9996 -0.0239 -0.0124
vn -0.3083 0.9507 0.0344
vn 0.3819 0.9225 0.0558
vn -0.8352 -0.5489 -0.0339
vn 0.8103 0.5852 -0.0308
vn 0.9968 0.0248 -0.0757
vn -0.2728 -0.9620 -0.0105
vn -0.7598 0.5898 0.2735
vn -0.2778 0.9514 0.1329
vn 0.7713 -0.5661 -0.2909
vn -0.2559 -0.9647 0.0628
vn 0.7462 0.6159 -0.2528
vn 0.9411 0.0340 -0.3364
vn 0.2971 0.9506 -0.0897
vn -0.7247 -0.6426 0.2489
vn 0.3360 -0.9289 -0.1554
vn -0.9410 -0.0048 0.3383
vn -0.8808 0.4369 -0.1823
vn -0.2580 0.7941 -0.5503
vn 0.3529 0.0312 -0.9351
vn -0.2589 -0.7818 -0.5672
vn -0.9459 -0.2964 -0.1317
vn -0.6295 0.7766 -0.0251
vn 0.7478 0.6640 -0.0004
vn -0.2711 0.2121 0.9389
vn 0.0001 -0.2487 -0.9686
vn -0.8272 0.5587 -0.0596
vn -0.1935 0.1032 0.9757
vn 0.3368 -0.1848 -0.9233
vn -0.9409 0.3369 -0.0359
vn -0.7307 0.2808 -0.6223
vn -0.0090 -0.1342 0.9909
vn -0.7275 -0.0154 0.6860
vn 0.9999 -0.0066 -0.0121
vn -0.9511 -0.1306 -0.2801
vn 0.7442 0.1546 -0.6498
vn 0.8536 0.1089 -0.5094
vn -0.8888 -0.4582 0.0032
vn -0.5955 0.2130 0.7746
vn -0.2268 -0.1617 -0.9604
vn -0.7960 -0.5625 -0.2237
vn -0.0424 -0.0459 0.9980
vn -0.0522 -0.0430 -0.9977
vn -0.6538 -0.7223 -0.2252
vn -0.0156 -0.0426 0.9990
vn -0.0508 -0.0541 -0.9972
vn -0.5239 -0.8318 -0.1834
vn 0.0153 -0.0568 0.9983
vn 0.8851 -0.4649 -0.0233
vn 0.6295 0.7766 0.0251
vn -0.7472 0.6646 0.0005
vn 0.1424 0.3927 -0.9086
vn -0.2187 0.1964 0.9558
vn 0.8283 0.5593 0.0317
vn 0.4149 0.1942 0.8889
vn -0.8345 -0.5460 -0.0738
vn 0.5472 0.2638 -0.7943
vn 0.8140 0.0372 0.5796
vn 0.3650 0.1339 -0.9213
vn -0.9303 -0.0915 0.3552
vn 0.8510 -0.3829 -0.3594
vn -0.4715 0.0408 -0.8809
vn 0.2358 -0.2897 -0.9276
vn 0.8972 -0.1417 0.4183
vn 0.9183 -0.3956 0.0131
vn -0.3176 0.1930 0.9284
vn 0.4994 -0.2354 0.8338
vn -0.3231 0.0317 -0.9458
vn 0.7994 -0.5999 0.0324
vn -0.2585 0.1830 -0.9485
vn 0.4120 -0.3839 0.8264
vn 0.6656 -0.7458 0.0269
vn -0.2263 0.2564 -0.9397
vn 0.3803 -0.4875 0.7859
vn 0.3908 -0.8338 -0.3899
vn -0.5262 0.8177 -0.2336
vn -0.8796 -0.4756 0.0108
vn 0.6883 0.7254 0.0003
vn -0.7507 0.5214 -0.4057
vn 0.6655 -0.4578 -0.5895
vn -0.3115 0.3401 0.8873
vn 0.2691 -0.8074 -0.5251
vn 0.4730 -0.2080 0.8562
vn -0.8107 0.3065 -0.4988
vn -0.4432 0.0655 0.8940
vn 0.9730 -0.2191 -0.0727
vn 0.6029 -0.4279 0.6734
vn -0.3894 0.0843 -0.9172
vn 0.9340 -0.2514 -0.2538
vn 0.0820 0.0573 -0.9950
vn 0.8198 -0.5609 0.1156
vn -0.8908 0.2142 0.4007
vn 0.2778 -0.3119 -0.9086
vn -0.8846 0.4646 -0.0401
vn 0.6833 0.0167 -0.7299
vn 0.1214 0.9645 0.2346
vn -0.7086 -0.6899 0.1482
vn 0.1938 0.1734 -0.9656
vn 0.1757 0.0115 0.9844
vn -0.2647 -0.4533 0.8512
vn 0.5350 0.8416 0.0744
vn -0.1633 -0.2001 -0.9661
vn -0.5604 -0.8275 -0.0363
vn 0.1775 0.1809 0.9674
vn 0.8341 -0.5511 -0.0230
vn -0.7159 0.6982 0.0013
vn 0.5161 0.5922 -0.6188
vn -0.7526 -0.5819 0.3082
vn 0.6998 0.5160 0.4940
vn -0.7167 -0.4746 0.5109
vn 0.7934 0.4133 0.4469
vn -0.0254 0.0872 -0.9959
vn 0.9305 0.3662 -0.0111
vn -0.3354 -0.0757 -0.9390
vn -0.2822 -0.1792 0.9425
vn -0.6027 -0.4282 -0.6734
vn 0.4292 0.0893 0.8988
vn -0.9306 -0.2547 0.2629
vn -0.0844 0.0561 0.9948
vn -0.8200 -0.5586 -0.1250
vn 0.8819 0.4707 -0.0262
vn -0.2826 -0.3360 -0.8985
vn 0.8865 0.2331 0.3998
vn -0.6802 0.0199 -0.7327
vn 0.1687 0.9728 0.1588
vn 0.7079 -0.6846 0.1736
vn -0.2767 0.4104 0.8689
vn -0.1582 -0.2036 -0.9662
vn 0.1768 -0.2236 -0.9585
vn -0.5447 0.8336 0.0916
vn 0.2712 -0.4592 0.8459
vn -0.5518 0.7524 -0.3596
vn 0.4266 -0.6728 -0.6044
vn -0.8257 -0.5633 0.0293
vt 0.489781 0.902381
vt 0.493577 0.935714
vt 0.477916 0.902381
vt 0.478201 0.935714
vt 0.446145 0.902381
vt 0.345832 0.935714
vt 0.340993 0.902381
vt 0.315932 0.935714
vt 0.307051 0.902381
vt 0.294876 0.935714
vt 0.287128 0.902381
vt 0.279500 0.935714
vt 0.283296 0.902381
vt 0.281749 0.935714
vt 0.295160 0.902381
vt 0.297043 0.935714
vt 0.326932 0.902381
vt 0.427244 0.935714
vt 0.432083 0.902381
vt 0.457145 0.935714
vt 0.466026 0.902381
vt 0.476034 0.935714
vt 0.485949 0.902381
vt 0.491328 0.935714
vt 0.469808 0.971429
vt 0.437233 0.971429
vt 0.447301 0.935714
vt 0.332500 0.971429
vt 0.303269 0.971429
vt 0.291536 0.971429
vt 0.308686 0.971429
vt 0.325776 0.935714
vt 0.341348 0.971429
vt 0.459485 0.971429
vt 0.481541 0.971429
vt 0.483490 0.971429
vt 0.470666 0.978571
vt 0.443675 0.978571
vt 0.348075 0.978571
vt 0.318730 0.978571
vt 0.302411 0.978571
vt 0.289587 0.971429
vt 0.304069 0.978571
vt 0.334046 0.978571
vt 0.441045 0.978571
vt 0.427515 0.971429
vt 0.469008 0.978571
vt 0.469318 0.978333
vt 0.468096 0.984524
vt 0.466370 0.978333
vt 0.456650 0.984524
vt 0.450732 0.978333
vt 0.431898 0.984524
vt 0.422380 0.978333
vt 0.348603 0.984524
vt 0.345850 0.978333
vt 0.322345 0.978333
vt 0.321236 0.984524
vt 0.306707 0.978333
vt 0.306586 0.984524
vt 0.303759 0.978333
vt 0.304981 0.984524
vt 0.312955 0.978333
vt 0.316426 0.984524
vt 0.337345 0.978333
vt 0.341179 0.984524
vt 0.422380 0.978333
vt 0.424474 0.984524
vt 0.453944 0.978333
vt 0.466491 0.984524
vt 0.451750 0.988333
vt 0.426325 0.988333
vt 0.352958 0.988333
vt 0.324324 0.988333
vt 0.321327 0.988333
vt 0.346752 0.988333
vt 0.420119 0.988333
vt 0.451841 0.984524
vt 0.448753 0.988333
vt 0.418305 0.988095
vt 0.441112 0.989762
vt 0.446508 0.988095
vt 0.451501 0.988095
vt 0.320703 0.988933
vt 0.000000 0.000000
vt 0.716704 0.902381
vt 0.718251 0.935714
vt 0.704840 0.902381
vt 0.702957 0.935714
vt 0.673068 0.902381
vt 0.572756 0.935714
vt 0.567917 0.902381
vt 0.542855 0.935714
vt 0.533974 0.902381
vt 0.523966 0.935714
vt 0.514051 0.902381
vt 0.508672 0.935714
vt 0.510219 0.902381
vt 0.506423 0.935714
vt 0.522084 0.902381
vt 0.521799 0.935714
vt 0.553855 0.902381
vt 0.654168 0.935714
vt 0.659006 0.902381
vt 0.684068 0.935714
vt 0.692949 0.902381
vt 0.705124 0.935714
vt 0.712872 0.902381
vt 0.720500 0.935714
vt 0.708464 0.971429
vt 0.686408 0.971429
vt 0.674224 0.935714
vt 0.654438 0.971429
vt 0.568271 0.971429
vt 0.535609 0.971429
vt 0.518459 0.971429
vt 0.530192 0.971429
vt 0.562767 0.971429
vt 0.552699 0.935714
vt 0.667500 0.971429
vt 0.696731 0.971429
vt 0.710413 0.971429
vt 0.697589 0.978571
vt 0.681270 0.978571
vt 0.651925 0.978571
vt 0.558955 0.978571
vt 0.530992 0.978571
vt 0.516510 0.971429
vt 0.529334 0.978571
vt 0.556325 0.978571
vt 0.665954 0.978571
vt 0.695931 0.978571
vt 0.696241 0.978333
vt 0.695019 0.984524
vt 0.680867 0.978333
vt 0.658821 0.984524
vt 0.649303 0.978333
vt 0.575526 0.984524
vt 0.572773 0.978333
vt 0.549268 0.978333
vt 0.548159 0.984524
vt 0.533630 0.978333
vt 0.533509 0.984524
vt 0.530682 0.978333
vt 0.531904 0.984524
vt 0.546056 0.978333
vt 0.568102 0.984524
vt 0.577620 0.978333
vt 0.651397 0.984524
vt 0.654150 0.978333
vt 0.677655 0.978333
vt 0.678764 0.984524
vt 0.693293 0.978333
vt 0.693414 0.984524
vt 0.678673 0.988333
vt 0.683574 0.984524
vt 0.653248 0.988333
vt 0.579881 0.988333
vt 0.551247 0.988333
vt 0.548250 0.988333
vt 0.543350 0.984524
vt 0.573676 0.988333
vt 0.647042 0.988333
vt 0.675676 0.988333
vt 0.678424 0.988095
vt 0.668034 0.989762
vt 0.651833 0.988095
vt 0.645228 0.988095
vt 0.652363 0.989762
vt 0.673431 0.988095
vt 0.675662 0.989762
vt 0.548725 0.988346
vt 0.448739 0.989762
vt 0.427559 0.989076
vt 0.342083 0.988924
vt 0.415311 0.989762
vt 0.322453 0.988624
vt 0.347861 0.989057
vt 0.642234 0.989762
vt 0.569753 0.988872
vt 0.571254 0.989304
vt 0.548650 0.989041
s 1
usemtl Mechanical_Graphite
f 1652/1371/1642 1664/1372/1654 1653/1373/1643
f 1653/1373/1643 1665/1374/1655 1654/1375/1644
f 1654/1375/1644 1667/1376/1657 1655/1377/1645
f 1668/1378/1658 1656/1379/1646 1655/1377/1645
f 1669/1380/1659 1657/1381/1647 1656/1379/1646
f 1670/1382/1660 1658/1383/1648 1657/1381/1647
f 1658/1383/1648 1671/1384/1661 1659/1385/1649
f 1659/1385/1649 1672/1386/1662 1660/1387/1650
f 1660/1387/1650 1674/1388/1664 1661/1389/1651
f 1675/1390/1665 1662/1391/1652 1661/1389/1651
f 1676/1392/1666 1663/1393/1653 1662/1391/1652
f 1677/1394/1667 1652/1371/1642 1663/1393/1653
f 1664/1372/1654 1679/1395/1669 1665/1374/1655
f 1665/1374/1655 1680/1396/1670 1666/1397/1656
f 1680/1396/1670 1667/1376/1657 1666/1397/1656
f 1667/1376/1657 1681/1398/1671 1668/1378/1658
f 1681/1398/1671 1669/1380/1659 1668/1378/1658
f 1682/1399/1672 1670/1382/1660 1669/1380/1659
f 1670/1382/1660 1684/1400/1674 1671/1384/1661
f 1671/1384/1661 1685/1401/1675 1672/1386/1662
f 1672/1386/1662 1685/1401/1675 1673/1402/1663
f 1686/1403/1676 1674/1388/1664 1673/1402/1663
f 1674/1388/1664 1688/1404/1678 1675/1390/1665
f 1688/1404/1678 1676/1392/1666 1675/1390/1665
f 1688/1404/1678 1677/1394/1667 1676/1392/1666
f 1689/1405/1679 1664/1372/1654 1677/1394/1667
f 1678/1406/1668 1690/1407/1680 1679/1395/1669
f 1679/1395/1669 1691/1408/1681 1680/1396/1670
f 1680/1396/1670 1692/1409/1682 1681/1398/1671
f 1693/1410/1683 1682/1399/1672 1681/1398/1671
f 1694/1411/1684 1683/1412/1673 1682/1399/1672
f 1683/1412/1673 1695/1413/1685 1684/1400/1674
f 1684/1400/1674 1695/1413/1685 1685/1401/1675
f 1696/1414/1686 1686/1403/1676 1685/1401/1675
f 1686/1403/1676 1697/1415/1687 1687/1416/1677
f 1687/1416/1677 1697/1415/1687 1688/1404/1678
f 1698/1417/1688 1689/1405/1679 1688/1404/1678
f 1698/1417/1688 1678/1406/1668 1689/1405/1679
f 1663/1393/1653 1658/1383/1648 1661/1389/1651
f 1692/1409/1682 1690/1407/1680 1694/1411/1684
f 1737/1450/1727 1741/1451/1731 1738/1452/1728
f 1741/1451/1731 1731/1453/1721 1738/1452/1728
f 1738/1452/1728 1735/1454/1725 1737/1450/1727
f 1750/1455/1740 1745/1455/1735 1746/1455/1736
f 1748/1455/1738 1753/1455/1743 1743/1455/1733
f 1754/1455/1744 1749/1455/1739 1745/1455/1735
f 1742/1455/1732 1757/1455/1747 1747/1455/1737
f 1752/1455/1742 1755/1455/1745 1742/1455/1732
f 1756/1455/1746 1754/1455/1744 1745/1455/1735
f 1757/1455/1747 1751/1455/1741 1747/1455/1737
f 1748/1455/1738 1758/1455/1748 1753/1455/1743
f 1749/1455/1739 1759/1455/1749 1748/1455/1738
f 1760/1455/1750 1754/1455/1744 1756/1455/1746
f 1761/1455/1751 1750/1455/1740 1751/1455/1741
f 1755/1455/1745 1763/1455/1753 1757/1455/1747
f 1752/1455/1742 1762/1455/1752 1755/1455/1745
f 1763/1455/1753 1761/1455/1751 1757/1455/1747
f 1764/1455/1754 1762/1455/1752 1752/1455/1742
f 1760/1455/1750 1765/1455/1755 1754/1455/1744
f 1766/1455/1756 1759/1455/1749 1749/1455/1739
f 1765/1455/1755 1766/1455/1756 1749/1455/1739
f 1761/1455/1751 1767/1455/1757 1750/1455/1740
f 1768/1455/1758 1763/1455/1753 1762/1455/1752
f 1769/1455/1759 1762/1455/1752 1764/1455/1754
f 1769/1455/1759 1764/1455/1754 1758/1455/1748
f 1770/1455/1760 1758/1455/1748 1759/1455/1749
f 1771/1455/1761 1759/1455/1749 1766/1455/1756
f 1765/1455/1755 1771/1455/1761 1766/1455/1756
f 1760/1455/1750 1771/1455/1761 1765/1455/1755
f 1767/1455/1757 1772/1455/1762 1760/1455/1750
f 1761/1455/1751 1772/1455/1762 1767/1455/1757
f 1763/1455/1753 1768/1455/1758 1761/1455/1751
f 1743/1455/1733 1742/1455/1732 1745/1455/1735
f 1768/1455/1758 1769/1455/1759 1772/1455/1762
f 1773/1456/1763 1785/1457/1773 1774/1458/1764
f 1774/1458/1764 1786/1459/1774 1775/1460/1765
f 1775/1460/1765 1788/1461/1776 1776/1462/1645
f 1789/1463/1777 1777/1464/1766 1776/1462/1645
f 1790/1465/1778 1778/1466/1767 1777/1464/1766
f 1791/1467/1779 1779/1468/1768 1778/1466/1767
f 1779/1468/1768 1792/1469/1780 1780/1470/1769
f 1780/1470/1769 1793/1471/1781 1781/1472/1770
f 1781/1472/1770 1795/1473/1783 1782/1474/1651
f 1796/1475/1784 1783/1476/1771 1782/1474/1651
f 1797/1477/1785 1784/1478/1772 1783/1476/1771
f 1798/1479/1786 1773/1456/1763 1784/1478/1772
f 1798/1479/1786 1799/1480/1787 1785/1457/1773
f 1785/1457/1773 1800/1481/1788 1786/1459/1774
f 1786/1459/1774 1800/1481/1788 1787/1482/1775
f 1801/1483/1789 1788/1461/1776 1787/1482/1775
f 1788/1461/1776 1802/1484/1790 1789/1463/1777
f 1803/1485/1791 1790/1465/1778 1789/1463/1777
f 1803/1485/1791 1791/1467/1779 1790/1465/1778
f 1804/1486/1792 1792/1469/1780 1791/1467/1779
f 1792/1469/1780 1806/1487/1794 1793/1471/1781
f 1793/1471/1781 1807/1488/1795 1794/1489/1782
f 1807/1488/1795 1795/1473/1783 1794/1489/1782
f 1795/1473/1783 1808/1490/1796 1796/1475/1784
f 1808/1490/1796 1797/1477/1785 1796/1475/1784
f 1809/1491/1797 1798/1479/1786 1797/1477/1785
f 1810/1492/1798 1811/1493/1799 1799/1480/1787
f 1799/1480/1787 1812/1494/1800 1800/1481/1788
f 1813/1495/1801 1801/1483/1789 1800/1481/1788
f 1813/1495/1801 1802/1484/1790 1801/1483/1789
f 1802/1484/1790 1814/1496/1802 1803/1485/1791
f 1815/1497/1803 1804/1486/1792 1803/1485/1791
f 1815/1497/1803 1805/1498/1793 1804/1486/1792
f 1805/1498/1793 1816/1499/1804 1806/1487/1794
f 1806/1487/1794 1817/1500/1805 1807/1488/1795
f 1807/1488/1795 1818/1501/1806 1808/1490/1796
f 1818/1501/1806 1809/1491/1797 1808/1490/1796
f 1819/1502/1807 1810/1492/1798 1809/1491/1797
f 1784/1478/1772 1779/1468/1768 1782/1474/1651
f 1813/1495/1801 1811/1493/1799 1815/1497/1803
f 1852/1535/1826 1859/1536/1833 1853/1537/1827
f 1857/1538/1831 1862/1539/1836 1858/1540/1832
f 1863/1541/1837 1852/1535/1826 1858/1540/1832
f 1858/1540/1832 1861/1542/1835 1857/1538/1831
f 1868/1455/1842 1872/1455/1846 1867/1455/1841
f 1874/1455/1848 1870/1455/1844 1865/1455/1839
f 1873/1455/1847 1876/1455/1850 1868/1455/1842
f 1877/1455/1851 1875/1455/1849 1866/1455/1840
f 1878/1455/1852 1866/1455/1840 1869/1455/1843
f 1871/1455/1845 1878/1455/1852 1869/1455/1843
f 1876/1455/1850 1879/1455/1853 1868/1455/1842
f 1880/1455/1854 1873/1455/1847 1870/1455/1844
f 1881/1455/1855 1870/1455/1844 1874/1455/1848
f 1872/1455/1846 1882/1455/1856 1871/1455/1845
f 1876/1455/1850 1883/1455/1857 1879/1455/1853
f 1884/1455/1858 1875/1455/1849 1877/1455/1851
f 1885/1455/1859 1877/1455/1851 1878/1455/1852
f 1882/1455/1856 1885/1455/1859 1878/1455/1852
f 1884/1455/1858 1886/1455/1860 1875/1455/1849
f 1887/1455/1861 1883/1455/1857 1876/1455/1850
f 1880/1455/1854 1889/1455/1863 1873/1455/1847
f 1888/1455/1862 1882/1455/1856 1872/1455/1846
f 1889/1455/1863 1887/1455/1861 1873/1455/1847
f 1880/1455/1854 1894/1455/1868 1889/1455/1863
f 1881/1455/1855 1890/1455/1864 1880/1455/1854
f 1886/1455/1860 1891/1455/1865 1881/1455/1855
f 1884/1455/1858 1891/1455/1865 1886/1455/1860
f 1885/1455/1859 1892/1455/1866 1884/1455/1858
f 1892/1455/1866 1885/1455/1859 1882/1455/1856
f 1893/1455/1867 1882/1455/1856 1888/1455/1862
f 1893/1455/1867 1888/1455/1862 1883/1455/1857
f 1894/1455/1868 1883/1455/1857 1887/1455/1861
f 1894/1455/1868 1887/1455/1861 1889/1455/1863
f 1866/1455/1840 1865/1455/1839 1864/1455/1838
f 1894/1455/1868 1890/1455/1864 1891/1455/1865
f 1653/1373/1643 1664/1372/1654 1665/1374/1655
f 1654/1375/1644 1665/1374/1655 1666/1397/1656
f 1654/1375/1644 1666/1397/1656 1667/1376/1657
f 1667/1376/1657 1668/1378/1658 1655/1377/1645
f 1668/1378/1658 1669/1380/1659 1656/1379/1646
f 1669/1380/1659 1670/1382/1660 1657/1381/1647
f 1658/1383/1648 1670/1382/1660 1671/1384/1661
f 1659/1385/1649 1671/1384/1661 1672/1386/1662
f 1660/1387/1650 1672/1386/1662 1673/1402/1663
f 1660/1387/1650 1673/1402/1663 1674/1388/1664
f 1674/1388/1664 1675/1390/1665 1661/1389/1651
f 1675/1390/1665 1676/1392/1666 1662/1391/1652
f 1676/1392/1666 1677/1394/1667 1663/1393/1653
f 1677/1394/1667 1664/1372/1654 1652/1371/1642
f 1664/1372/1654 1678/1406/1668 1679/1395/1669
f 1665/1374/1655 1679/1395/1669 1680/1396/1670
f 1667/1376/1657 1680/1396/1670 1681/1398/1671
f 1681/1398/1671 1682/1399/1672 1669/1380/1659
f 1682/1399/1672 1683/1412/1673 1670/1382/1660
f 1670/1382/1660 1683/1412/1673 1684/1400/1674
f 1671/1384/1661 1684/1400/1674 1685/1401/1675
f 1673/1402/1663 1685/1401/1675 1686/1403/1676
f 1674/1388/1664 1686/1403/1676 1687/1416/1677
f 1674/1388/1664 1687/1416/1677 1688/1404/1678
f 1688/1404/1678 1689/1405/1679 1677/1394/1667
f 1689/1405/1679 1678/1406/1668 1664/1372/1654
f 1678/1406/1668 1698/1417/1688 1690/1407/1680
f 1679/1395/1669 1690/1407/1680 1691/1408/1681
f 1691/1408/1681 1692/1409/1682 1680/1396/1670
f 1681/1398/1671 1692/1409/1682 1693/1410/1683
f 1693/1410/1683 1694/1411/1684 1682/1399/1672
f 1694/1411/1684 1695/1413/1685 1683/1412/1673
f 1685/1401/1675 1695/1413/1685 1696/1414/1686
f 1686/1403/1676 1696/1414/1686 1697/1415/1687
f 1697/1415/1687 1698/1417/1688 1688/1404/1678
f 1663/1393/1653 1652/1371/1642 1658/1383/1648
f 1652/1371/1642 1653/1373/1643 1655/1377/1645
f 1655/1377/1645 1653/1373/1643 1654/1375/1644
f 1656/1379/1646 1657/1381/1647 1655/1377/1645
f 1657/1381/1647 1658/1383/1648 1652/1371/1642
f 1658/1383/1648 1659/1385/1649 1661/1389/1651
f 1661/1389/1651 1659/1385/1649 1660/1387/1650
f 1662/1391/1652 1663/1393/1653 1661/1389/1651
f 1652/1371/1642 1655/1377/1645 1657/1381/1647
f 1690/1407/1680 1698/1417/1688 1695/1413/1685
f 1697/1415/1687 1696/1414/1686 1698/1417/1688
f 1696/1414/1686 1695/1413/1685 1698/1417/1688
f 1695/1413/1685 1694/1411/1684 1690/1407/1680
f 1694/1411/1684 1693/1410/1683 1692/1409/1682
f 1692/1409/1682 1691/1408/1681 1690/1407/1680
f 1731/1453/1721 1739/1543/1729 1732/1544/1722
f 1736/1545/1726 1740/1546/1730 1737/1450/1727
f 1737/1450/1727 1740/1546/1730 1741/1451/1731
f 1741/1451/1731 1739/1543/1729 1731/1453/1721
f 1738/1452/1728 1731/1453/1721 1734/1547/1724
f 1732/1544/1722 1733/1548/1723 1731/1453/1721
f 1734/1547/1724 1735/1454/1725 1738/1452/1728
f 1736/1545/1726 1737/1450/1727 1735/1454/1725
f 1731/1453/1721 1733/1548/1723 1734/1547/1724
f 1739/1543/1729 1741/1451/1731 1735/1454/1725
f 1740/1546/1730 1736/1545/1726 1735/1454/1725
f 1740/1546/1730 1735/1454/1725 1741/1451/1731
f 1735/1454/1725 1734/1547/1724 1739/1543/1729
f 1733/1548/1723 1732/1544/1722 1739/1543/1729
f 1733/1548/1723 1739/1543/1729 1734/1547/1724
f 1742/1455/1732 1747/1455/1737 1746/1455/1736
f 1744/1455/1734 1748/1455/1738 1743/1455/1733
f 1744/1455/1734 1749/1455/1739 1748/1455/1738
f 1745/1455/1735 1749/1455/1739 1744/1455/1734
f 1751/1455/1741 1750/1455/1740 1746/1455/1736
f 1747/1455/1737 1751/1455/1741 1746/1455/1736
f 1743/1455/1733 1752/1455/1742 1742/1455/1732
f 1743/1455/1733 1753/1455/1743 1752/1455/1742
f 1742/1455/1732 1755/1455/1745 1757/1455/1747
f 1750/1455/1740 1756/1455/1746 1745/1455/1735
f 1753/1455/1743 1758/1455/1748 1752/1455/1742
f 1748/1455/1738 1759/1455/1749 1758/1455/1748
f 1750/1455/1740 1760/1455/1750 1756/1455/1746
f 1757/1455/1747 1761/1455/1751 1751/1455/1741
f 1755/1455/1745 1762/1455/1752 1763/1455/1753
f 1758/1455/1748 1764/1455/1754 1752/1455/1742
f 1754/1455/1744 1765/1455/1755 1749/1455/1739
f 1750/1455/1740 1767/1455/1757 1760/1455/1750
f 1769/1455/1759 1768/1455/1758 1762/1455/1752
f 1770/1455/1760 1769/1455/1759 1758/1455/1748
f 1771/1455/1761 1770/1455/1760 1759/1455/1749
f 1760/1455/1750 1772/1455/1762 1771/1455/1761
f 1761/1455/1751 1768/1455/1758 1772/1455/1762
f 1742/1455/1732 1746/1455/1736 1745/1455/1735
f 1744/1455/1734 1743/1455/1733 1745/1455/1735
f 1769/1455/1759 1770/1455/1760 1772/1455/1762
f 1770/1455/1760 1771/1455/1761 1772/1455/1762
f 1773/1456/1763 1798/1479/1786 1785/1457/1773
f 1774/1458/1764 1785/1457/1773 1786/1459/1774
f 1775/1460/1765 1786/1459/1774 1787/1482/1775
f 1775/1460/1765 1787/1482/1775 1788/1461/1776
f 1788/1461/1776 1789/1463/1777 1776/1462/1645
f 1789/1463/1777 1790/1465/1778 1777/1464/1766
f 1790/1465/1778 1791/1467/1779 1778/1466/1767
f 1791/1467/1779 1792/1469/1780 1779/1468/1768
f 1780/1470/1769 1792/1469/1780 1793/1471/1781
f 1781/1472/1770 1793/1471/1781 1794/1489/1782
f 1781/1472/1770 1794/1489/1782 1795/1473/1783
f 1795/1473/1783 1796/1475/1784 1782/1474/1651
f 1796/1475/1784 1797/1477/1785 1783/1476/1771
f 1797/1477/1785 1798/1479/1786 1784/1478/1772
f 1798/1479/1786 1810/1492/1798 1799/1480/1787
f 1785/1457/1773 1799/1480/1787 1800/1481/1788
f 1800/1481/1788 1801/1483/1789 1787/1482/1775
f 1801/1483/1789 1802/1484/1790 1788/1461/1776
f 1802/1484/1790 1803/1485/1791 1789/1463/1777
f 1803/1485/1791 1804/1486/1792 1791/1467/1779
f 1804/1486/1792 1805/1498/1793 1792/1469/1780
f 1792/1469/1780 1805/1498/1793 1806/1487/1794
f 1793/1471/1781 1806/1487/1794 1807/1488/1795
f 1795/1473/1783 1807/1488/1795 1808/1490/1796
f 1808/1490/1796 1809/1491/1797 1797/1477/1785
f 1809/1491/1797 1810/1492/1798 1798/1479/1786
f 1810/1492/1798 1819/1502/1807 1811/1493/1799
f 1799/1480/1787 1811/1493/1799 1812/1494/1800
f 1812/1494/1800 1813/1495/1801 1800/1481/1788
f 1802/1484/1790 1813/1495/1801 1814/1496/1802
f 1814/1496/1802 1815/1497/1803 1803/1485/1791
f 1805/1498/1793 1815/1497/1803 1816/1499/1804
f 1806/1487/1794 1816/1499/1804 1817/1500/1805
f 1817/1500/1805 1818/1501/1806 1807/1488/1795
f 1818/1501/1806 1819/1502/1807 1809/1491/1797
f 1784/1478/1772 1773/1456/1763 1779/1468/1768
f 1773/1456/1763 1774/1458/1764 1776/1462/1645
f 1776/1462/1645 1774/1458/1764 1775/1460/1765
f 1777/1464/1766 1778/1466/1767 1776/1462/1645
f 1778/1466/1767 1779/1468/1768 1773/1456/1763
f 1779/1468/1768 1780/1470/1769 1782/1474/1651
f 1782/1474/1651 1780/1470/1769 1781/1472/1770
f 1783/1476/1771 1784/1478/1772 1782/1474/1651
f 1773/1456/1763 1776/1462/1645 1778/1466/1767
f 1811/1493/1799 1819/1502/1807 1815/1497/1803
f 1818/1501/1806 1817/1500/1805 1816/1499/1804
f 1818/1501/1806 1816/1499/1804 1819/1502/1807
f 1816/1499/1804 1815/1497/1803 1819/1502/1807
f 1814/1496/1802 1813/1495/1801 1815/1497/1803
f 1812/1494/1800 1811/1493/1799 1813/1495/1801
f 1852/1535/1826 1863/1541/1837 1859/1536/1833
f 1859/1536/1833 1860/1549/1834 1853/1537/1827
f 1853/1537/1827 1860/1549/1834 1854/1550/1828
f 1856/1551/1830 1862/1539/1836 1857/1538/1831
f 1862/1539/1836 1863/1541/1837 1858/1540/1832
f 1858/1540/1832 1852/1535/1826 1861/1542/1835
f 1853/1537/1827 1854/1550/1828 1855/1552/1829
f 1855/1552/1829 1861/1542/1835 1852/1535/1826
f 1856/1551/1830 1857/1538/1831 1861/1542/1835
f 1852/1535/1826 1853/1537/1827 1855/1552/1829
f 1859/1536/1833 1863/1541/1837 1855/1552/1829
f 1862/1539/1836 1856/1551/1830 1861/1542/1835
f 1862/1539/1836 1861/1542/1835 1863/1541/1837
f 1861/1542/1835 1855/1552/1829 1863/1541/1837
f 1854/1550/1828 1860/1549/1834 1855/1552/1829
f 1860/1549/1834 1859/1536/1833 1855/1552/1829
f 1867/1455/1841 1869/1455/1843 1866/1455/1840
f 1870/1455/1844 1873/1455/1847 1864/1455/1838
f 1865/1455/1839 1870/1455/1844 1864/1455/1838
f 1867/1455/1841 1871/1455/1845 1869/1455/1843
f 1867/1455/1841 1872/1455/1846 1871/1455/1845
f 1864/1455/1838 1873/1455/1847 1868/1455/1842
f 1875/1455/1849 1874/1455/1848 1865/1455/1839
f 1866/1455/1840 1875/1455/1849 1865/1455/1839
f 1878/1455/1852 1877/1455/1851 1866/1455/1840
f 1868/1455/1842 1879/1455/1853 1872/1455/1846
f 1881/1455/1855 1880/1455/1854 1870/1455/1844
f 1875/1455/1849 1881/1455/1855 1874/1455/1848
f 1871/1455/1845 1882/1455/1856 1878/1455/1852
f 1879/1455/1853 1883/1455/1857 1872/1455/1846
f 1885/1455/1859 1884/1455/1858 1877/1455/1851
f 1875/1455/1849 1886/1455/1860 1881/1455/1855
f 1873/1455/1847 1887/1455/1861 1876/1455/1850
f 1883/1455/1857 1888/1455/1862 1872/1455/1846
f 1880/1455/1854 1890/1455/1864 1894/1455/1868
f 1881/1455/1855 1891/1455/1865 1890/1455/1864
f 1884/1455/1858 1892/1455/1866 1891/1455/1865
f 1893/1455/1867 1892/1455/1866 1882/1455/1856
f 1894/1455/1868 1893/1455/1867 1883/1455/1857
f 1864/1455/1838 1868/1455/1842 1867/1455/1841
f 1867/1455/1841 1866/1455/1840 1864/1455/1838
f 1891/1455/1865 1892/1455/1866 1893/1455/1867
f 1893/1455/1867 1894/1455/1868 1891/1455/1865
usemtl Paint_Secondary_Gray
f 1699/1418/1689 1711/1419/1701 1700/1420/1690
f 1700/1420/1690 1712/1421/1702 1701/1422/1691
f 1701/1422/1691 1713/1423/1703 1702/1424/1692
f 1702/1424/1692 1714/1425/1704 1703/1426/1693
f 1714/1425/1704 1704/1427/1694 1703/1426/1693
f 1715/1428/1705 1705/1429/1695 1704/1427/1694
f 1716/1430/1706 1706/1431/1696 1705/1429/1695
f 1706/1431/1696 1717/1432/1707 1707/1433/1697
f 1707/1433/1697 1718/1434/1708 1708/1435/1698
f 1719/1436/1709 1709/1437/1699 1708/1435/1698
f 1720/1438/1710 1710/1439/1700 1709/1437/1699
f 1722/1440/1712 1699/1418/1689 1710/1439/1700
f 1711/1419/1701 1723/1441/1713 1712/1421/1702
f 1712/1421/1702 1724/1442/1714 1713/1423/1703
f 1724/1442/1714 1714/1425/1704 1713/1423/1703
f 1725/1443/1715 1715/1428/1705 1714/1425/1704
f 1726/1444/1716 1716/1430/1706 1715/1428/1705
f 1726/1444/1716 1717/1432/1707 1716/1430/1706
f 1717/1432/1707 1727/1445/1717 1718/1434/1708
f 1718/1434/1708 1728/1446/1718 1719/1436/1709
f 1728/1446/1718 1720/1438/1710 1719/1436/1709
f 1729/1447/1719 1721/1448/1711 1720/1438/1710
f 1730/1449/1720 1722/1440/1712 1721/1448/1711
f 1730/1449/1720 1711/1419/1701 1722/1440/1712
f 1699/1418/1689 1706/1431/1696 1709/1437/1699
f 1725/1443/1715 1723/1441/1713 1726/1444/1716
f 1820/1503/1808 1832/1504/1817 1821/1505/1809
f 1821/1505/1809 1834/1506/1819 1822/1507/1810
f 1822/1507/1810 1835/1508/1704 1823/1509/1693
f 1835/1508/1704 1824/1510/1694 1823/1509/1693
f 1836/1511/1705 1825/1512/1695 1824/1510/1694
f 1837/1513/1706 1826/1514/1811 1825/1512/1695
f 1826/1514/1811 1838/1515/1820 1827/1516/1812
f 1827/1516/1812 1840/1517/1822 1828/1518/1813
f 1828/1518/1813 1841/1519/1823 1829/1520/1814
f 1841/1519/1823 1830/1521/1815 1829/1520/1814
f 1842/1522/1824 1831/1523/1816 1830/1521/1815
f 1843/1524/1825 1820/1503/1808 1831/1523/1816
f 1832/1504/1817 1844/1525/1713 1833/1526/1818
f 1833/1526/1818 1845/1527/1714 1834/1506/1819
f 1845/1527/1714 1835/1508/1704 1834/1506/1819
f 1846/1528/1715 1836/1511/1705 1835/1508/1704
f 1847/1529/1716 1837/1513/1706 1836/1511/1705
f 1847/1529/1716 1838/1515/1820 1837/1513/1706
f 1838/1515/1820 1848/1530/1717 1839/1531/1821
f 1839/1531/1821 1849/1532/1718 1840/1517/1822
f 1849/1532/1718 1841/1519/1823 1840/1517/1822
f 1850/1533/1719 1842/1522/1824 1841/1519/1823
f 1851/1534/1720 1843/1524/1825 1842/1522/1824
f 1851/1534/1720 1832/1504/1817 1843/1524/1825
f 1831/1523/1816 1826/1514/1811 1828/1518/1813
f 1846/1528/1715 1844/1525/1713 1847/1529/1716
f 1700/1420/1690 1711/1419/1701 1712/1421/1702
f 1701/1422/1691 1712/1421/1702 1713/1423/1703
f 1713/1423/1703 1714/1425/1704 1702/1424/1692
f 1714/1425/1704 1715/1428/1705 1704/1427/1694
f 1715/1428/1705 1716/1430/1706 1705/1429/1695
f 1716/1430/1706 1717/1432/1707 1706/1431/1696
f 1707/1433/1697 1717/1432/1707 1718/1434/1708
f 1708/1435/1698 1718/1434/1708 1719/1436/1709
f 1719/1436/1709 1720/1438/1710 1709/1437/1699
f 1720/1438/1710 1721/1448/1711 1710/1439/1700
f 1721/1448/1711 1722/1440/1712 1710/1439/1700
f 1722/1440/1712 1711/1419/1701 1699/1418/1689
f 1712/1421/1702 1723/1441/1713 1724/1442/1714
f 1724/1442/1714 1725/1443/1715 1714/1425/1704
f 1725/1443/1715 1726/1444/1716 1715/1428/1705
f 1726/1444/1716 1727/1445/1717 1717/1432/1707
f 1718/1434/1708 1727/1445/1717 1728/1446/1718
f 1728/1446/1718 1729/1447/1719 1720/1438/1710
f 1729/1447/1719 1730/1449/1720 1721/1448/1711
f 1730/1449/1720 1723/1441/1713 1711/1419/1701
f 1699/1418/1689 1700/1420/1690 1705/1429/1695
f 1700/1420/1690 1701/1422/1691 1702/1424/1692
f 1702/1424/1692 1703/1426/1693 1705/1429/1695
f 1704/1427/1694 1705/1429/1695 1703/1426/1693
f 1705/1429/1695 1706/1431/1696 1699/1418/1689
f 1706/1431/1696 1707/1433/1697 1709/1437/1699
f 1709/1437/1699 1707/1433/1697 1708/1435/1698
f 1709/1437/1699 1710/1439/1700 1699/1418/1689
f 1700/1420/1690 1702/1424/1692 1705/1429/1695
f 1723/1441/1713 1730/1449/1720 1727/1445/1717
f 1729/1447/1719 1728/1446/1718 1727/1445/1717
f 1729/1447/1719 1727/1445/1717 1730/1449/1720
f 1727/1445/1717 1726/1444/1716 1723/1441/1713
f 1725/1443/1715 1724/1442/1714 1723/1441/1713
f 1821/1505/1809 1832/1504/1817 1833/1526/1818
f 1821/1505/1809 1833/1526/1818 1834/1506/1819
f 1834/1506/1819 1835/1508/1704 1822/1507/1810
f 1835/1508/1704 1836/1511/1705 1824/1510/1694
f 1836/1511/1705 1837/1513/1706 1825/1512/1695
f 1837/1513/1706 1838/1515/1820 1826/1514/1811
f 1827/1516/1812 1838/1515/1820 1839/1531/1821
f 1827/1516/1812 1839/1531/1821 1840/1517/1822
f 1840/1517/1822 1841/1519/1823 1828/1518/1813
f 1841/1519/1823 1842/1522/1824 1830/1521/1815
f 1842/1522/1824 1843/1524/1825 1831/1523/1816
f 1843/1524/1825 1832/1504/1817 1820/1503/1808
f 1833/1526/1818 1844/1525/1713 1845/1527/1714
f 1845/1527/1714 1846/1528/1715 1835/1508/1704
f 1846/1528/1715 1847/1529/1716 1836/1511/1705
f 1847/1529/1716 1848/1530/1717 1838/1515/1820
f 1839/1531/1821 1848/1530/1717 1849/1532/1718
f 1849/1532/1718 1850/1533/1719 1841/1519/1823
f 1850/1533/1719 1851/1534/1720 1842/1522/1824
f 1851/1534/1720 1844/1525/1713 1832/1504/1817
f 1831/1523/1816 1820/1503/1808 1826/1514/1811
f 1820/1503/1808 1821/1505/1809 1822/1507/1810
f 1822/1507/1810 1823/1509/1693 1825/1512/1695
f 1824/1510/1694 1825/1512/1695 1823/1509/1693
f 1825/1512/1695 1826/1514/1811 1820/1503/1808
f 1826/1514/1811 1827/1516/1812 1828/1518/1813
f 1828/1518/1813 1829/1520/1814 1831/1523/1816
f 1830/1521/1815 1831/1523/1816 1829/1520/1814
f 1820/1503/1808 1822/1507/1810 1825/1512/1695
f 1844/1525/1713 1851/1534/1720 1848/1530/1717
f 1850/1533/1719 1849/1532/1718 1848/1530/1717
f 1850/1533/1719 1848/1530/1717 1851/1534/1720
f 1848/1530/1717 1847/1529/1716 1844/1525/1713
f 1846/1528/1715 1845/1527/1714 1844/1525/1713
usemtl Panel_Trim
f 1895/1455/1869 1898/1455/1872 1896/1455/1870
f 1897/1455/1871 1895/1455/1869 1896/1455/1870
f 1899/1455/1873 1901/1455/1875 1898/1455/1872
f 1900/1455/1874 1899/1455/1873 1897/1455/1871
f 1898/1455/1872 1900/1455/1874 1897/1455/1871
f 1902/1455/1876 1904/1455/1878 1901/1455/1875
f 1903/1455/1877 1902/1455/1876 1900/1455/1874
f 1901/1455/1875 1904/1455/1878 1900/1455/1874
f 1902/1455/1876 1905/1455/1879 1904/1455/1878
f 1905/1455/1879 1906/1455/1880 1904/1455/1878
f 1904/1455/1878 1906/1455/1880 1903/1455/1877
f 1907/1455/1881 1905/1455/1879 1903/1455/1877
f 1906/1455/1880 1907/1455/1881 1903/1455/1877
f 1909/1455/1883 1908/1455/1882 1905/1455/1879
f 1907/1455/1881 1910/1455/1884 1909/1455/1883
f 1908/1455/1882 1911/1455/1885 1907/1455/1881
f 1913/1455/1887 1909/1455/1883 1910/1455/1884
f 1912/1455/1886 1913/1455/1887 1910/1455/1884
f 1914/1455/1888 1912/1455/1886 1909/1455/1883
f 1916/1455/1890 1914/1455/1888 1913/1455/1887
f 1915/1455/1889 1916/1455/1890 1913/1455/1887
f 1917/1455/1891 1915/1455/1889 1914/1455/1888
f 1919/1455/1893 1917/1455/1891 1916/1455/1890
f 1918/1455/1892 1919/1455/1893 1916/1455/1890
f 1920/1455/1894 1918/1455/1892 1917/1455/1891
f 1921/1455/1895 1918/1455/1892 1920/1455/1894
f 1921/1455/1895 1920/1455/1894 1919/1455/1893
f 1922/1455/1896 1925/1455/1899 1923/1455/1897
f 1924/1455/1898 1922/1455/1896 1923/1455/1897
f 1926/1455/1900 1929/1455/1903 1925/1455/1899
f 1927/1455/1901 1926/1455/1900 1924/1455/1898
f 1925/1455/1899 1928/1455/1902 1924/1455/1898
f 1930/1455/1904 1929/1455/1903 1927/1455/1901
f 1929/1455/1903 1931/1455/1905 1928/1455/1902
f 1932/1455/1906 1927/1455/1901 1931/1455/1905
f 1930/1455/1904 1933/1455/1907 1931/1455/1905
f 1933/1455/1907 1932/1455/1906 1931/1455/1905
f 1933/1455/1907 1935/1455/1909 1934/1455/1908
f 1937/1455/1911 1935/1455/1909 1936/1455/1910
f 1940/1455/1914 1938/1455/1912 1935/1455/1909
f 1941/1455/1915 1940/1455/1914 1937/1455/1911
f 1939/1455/1913 1941/1455/1915 1937/1455/1911
f 1942/1455/1916 1943/1455/1917 1939/1455/1913
f 1944/1455/1918 1942/1455/1916 1941/1455/1915
f 1943/1455/1917 1944/1455/1918 1941/1455/1915
f 1945/1455/1919 1946/1455/1920 1943/1455/1917
f 1947/1455/1921 1945/1455/1919 1944/1455/1918
f 1946/1455/1920 1947/1455/1921 1944/1455/1918
f 1945/1455/1919 1948/1455/1922 1946/1455/1920
f 1948/1455/1922 1949/1455/1923 1946/1455/1920
f 1954/1455/1928 1955/1455/1929 1952/1455/1926
f 1956/1455/1930 1954/1455/1928 1951/1455/1925
f 1956/1455/1930 1951/1455/1925 1952/1455/1926
f 1955/1455/1929 1956/1455/1930 1952/1455/1926
f 1954/1455/1928 1958/1455/1932 1955/1455/1929
f 1957/1455/1931 1958/1455/1932 1954/1455/1928
f 1959/1455/1933 1957/1455/1931 1956/1455/1930
f 1960/1455/1934 1959/1455/1933 1956/1455/1930
f 1958/1455/1932 1960/1455/1934 1956/1455/1930
f 1961/1455/1935 1960/1455/1934 1958/1455/1932
f 1959/1455/1933 1958/1455/1932 1957/1455/1931
f 1961/1455/1935 1962/1455/1936 1960/1455/1934
f 1959/1455/1933 1963/1455/1937 1961/1455/1935
f 1965/1455/1939 1962/1455/1936 1963/1455/1937
f 1959/1455/1933 1964/1455/1938 1963/1455/1937
f 1966/1455/1940 1964/1455/1938 1959/1455/1933
f 1965/1455/1939 1966/1455/1940 1962/1455/1936
f 1964/1455/1938 1965/1455/1939 1963/1455/1937
f 1968/1455/1942 1966/1455/1940 1965/1455/1939
f 1964/1455/1938 1967/1455/1941 1965/1455/1939
f 1969/1455/1943 1964/1455/1938 1968/1455/1942
f 1969/1455/1943 1967/1455/1941 1964/1455/1938
f 1971/1455/1945 1968/1455/1942 1967/1455/1941
f 1971/1455/1945 1967/1455/1941 1969/1455/1943
f 1973/1455/1947 1974/1455/1948 1970/1455/1944
f 1975/1455/1949 1972/1455/1946 1974/1455/1948
f 1976/1455/1950 1977/1455/1951 1973/1455/1947
f 1977/1455/1951 1976/1455/1950 1975/1455/1949
f 1980/1455/1954 1981/1455/1955 1978/1455/1952
f 1982/1455/1956 1981/1455/1955 1980/1455/1954
f 1981/1455/1955 1984/1455/1958 1979/1455/1953
f 1984/1455/1958 1982/1455/1956 1980/1455/1954
f 1979/1455/1953 1984/1455/1958 1980/1455/1954
f 1987/1455/1961 1983/1455/1957 1982/1455/1956
f 1987/1455/1961 1982/1455/1956 1984/1455/1958
f 1986/1455/1960 1987/1455/1961 1984/1455/1958
f 1988/1455/1962 1986/1455/1960 1985/1455/1959
f 1989/1455/1963 1988/1455/1962 1985/1455/1959
f 1990/1455/1964 1989/1455/1963 1987/1455/1961
f 1990/1455/1964 1991/1455/1965 1989/1455/1963
f 1988/1455/1962 1992/1455/1966 1990/1455/1964
f 1995/1455/1969 1991/1455/1965 1992/1455/1966
f 1988/1455/1962 1994/1455/1968 1992/1455/1966
f 1993/1455/1967 1994/1455/1968 1988/1455/1962
f 1995/1455/1969 1993/1455/1967 1991/1455/1965
f 1993/1455/1967 1997/1455/1971 1994/1455/1968
f 1996/1455/1970 1995/1455/1969 1994/1455/1968
f 1995/1455/1969 1998/1455/1972 1997/1455/1971
f 1996/1455/1970 1998/1455/1972 1995/1455/1969
f 1996/1455/1970 1999/1455/1973 1998/1455/1972
f 1997/1455/1971 1999/1455/1973 1996/1455/1970
f 2002/1455/1976 2003/1455/1977 1999/1455/1973
f 2006/1455/1980 2005/1455/1979 2003/1455/1977
f 2006/1455/1980 2004/1455/1978 2005/1455/1979
f 1896/1455/1870 1898/1455/1872 1897/1455/1871
f 1895/1455/1869 1899/1455/1873 1898/1455/1872
f 1897/1455/1871 1899/1455/1873 1895/1455/1869
f 1898/1455/1872 1901/1455/1875 1900/1455/1874
f 1899/1455/1873 1902/1455/1876 1901/1455/1875
f 1900/1455/1874 1902/1455/1876 1899/1455/1873
f 1904/1455/1878 1903/1455/1877 1900/1455/1874
f 1902/1455/1876 1903/1455/1877 1905/1455/1879
f 1906/1455/1880 1908/1455/1882 1907/1455/1881
f 1905/1455/1879 1908/1455/1882 1906/1455/1880
f 1907/1455/1881 1909/1455/1883 1905/1455/1879
f 1907/1455/1881 1911/1455/1885 1910/1455/1884
f 1909/1455/1883 1911/1455/1885 1908/1455/1882
f 1911/1455/1885 1912/1455/1886 1910/1455/1884
f 1909/1455/1883 1912/1455/1886 1911/1455/1885
f 1913/1455/1887 1914/1455/1888 1909/1455/1883
f 1912/1455/1886 1915/1455/1889 1913/1455/1887
f 1914/1455/1888 1915/1455/1889 1912/1455/1886
f 1916/1455/1890 1917/1455/1891 1914/1455/1888
f 1915/1455/1889 1918/1455/1892 1916/1455/1890
f 1917/1455/1891 1918/1455/1892 1915/1455/1889
f 1919/1455/1893 1920/1455/1894 1917/1455/1891
f 1918/1455/1892 1921/1455/1895 1919/1455/1893
f 1923/1455/1897 1925/1455/1899 1924/1455/1898
f 1922/1455/1896 1926/1455/1900 1925/1455/1899
f 1924/1455/1898 1926/1455/1900 1922/1455/1896
f 1928/1455/1902 1927/1455/1901 1924/1455/1898
f 1925/1455/1899 1929/1455/1903 1928/1455/1902
f 1927/1455/1901 1929/1455/1903 1926/1455/1900
f 1929/1455/1903 1930/1455/1904 1931/1455/1905
f 1931/1455/1905 1927/1455/1901 1928/1455/1902
f 1932/1455/1906 1930/1455/1904 1927/1455/1901
f 1932/1455/1906 1934/1455/1908 1930/1455/1904
f 1933/1455/1907 1934/1455/1908 1932/1455/1906
f 1930/1455/1904 1936/1455/1910 1933/1455/1907
f 1930/1455/1904 1934/1455/1908 1936/1455/1910
f 1936/1455/1910 1935/1455/1909 1933/1455/1907
f 1934/1455/1908 1938/1455/1912 1936/1455/1910
f 1935/1455/1909 1938/1455/1912 1934/1455/1908
f 1936/1455/1910 1938/1455/1912 1937/1455/1911
f 1937/1455/1911 1940/1455/1914 1935/1455/1909
f 1938/1455/1912 1939/1455/1913 1937/1455/1911
f 1938/1455/1912 1940/1455/1914 1939/1455/1913
f 1941/1455/1915 1942/1455/1916 1940/1455/1914
f 1940/1455/1914 1942/1455/1916 1939/1455/1913
f 1939/1455/1913 1943/1455/1917 1941/1455/1915
f 1944/1455/1918 1945/1455/1919 1942/1455/1916
f 1942/1455/1916 1945/1455/1919 1943/1455/1917
f 1943/1455/1917 1946/1455/1920 1944/1455/1918
f 1947/1455/1921 1948/1455/1922 1945/1455/1919
f 1946/1455/1920 1949/1455/1923 1947/1455/1921
f 1947/1455/1921 1949/1455/1923 1948/1455/1922
f 1950/1455/1924 1951/1455/1925 1953/1455/1927
f 1950/1455/1924 1953/1455/1927 1952/1455/1926
f 1952/1455/1926 1951/1455/1925 1950/1455/1924
f 1951/1455/1925 1954/1455/1928 1953/1455/1927
f 1953/1455/1927 1954/1455/1928 1952/1455/1926
f 1956/1455/1930 1957/1455/1931 1954/1455/1928
f 1955/1455/1929 1958/1455/1932 1956/1455/1930
f 1959/1455/1933 1961/1455/1935 1958/1455/1932
f 1962/1455/1936 1959/1455/1933 1960/1455/1934
f 1963/1455/1937 1962/1455/1936 1961/1455/1935
f 1962/1455/1936 1966/1455/1940 1959/1455/1933
f 1968/1455/1942 1964/1455/1938 1966/1455/1940
f 1967/1455/1941 1968/1455/1942 1965/1455/1939
f 1968/1455/1942 1970/1455/1944 1969/1455/1943
f 1971/1455/1945 1970/1455/1944 1968/1455/1942
f 1969/1455/1943 1972/1455/1946 1971/1455/1945
f 1970/1455/1944 1974/1455/1948 1969/1455/1943
f 1971/1455/1945 1973/1455/1947 1970/1455/1944
f 1974/1455/1948 1972/1455/1946 1969/1455/1943
f 1972/1455/1946 1973/1455/1947 1971/1455/1945
f 1973/1455/1947 1977/1455/1951 1974/1455/1948
f 1972/1455/1946 1976/1455/1950 1973/1455/1947
f 1972/1455/1946 1975/1455/1949 1976/1455/1950
f 1977/1455/1951 1975/1455/1949 1974/1455/1948
f 1981/1455/1955 1979/1455/1953 1978/1455/1952
f 1979/1455/1953 1980/1455/1954 1978/1455/1952
f 1982/1455/1956 1983/1455/1957 1981/1455/1955
f 1981/1455/1955 1983/1455/1957 1984/1455/1958
f 1983/1455/1957 1985/1455/1959 1984/1455/1958
f 1985/1455/1959 1986/1455/1960 1984/1455/1958
f 1983/1455/1957 1987/1455/1961 1985/1455/1959
f 1987/1455/1961 1989/1455/1963 1985/1455/1959
f 1986/1455/1960 1990/1455/1964 1987/1455/1961
f 1988/1455/1962 1990/1455/1964 1986/1455/1960
f 1991/1455/1965 1988/1455/1962 1989/1455/1963
f 1992/1455/1966 1991/1455/1965 1990/1455/1964
f 1991/1455/1965 1993/1455/1967 1988/1455/1962
f 1994/1455/1968 1995/1455/1969 1992/1455/1966
f 1993/1455/1967 1995/1455/1969 1997/1455/1971
f 1994/1455/1968 1997/1455/1971 1996/1455/1970
f 1998/1455/1972 2000/1455/1974 1997/1455/1971
f 2000/1455/1974 1999/1455/1973 1997/1455/1971
f 1998/1455/1972 2001/1455/1975 2000/1455/1974
f 1999/1455/1973 2003/1455/1977 1998/1455/1972
f 2000/1455/1974 2002/1455/1976 1999/1455/1973
f 2003/1455/1977 2001/1455/1975 1998/1455/1972
f 2001/1455/1975 2002/1455/1976 2000/1455/1974
f 2003/1455/1977 2005/1455/1979 2001/1455/1975
f 2002/1455/1976 2004/1455/1978 2003/1455/1977
f 2001/1455/1975 2004/1455/1978 2002/1455/1976
f 2004/1455/1978 2006/1455/1980 2003/1455/1977
f 2001/1455/1975 2005/1455/1979 2004/1455/1978
o Light_Lenses
v -0.270573 0.108675 -2.308311
v -0.284125 0.254960 -2.308316
v -0.309777 0.317566 -2.308314
v -0.335916 0.342234 -2.308328
v -0.375117 0.353653 -2.308318
v -0.482158 0.347091 -2.308340
v -0.525733 0.304294 -2.308326
v -0.551777 0.186569 -2.308312
v -0.555427 -0.174045 -2.308311
v -0.541875 -0.320330 -2.308316
v -0.516223 -0.382936 -2.308314
v -0.482158 -0.412461 -2.308340
v -0.375117 -0.419023 -2.308318
v -0.335916 -0.407604 -2.308328
v -0.300267 -0.369664 -2.308326
v -0.274223 -0.251939 -2.308312
v -0.291346 0.171361 -2.323712
v -0.313907 0.288878 -2.323724
v -0.346980 0.328531 -2.323737
v -0.379472 0.337770 -2.323715
v -0.472123 0.333141 -2.323759
v -0.512091 0.288878 -2.323725
v -0.534654 0.171361 -2.323712
v -0.536484 -0.200569 -2.323712
v -0.519752 -0.332341 -2.323719
v -0.491598 -0.384024 -2.323713
v -0.462536 -0.400625 -2.323719
v -0.368202 -0.402251 -2.323723
v -0.334402 -0.384024 -2.323713
v -0.306249 -0.332341 -2.323719
v -0.289516 -0.200568 -2.323712
v -1.704098 -0.245059 -0.494024
v -1.691608 -0.231066 -0.499604
v -1.678485 -0.231091 -0.505343
v -1.667480 -0.239452 -0.510804
v -1.664131 -0.252361 -0.512980
v -1.669018 -0.265085 -0.512082
v -1.677857 -0.273649 -0.507351
v -1.691086 -0.273652 -0.501309
v -1.701195 -0.265269 -0.496271
v -1.718765 -0.237634 -0.540521
v -1.694683 -0.271939 -0.548517
v -1.716396 -0.251195 -0.522213
v -1.686606 -0.237027 -0.564573
v -1.683187 -0.250060 -0.569069
v -1.712505 -0.271058 -0.564669
v -1.723173 -0.262916 -0.560916
v -1.714076 -0.227796 -0.580560
v -1.698490 -0.228437 -0.570282
v -1.689327 -0.262655 -0.581150
v -1.729316 -0.249090 -0.574459
v -1.726535 -0.234441 -0.614192
v -1.702178 -0.268352 -0.640130
v -1.699936 -0.225418 -0.648872
v -1.689638 -0.234578 -0.627820
v -1.685366 -0.247673 -0.631414
v -1.713792 -0.267390 -0.658657
v -1.726175 -0.260130 -0.632844
v -1.710604 -0.224342 -0.671510
v -1.686949 -0.259500 -0.666179
v -1.727366 -0.245570 -0.667419
v -1.718094 -0.231539 -0.693704
v -1.680937 -0.232141 -0.695063
v -1.676213 -0.245214 -0.698829
v -1.716796 -0.257576 -0.703820
v -1.648416 -0.216939 -0.917024
v -1.638311 -0.225380 -0.911919
v -1.656178 -0.260390 -0.885289
v -1.674178 -0.250903 -0.920309
v -1.674708 -0.224617 -0.914983
v -1.687526 -0.238835 -0.875187
v -1.664067 -0.216956 -0.910375
v -1.639192 -0.251926 -0.910523
v -1.634474 -0.238865 -0.909823
v -1.667856 -0.259946 -0.896428
v -1.670673 -0.237321 -0.945899
v -1.625161 -0.258428 -0.991164
v -1.639724 -0.258125 -0.992272
v -1.641794 -0.223108 -1.011303
v -1.632186 -0.215340 -1.004840
v -1.617280 -0.215653 -1.003954
v -1.607966 -0.224146 -0.997960
v -1.605950 -0.237456 -0.993049
v -1.608525 -0.250422 -0.998512
v -1.642237 -0.249478 -1.012108
v -1.644161 -0.236117 -1.017193
v -1.603958 -0.222457 -1.074122
v -1.594592 -0.214474 -1.067417
v -1.583097 -0.214902 -1.059351
v -1.574074 -0.223564 -1.053051
v -1.571052 -0.236659 -1.051039
v -1.574583 -0.249511 -1.053697
v -1.583897 -0.257487 -1.060470
v -1.595383 -0.257060 -1.068549
v -1.604444 -0.248393 -1.074801
v -1.607524 -0.235305 -1.076711
v 0.555427 0.108675 -2.308311
v 0.541875 0.254960 -2.308316
v 0.516223 0.317566 -2.308314
v 0.490083 0.342234 -2.308328
v 0.450883 0.353653 -2.308318
v 0.343842 0.347091 -2.308340
v 0.300267 0.304294 -2.308326
v 0.274223 0.186569 -2.308312
v 0.270573 -0.174045 -2.308311
v 0.284125 -0.320330 -2.308316
v 0.309777 -0.382936 -2.308314
v 0.335916 -0.407604 -2.308328
v 0.375117 -0.419023 -2.308318
v 0.482158 -0.412461 -2.308340
v 0.525733 -0.369664 -2.308326
v 0.551777 -0.251939 -2.308312
v 0.536484 0.135199 -2.323712
v 0.519752 0.266971 -2.323719
v 0.491598 0.318654 -2.323713
v 0.457798 0.336881 -2.323723
v 0.363464 0.335255 -2.323719
v 0.334402 0.318654 -2.323713
v 0.306249 0.266971 -2.323719
v 0.289516 0.135198 -2.323712
v 0.291346 -0.236731 -2.323712
v 0.313907 -0.354248 -2.323724
v 0.346980 -0.393901 -2.323737
v 0.379472 -0.403140 -2.323715
v 0.472123 -0.398511 -2.323759
v 0.512091 -0.354248 -2.323725
v 0.534654 -0.236731 -2.323712
v 1.667464 -0.239454 -0.510766
v 1.678508 -0.231088 -0.505400
v 1.691545 -0.231073 -0.499437
v 1.700040 -0.239204 -0.495653
v 1.704133 -0.252361 -0.494313
v 1.701256 -0.265265 -0.496417
v 1.691065 -0.273654 -0.501259
v 1.677857 -0.273649 -0.507351
v 1.668854 -0.265096 -0.511665
v 1.664192 -0.252355 -0.513125
v 1.718765 -0.237634 -0.540520
v 1.716396 -0.251195 -0.522213
v 1.694683 -0.271939 -0.548519
v 1.686606 -0.237027 -0.564573
v 1.723173 -0.262916 -0.560916
v 1.712505 -0.271058 -0.564669
v 1.683187 -0.250059 -0.569069
v 1.698490 -0.228437 -0.570282
v 1.714076 -0.227796 -0.580559
v 1.729316 -0.249090 -0.574459
v 1.689327 -0.262655 -0.581150
v 1.726535 -0.234441 -0.614192
v 1.702178 -0.268352 -0.640130
v 1.689638 -0.234578 -0.627819
v 1.699936 -0.225418 -0.648872
v 1.726175 -0.260130 -0.632844
v 1.713792 -0.267390 -0.658656
v 1.685366 -0.247674 -0.631414
v 1.710604 -0.224342 -0.671510
v 1.727366 -0.245570 -0.667419
v 1.686949 -0.259500 -0.666179
v 1.718094 -0.231539 -0.693704
v 1.680937 -0.232141 -0.695062
v 1.716797 -0.257576 -0.703819
v 1.676213 -0.245215 -0.698827
v 1.638311 -0.225380 -0.911918
v 1.648416 -0.216939 -0.917023
v 1.674178 -0.250903 -0.920309
v 1.656178 -0.260390 -0.885289
v 1.674708 -0.224617 -0.914983
v 1.687526 -0.238835 -0.875187
v 1.664067 -0.216956 -0.910375
v 1.639192 -0.251926 -0.910523
v 1.667856 -0.259946 -0.896429
v 1.634474 -0.238865 -0.909823
v 1.670673 -0.237321 -0.945898
v 1.639724 -0.258125 -0.992273
v 1.625161 -0.258428 -0.991164
v 1.607966 -0.224146 -0.997960
v 1.617280 -0.215653 -1.003955
v 1.632186 -0.215340 -1.004840
v 1.641794 -0.223108 -1.011303
v 1.644161 -0.236117 -1.017194
v 1.642237 -0.249478 -1.012108
v 1.608525 -0.250422 -0.998512
v 1.605949 -0.237456 -0.993049
v 1.574074 -0.223564 -1.053051
v 1.583101 -0.214903 -1.059346
v 1.594580 -0.214474 -1.067435
v 1.603968 -0.222457 -1.074106
v 1.607492 -0.235305 -1.076757
v 1.604485 -0.248395 -1.074739
v 1.595377 -0.257060 -1.068558
v 1.583906 -0.257488 -1.060457
v 1.574543 -0.249510 -1.053754
v 1.571100 -0.236659 -1.050967
vn 0.9484 0.0144 0.3167
vn 0.9343 0.2065 0.2905
vn 0.7690 0.5654 0.2983
vn 0.4842 0.8165 0.3143
vn 0.1166 0.9331 0.3402
vn -0.4108 0.8590 0.3056
vn -0.8286 0.4797 0.2887
vn -0.9398 0.1221 0.3191
vn -0.9433 -0.0168 0.3315
vn -0.9304 -0.1960 0.3098
vn -0.7876 -0.5385 0.2996
vn -0.3850 -0.8710 0.3053
vn 0.0894 -0.9339 0.3463
vn 0.4979 -0.8102 0.3093
vn 0.8440 -0.4550 0.2839
vn 0.9463 -0.1113 0.3036
vn 0.3890 0.0356 -0.9205
vn 0.3617 0.1663 -0.9174
vn 0.1976 0.3469 -0.9168
vn 0.0403 0.4006 -0.9154
vn -0.1596 0.4004 -0.9023
vn -0.3520 0.1551 -0.9231
vn -0.3611 0.0249 -0.9322
vn -0.3683 -0.0270 -0.9293
vn -0.3607 -0.1234 -0.9245
vn -0.2743 -0.2816 -0.9195
vn -0.0797 -0.4219 -0.9031
vn 0.0891 -0.4055 -0.9097
vn 0.2758 -0.2846 -0.9181
vn 0.3942 -0.1048 -0.9130
vn 0.3770 -0.0094 -0.9262
vn -0.4195 0.2171 0.8814
vn -0.0192 0.7106 0.7033
vn 0.4761 0.6983 0.5345
vn 0.8277 0.4218 0.3700
vn 0.9526 -0.0528 0.2996
vn 0.8330 -0.4973 0.2424
vn 0.4970 -0.7422 0.4495
vn 0.0155 -0.7583 0.6517
vn -0.3467 -0.4523 0.8217
vn -0.7854 0.5758 0.2272
vn 0.2338 -0.9670 -0.1012
vn -0.9436 -0.0700 0.3236
vn 0.7993 0.5825 -0.1477
vn 0.9811 0.0220 -0.1922
vn -0.3420 -0.9394 0.0218
vn -0.8184 -0.5563 0.1441
vn -0.3520 0.9330 0.0753
vn 0.2983 0.9545 0.0020
vn 0.8153 -0.5700 -0.1018
vn -0.9942 0.0416 0.0993
vn -0.8267 0.5625 0.0069
vn 0.2342 -0.9719 -0.0253
vn 0.2884 0.9554 0.0636
vn 0.8280 0.5598 0.0314
vn 0.9984 0.0282 0.0486
vn -0.3717 -0.9252 -0.0762
vn -0.8415 -0.5389 -0.0392
vn -0.3238 0.9461 -0.0050
vn 0.7744 -0.6262 0.0903
vn -0.9928 0.0272 -0.1168
vn -0.7916 0.5987 -0.1222
vn 0.8119 0.5623 0.1571
vn 0.9841 -0.0167 0.1767
vn -0.8101 -0.5607 -0.1714
vn 0.2943 0.9502 0.1024
vn 0.7809 0.5830 0.2245
vn 0.2747 -0.9611 0.0304
vn -0.8049 -0.5508 -0.2208
vn -0.7908 0.5823 -0.1887
vn -0.9808 0.0179 -0.1940
vn -0.2904 0.9555 -0.0511
vn 0.7860 -0.5842 0.2024
vn 0.9658 -0.0202 0.2586
vn -0.3236 -0.9417 -0.0927
vn -0.9492 0.0349 -0.3127
vn 0.2311 -0.9697 0.0787
vn -0.3524 -0.9235 -0.1517
vn -0.7267 0.6033 -0.3286
vn -0.2789 0.9538 -0.1120
vn 0.2799 0.9482 0.1503
vn 0.7329 0.5760 0.3620
vn 0.9124 -0.0275 0.4085
vn 0.7050 -0.6160 0.3515
vn -0.7402 -0.5639 -0.3664
vn -0.8929 0.0286 -0.4493
vn -0.1564 0.4742 -0.8664
vn 0.1731 0.7453 -0.6438
vn 0.5759 0.7234 -0.3807
vn 0.8869 0.4262 -0.1783
vn 0.9930 -0.0162 -0.1168
vn 0.8716 -0.4481 -0.1990
vn 0.5477 -0.7233 -0.4206
vn 0.1459 -0.7165 -0.6822
vn -0.1736 -0.4222 -0.8897
vn -0.2897 0.0303 -0.9566
vn 0.9433 0.0168 0.3316
vn 0.9304 0.1959 0.3098
vn 0.7947 0.5278 0.2998
vn 0.4822 0.8193 0.3101
vn 0.0893 0.9339 0.3462
vn -0.3987 0.8649 0.3049
vn -0.8399 0.4627 0.2838
vn -0.9463 0.1113 0.3036
vn -0.9484 -0.0144 0.3167
vn -0.9343 -0.2065 0.2905
vn -0.7690 -0.5654 0.2983
vn -0.4842 -0.8165 0.3143
vn -0.1166 -0.9331 0.3402
vn 0.4108 -0.8589 0.3056
vn 0.8286 -0.4797 0.2887
vn 0.9398 -0.1222 0.3191
vn 0.3683 0.0270 -0.9293
vn 0.3607 0.1234 -0.9245
vn 0.2676 0.2760 -0.9232
vn 0.0891 0.4055 -0.9097
vn -0.0797 0.4219 -0.9031
vn -0.2891 0.2962 -0.9103
vn -0.3942 0.1048 -0.9130
vn -0.3770 0.0094 -0.9262
vn -0.3890 -0.0356 -0.9205
vn -0.3617 -0.1663 -0.9174
vn -0.1976 -0.3469 -0.9168
vn -0.0403 -0.4006 -0.9154
vn 0.1596 -0.4004 -0.9023
vn 0.3520 -0.1551 -0.9231
vn 0.3611 -0.0249 -0.9322
vn -0.8277 0.4194 0.3728
vn -0.4753 0.6995 0.5336
vn -0.0191 0.7054 0.7085
vn 0.3020 0.3994 0.8656
vn 0.4301 -0.0017 0.9028
vn 0.3495 -0.4802 0.8045
vn -0.0181 -0.7552 0.6552
vn -0.4972 -0.7423 0.4493
vn -0.8240 -0.4626 0.3272
vn -0.9529 -0.0560 0.2982
vn 0.7849 0.5746 0.2318
vn 0.9376 -0.0219 0.3470
vn -0.2336 -0.9671 -0.1012
vn -0.7993 0.5825 -0.1477
vn 0.8184 -0.5563 0.1441
vn 0.3420 -0.9394 0.0219
vn -0.9811 0.0223 -0.1923
vn -0.2983 0.9545 0.0020
vn 0.3520 0.9330 0.0753
vn 0.9942 0.0416 0.0993
vn -0.8153 -0.5700 -0.1019
vn 0.8267 0.5625 0.0069
vn -0.2342 -0.9719 -0.0253
vn -0.8280 0.5598 0.0314
vn -0.2884 0.9554 0.0636
vn 0.8415 -0.5389 -0.0392
vn 0.3717 -0.9252 -0.0762
vn -0.9984 0.0281 0.0486
vn 0.3238 0.9461 -0.0050
vn 0.9928 0.0272 -0.1168
vn -0.7744 -0.6262 0.0903
vn 0.7916 0.5987 -0.1222
vn -0.8119 0.5623 0.1571
vn 0.8101 -0.5607 -0.1714
vn -0.9841 -0.0167 0.1767
vn -0.7809 0.5830 0.2245
vn -0.2943 0.9502 0.1024
vn 0.8049 -0.5508 -0.2208
vn -0.2747 -0.9611 0.0304
vn 0.7908 0.5823 -0.1887
vn 0.9808 0.0179 -0.1940
vn 0.2904 0.9555 -0.0511
vn -0.7860 -0.5842 0.2024
vn 0.3236 -0.9417 -0.0927
vn -0.9658 -0.0202 0.2586
vn 0.9492 0.0348 -0.3127
vn 0.3524 -0.9235 -0.1517
vn -0.2311 -0.9698 0.0787
vn -0.7329 0.5760 0.3620
vn -0.2799 0.9482 0.1503
vn 0.2789 0.9538 -0.1120
vn 0.7267 0.6033 -0.3286
vn 0.8930 0.0286 -0.4492
vn 0.7402 -0.5639 -0.3664
vn -0.7050 -0.6159 0.3515
vn -0.9124 -0.0275 0.4085
vn -0.8869 0.4262 -0.1780
vn -0.5760 0.7236 -0.3803
vn -0.1742 0.7443 -0.6448
vn 0.1577 0.4744 -0.8661
vn 0.2814 0.0302 -0.9591
vn 0.1816 -0.4254 -0.8866
vn -0.1462 -0.7161 -0.6825
vn -0.5468 -0.7244 -0.4198
vn -0.8714 -0.4465 -0.2035
vn -0.9946 -0.0154 -0.1025
vt 0.425297 0.990238
vt 0.419339 0.992857
vt 0.421123 0.990238
vt 0.412870 0.992857
vt 0.414667 0.990238
vt 0.404502 0.992857
vt 0.407600 0.990238
vt 0.396931 0.990238
vt 0.370610 0.992857
vt 0.367807 0.990238
vt 0.356588 0.990238
vt 0.360207 0.992857
vt 0.349080 0.990238
vt 0.353738 0.992857
vt 0.347780 0.990238
vt 0.353084 0.992857
vt 0.351954 0.990238
vt 0.358021 0.992857
vt 0.358410 0.990238
vt 0.365168 0.992857
vt 0.373016 0.992857
vt 0.396931 0.990238
vt 0.398713 0.992857
vt 0.407909 0.992857
vt 0.416489 0.990238
vt 0.415056 0.992857
vt 0.423997 0.990238
vt 0.419993 0.992857
vt 0.395739 0.992857
vt 0.000000 0.000000
vt 0.652220 0.990238
vt 0.646916 0.992857
vt 0.648046 0.990238
vt 0.641979 0.992857
vt 0.641590 0.990238
vt 0.634832 0.992857
vt 0.634523 0.990238
vt 0.625637 0.992857
vt 0.623854 0.990238
vt 0.599939 0.992857
vt 0.594730 0.990238
vt 0.592091 0.992857
vt 0.583511 0.990238
vt 0.584944 0.992857
vt 0.576003 0.990238
vt 0.580007 0.992857
vt 0.574703 0.990238
vt 0.580661 0.992857
vt 0.578877 0.990238
vt 0.587130 0.992857
vt 0.585333 0.990238
vt 0.595498 0.992857
vt 0.592400 0.990238
vt 0.603069 0.990238
vt 0.629390 0.992857
vt 0.632193 0.990238
vt 0.643412 0.990238
vt 0.639793 0.992857
vt 0.650920 0.990238
vt 0.646262 0.992857
vt 0.604261 0.992857
s 1
usemtl Light_Lens
f 2007/1553/1981 2023/1554/1997 2008/1555/1982
f 2008/1555/1982 2024/1556/1998 2009/1557/1983
f 2009/1557/1983 2025/1558/1999 2010/1559/1984
f 2025/1558/1999 2011/1560/1985 2010/1559/1984
f 2011/1560/1985 2027/1561/2001 2012/1562/1986
f 2027/1561/2001 2013/1563/1987 2012/1562/1986
f 2028/1564/2002 2014/1565/1988 2013/1563/1987
f 2029/1566/2003 2015/1567/1989 2014/1565/1988
f 2015/1567/1989 2030/1568/2004 2016/1569/1990
f 2016/1569/1990 2031/1570/2005 2017/1571/1991
f 2017/1571/1991 2032/1572/2006 2018/1562/1992
f 2033/1573/2007 2019/1574/1993 2018/1562/1992
f 2019/1574/1993 2034/1575/2008 2020/1559/1994
f 2035/1576/2009 2021/1577/1995 2020/1559/1994
f 2036/1578/2010 2022/1579/1996 2021/1577/1995
f 2037/1580/2011 2007/1553/1981 2022/1579/1996
f 2016/1569/1990 2019/1574/1993 2021/1577/1995
f 2024/1556/1998 2028/1564/2002 2026/1581/2000
f 2045/1582/2019 2048/1582/2022 2044/1582/2018
f 2042/1582/2016 2050/1582/2024 2041/1582/2015
f 2052/1582/2026 2048/1582/2022 2045/1582/2019
f 2053/1582/2027 2045/1582/2019 2046/1582/2020
f 2047/1582/2021 2057/1582/2031 2049/1582/2023
f 2040/1582/2014 2054/1582/2028 2039/1582/2013
f 2050/1582/2024 2055/1582/2029 2040/1582/2014
f 2056/1582/2030 2051/1582/2025 2043/1582/2017
f 2057/1582/2031 2053/1582/2027 2049/1582/2023
f 2054/1582/2028 2058/1582/2032 2047/1582/2021
f 2059/1582/2033 2056/1582/2030 2048/1582/2022
f 2050/1582/2024 2060/1582/2034 2055/1582/2029
f 2051/1582/2025 2061/1582/2035 2050/1582/2024
f 2063/1582/2037 2059/1582/2033 2052/1582/2026
f 2064/1582/2038 2052/1582/2026 2053/1582/2027
f 2058/1582/2032 2067/1582/2041 2057/1582/2031
f 2060/1582/2034 2065/1582/2039 2054/1582/2028
f 2066/1582/2040 2062/1582/2036 2056/1582/2030
f 2067/1582/2041 2064/1582/2038 2057/1582/2031
f 2065/1582/2039 2068/1582/2042 2058/1582/2032
f 2062/1582/2036 2069/1582/2043 2061/1582/2035
f 2071/1582/2045 2063/1582/2037 2064/1582/2038
f 2069/1582/2043 2072/1582/2046 2060/1582/2034
f 2070/1582/2044 2073/1582/2047 2069/1582/2043
f 2074/1582/2048 2066/1582/2040 2059/1582/2033
f 2075/1582/2049 2063/1582/2037 2071/1582/2045
f 2068/1582/2042 2077/1582/2051 2067/1582/2041
f 2065/1582/2039 2076/1582/2050 2068/1582/2042
f 2077/1582/2051 2075/1582/2049 2067/1582/2041
f 2078/1582/2052 2076/1582/2050 2065/1582/2039
f 2074/1582/2048 2079/1582/2053 2066/1582/2040
f 2080/1582/2054 2073/1582/2047 2070/1582/2044
f 2079/1582/2053 2080/1582/2054 2070/1582/2044
f 2075/1582/2049 2081/1582/2055 2063/1582/2037
f 2081/1582/2055 2083/1582/2057 2074/1582/2048
f 2075/1582/2049 2084/1582/2058 2081/1582/2055
f 2085/1582/2059 2082/1582/2056 2076/1582/2050
f 2086/1582/2060 2076/1582/2050 2078/1582/2052
f 2087/1582/2061 2078/1582/2052 2072/1582/2046
f 2088/1582/2062 2072/1582/2046 2073/1582/2047
f 2089/1582/2063 2073/1582/2047 2080/1582/2054
f 2079/1582/2053 2089/1582/2063 2080/1582/2054
f 2083/1582/2057 2090/1582/2064 2079/1582/2053
f 2082/1582/2056 2091/1582/2065 2075/1582/2049
f 2093/1582/2067 2092/1582/2066 2085/1582/2059
f 2094/1582/2068 2085/1582/2059 2086/1582/2060
f 2095/1582/2069 2086/1582/2060 2087/1582/2061
f 2096/1582/2070 2087/1582/2061 2088/1582/2062
f 2097/1582/2071 2088/1582/2062 2089/1582/2063
f 2090/1582/2064 2097/1582/2071 2089/1582/2063
f 2083/1582/2057 2098/1582/2072 2090/1582/2064
f 2084/1582/2058 2099/1582/2073 2083/1582/2057
f 2091/1582/2065 2100/1582/2074 2084/1582/2058
f 2092/1582/2066 2101/1582/2075 2091/1582/2065
f 2046/1582/2020 2044/1582/2018 2040/1582/2014
f 2101/1582/2075 2093/1582/2067 2095/1582/2069
f 2103/1583/2077 2119/1584/2093 2104/1585/2078
f 2104/1585/2078 2120/1586/2094 2105/1587/2079
f 2105/1587/2079 2121/1588/2095 2106/1589/2080
f 2122/1590/2096 2107/1591/2081 2106/1589/2080
f 2107/1591/2081 2123/1592/2097 2108/1593/2082
f 2124/1594/2098 2109/1595/2083 2108/1593/2082
f 2125/1596/2099 2110/1597/2084 2109/1595/2083
f 2126/1598/2100 2111/1599/2085 2110/1597/2084
f 2111/1599/2085 2127/1600/2101 2112/1601/2086
f 2112/1601/2086 2128/1602/2102 2113/1603/2087
f 2113/1603/2087 2129/1604/2103 2114/1605/2088
f 2129/1604/2103 2115/1606/2089 2114/1605/2088
f 2115/1606/2089 2131/1607/2105 2116/1608/2090
f 2131/1607/2105 2117/1609/2091 2116/1608/2090
f 2132/1610/2106 2118/1611/2092 2117/1609/2091
f 2133/1612/2107 2103/1583/2077 2118/1611/2092
f 2112/1601/2086 2115/1606/2089 2117/1609/2091
f 2120/1586/2094 2125/1596/2099 2122/1590/2096
f 2138/1582/2112 2144/1582/2118 2137/1582/2111
f 2146/1582/2120 2140/1582/2114 2141/1582/2115
f 2147/1582/2121 2143/1582/2117 2134/1582/2108
f 2140/1582/2114 2148/1582/2122 2139/1582/2113
f 2146/1582/2120 2149/1582/2123 2140/1582/2114
f 2151/1582/2125 2147/1582/2121 2135/1582/2109
f 2152/1582/2126 2135/1582/2109 2136/1582/2110
f 2153/1582/2127 2144/1582/2118 2145/1582/2119
f 2148/1582/2122 2153/1582/2127 2145/1582/2119
f 2150/1582/2124 2154/1582/2128 2142/1582/2116
f 2155/1582/2129 2152/1582/2126 2144/1582/2118
f 2154/1582/2128 2156/1582/2130 2146/1582/2120
f 2157/1582/2131 2150/1582/2124 2147/1582/2121
f 2158/1582/2132 2147/1582/2121 2151/1582/2125
f 2149/1582/2123 2159/1582/2133 2148/1582/2122
f 2156/1582/2130 2160/1582/2134 2149/1582/2123
f 2162/1582/2136 2158/1582/2132 2152/1582/2126
f 2163/1582/2137 2155/1582/2129 2153/1582/2127
f 2159/1582/2133 2163/1582/2137 2153/1582/2127
f 2161/1582/2135 2164/1582/2138 2154/1582/2128
f 2165/1582/2139 2162/1582/2136 2155/1582/2129
f 2166/1582/2140 2161/1582/2135 2157/1582/2131
f 2160/1582/2134 2167/1582/2141 2159/1582/2133
f 2169/1582/2143 2168/1582/2142 2166/1582/2140
f 2170/1582/2144 2166/1582/2140 2158/1582/2132
f 2160/1582/2134 2171/1582/2145 2167/1582/2141
f 2164/1582/2138 2172/1582/2146 2156/1582/2130
f 2173/1582/2147 2162/1582/2136 2165/1582/2139
f 2174/1582/2148 2165/1582/2139 2163/1582/2137
f 2171/1582/2145 2174/1582/2148 2163/1582/2137
f 2173/1582/2147 2175/1582/2149 2162/1582/2136
f 2176/1582/2150 2172/1582/2146 2164/1582/2138
f 2169/1582/2143 2178/1582/2152 2168/1582/2142
f 2177/1582/2151 2171/1582/2145 2160/1582/2134
f 2178/1582/2152 2176/1582/2150 2168/1582/2142
f 2180/1582/2154 2171/1582/2145 2177/1582/2151
f 2181/1582/2155 2177/1582/2151 2172/1582/2146
f 2169/1582/2143 2189/1582/2163 2178/1582/2152
f 2170/1582/2144 2182/1582/2156 2169/1582/2143
f 2175/1582/2149 2183/1582/2157 2170/1582/2144
f 2173/1582/2147 2184/1582/2158 2175/1582/2149
f 2179/1582/2153 2185/1582/2159 2173/1582/2147
f 2187/1582/2161 2179/1582/2153 2171/1582/2145
f 2188/1582/2162 2181/1582/2155 2176/1582/2150
f 2189/1582/2163 2176/1582/2150 2178/1582/2152
f 2182/1582/2156 2199/1582/2173 2189/1582/2163
f 2183/1582/2157 2190/1582/2164 2182/1582/2156
f 2184/1582/2158 2191/1582/2165 2183/1582/2157
f 2185/1582/2159 2192/1582/2166 2184/1582/2158
f 2186/1582/2160 2193/1582/2167 2185/1582/2159
f 2195/1582/2169 2186/1582/2160 2187/1582/2161
f 2196/1582/2170 2187/1582/2161 2180/1582/2154
f 2197/1582/2171 2180/1582/2154 2181/1582/2155
f 2198/1582/2172 2181/1582/2155 2188/1582/2162
f 2199/1582/2173 2188/1582/2162 2189/1582/2163
f 2135/1582/2109 2134/1582/2108 2140/1582/2114
f 2192/1582/2166 2196/1582/2170 2198/1582/2172
f 2007/1553/1981 2037/1580/2011 2023/1554/1997
f 2008/1555/1982 2023/1554/1997 2024/1556/1998
f 2009/1557/1983 2024/1556/1998 2025/1558/1999
f 2025/1558/1999 2026/1581/2000 2011/1560/1985
f 2011/1560/1985 2026/1581/2000 2027/1561/2001
f 2027/1561/2001 2028/1564/2002 2013/1563/1987
f 2028/1564/2002 2029/1566/2003 2014/1565/1988
f 2029/1566/2003 2030/1568/2004 2015/1567/1989
f 2016/1569/1990 2030/1568/2004 2031/1570/2005
f 2017/1571/1991 2031/1570/2005 2032/1572/2006
f 2032/1572/2006 2033/1573/2007 2018/1562/1992
f 2033/1573/2007 2034/1575/2008 2019/1574/1993
f 2020/1559/1994 2034/1575/2008 2035/1576/2009
f 2035/1576/2009 2036/1578/2010 2021/1577/1995
f 2036/1578/2010 2037/1580/2011 2022/1579/1996
f 2022/1579/1996 2007/1553/1981 2015/1567/1989
f 2007/1553/1981 2008/1555/1982 2014/1565/1988
f 2014/1565/1988 2008/1555/1982 2013/1563/1987
f 2008/1555/1982 2009/1557/1983 2011/1560/1985
f 2011/1560/1985 2009/1557/1983 2010/1559/1984
f 2011/1560/1985 2012/1562/1986 2013/1563/1987
f 2014/1565/1988 2015/1567/1989 2007/1553/1981
f 2015/1567/1989 2016/1569/1990 2022/1579/1996
f 2022/1579/1996 2016/1569/1990 2021/1577/1995
f 2016/1569/1990 2017/1571/1991 2018/1562/1992
f 2018/1562/1992 2019/1574/1993 2016/1569/1990
f 2019/1574/1993 2020/1559/1994 2021/1577/1995
f 2008/1555/1982 2011/1560/1985 2013/1563/1987
f 2023/1554/1997 2037/1580/2011 2030/1568/2004
f 2037/1580/2011 2036/1578/2010 2031/1570/2005
f 2036/1578/2010 2035/1576/2009 2034/1575/2008
f 2034/1575/2008 2033/1573/2007 2031/1570/2005
f 2032/1572/2006 2031/1570/2005 2033/1573/2007
f 2031/1570/2005 2030/1568/2004 2037/1580/2011
f 2030/1568/2004 2029/1566/2003 2023/1554/1997
f 2029/1566/2003 2028/1564/2002 2024/1556/1998
f 2026/1581/2000 2028/1564/2002 2027/1561/2001
f 2026/1581/2000 2025/1558/1999 2024/1556/1998
f 2024/1556/1998 2023/1554/1997 2029/1566/2003
f 2031/1570/2005 2036/1578/2010 2034/1575/2008
f 2047/1582/2021 2049/1582/2023 2038/1582/2012
f 2039/1582/2013 2047/1582/2021 2038/1582/2012
f 2044/1582/2018 2048/1582/2022 2043/1582/2017
f 2038/1582/2012 2049/1582/2023 2046/1582/2020
f 2041/1582/2015 2050/1582/2024 2040/1582/2014
f 2042/1582/2016 2051/1582/2025 2050/1582/2024
f 2043/1582/2017 2051/1582/2025 2042/1582/2016
f 2053/1582/2027 2052/1582/2026 2045/1582/2019
f 2049/1582/2023 2053/1582/2027 2046/1582/2020
f 2039/1582/2013 2054/1582/2028 2047/1582/2021
f 2040/1582/2014 2055/1582/2029 2054/1582/2028
f 2048/1582/2022 2056/1582/2030 2043/1582/2017
f 2047/1582/2021 2058/1582/2032 2057/1582/2031
f 2052/1582/2026 2059/1582/2033 2048/1582/2022
f 2055/1582/2029 2060/1582/2034 2054/1582/2028
f 2050/1582/2024 2061/1582/2035 2060/1582/2034
f 2051/1582/2025 2062/1582/2036 2061/1582/2035
f 2056/1582/2030 2062/1582/2036 2051/1582/2025
f 2064/1582/2038 2063/1582/2037 2052/1582/2026
f 2057/1582/2031 2064/1582/2038 2053/1582/2027
f 2054/1582/2028 2065/1582/2039 2058/1582/2032
f 2059/1582/2033 2066/1582/2040 2056/1582/2030
f 2058/1582/2032 2068/1582/2042 2067/1582/2041
f 2061/1582/2035 2069/1582/2043 2060/1582/2034
f 2062/1582/2036 2070/1582/2044 2069/1582/2043
f 2066/1582/2040 2070/1582/2044 2062/1582/2036
f 2067/1582/2041 2071/1582/2045 2064/1582/2038
f 2060/1582/2034 2072/1582/2046 2065/1582/2039
f 2069/1582/2043 2073/1582/2047 2072/1582/2046
f 2063/1582/2037 2074/1582/2048 2059/1582/2033
f 2067/1582/2041 2075/1582/2049 2071/1582/2045
f 2068/1582/2042 2076/1582/2050 2077/1582/2051
f 2072/1582/2046 2078/1582/2052 2065/1582/2039
f 2066/1582/2040 2079/1582/2053 2070/1582/2044
f 2063/1582/2037 2081/1582/2055 2074/1582/2048
f 2076/1582/2050 2082/1582/2056 2077/1582/2051
f 2077/1582/2051 2082/1582/2056 2075/1582/2049
f 2074/1582/2048 2083/1582/2057 2079/1582/2053
f 2081/1582/2055 2084/1582/2058 2083/1582/2057
f 2085/1582/2059 2092/1582/2066 2082/1582/2056
f 2086/1582/2060 2085/1582/2059 2076/1582/2050
f 2087/1582/2061 2086/1582/2060 2078/1582/2052
f 2088/1582/2062 2087/1582/2061 2072/1582/2046
f 2089/1582/2063 2088/1582/2062 2073/1582/2047
f 2079/1582/2053 2090/1582/2064 2089/1582/2063
f 2075/1582/2049 2091/1582/2065 2084/1582/2058
f 2082/1582/2056 2092/1582/2066 2091/1582/2065
f 2093/1582/2067 2102/1582/2076 2092/1582/2066
f 2094/1582/2068 2093/1582/2067 2085/1582/2059
f 2095/1582/2069 2094/1582/2068 2086/1582/2060
f 2096/1582/2070 2095/1582/2069 2087/1582/2061
f 2097/1582/2071 2096/1582/2070 2088/1582/2062
f 2090/1582/2064 2098/1582/2072 2097/1582/2071
f 2083/1582/2057 2099/1582/2073 2098/1582/2072
f 2084/1582/2058 2100/1582/2074 2099/1582/2073
f 2091/1582/2065 2101/1582/2075 2100/1582/2074
f 2092/1582/2066 2102/1582/2076 2101/1582/2075
f 2046/1582/2020 2045/1582/2019 2044/1582/2018
f 2044/1582/2018 2043/1582/2017 2042/1582/2016
f 2042/1582/2016 2041/1582/2015 2044/1582/2018
f 2041/1582/2015 2040/1582/2014 2044/1582/2018
f 2040/1582/2014 2039/1582/2013 2038/1582/2012
f 2038/1582/2012 2046/1582/2020 2040/1582/2014
f 2101/1582/2075 2102/1582/2076 2093/1582/2067
f 2093/1582/2067 2094/1582/2068 2095/1582/2069
f 2095/1582/2069 2096/1582/2070 2099/1582/2073
f 2096/1582/2070 2097/1582/2071 2099/1582/2073
f 2097/1582/2071 2098/1582/2072 2099/1582/2073
f 2099/1582/2073 2100/1582/2074 2095/1582/2069
f 2100/1582/2074 2101/1582/2075 2095/1582/2069
f 2104/1585/2078 2119/1584/2093 2120/1586/2094
f 2105/1587/2079 2120/1586/2094 2121/1588/2095
f 2121/1588/2095 2122/1590/2096 2106/1589/2080
f 2107/1591/2081 2122/1590/2096 2123/1592/2097
f 2108/1593/2082 2123/1592/2097 2124/1594/2098
f 2124/1594/2098 2125/1596/2099 2109/1595/2083
f 2125/1596/2099 2126/1598/2100 2110/1597/2084
f 2111/1599/2085 2126/1598/2100 2127/1600/2101
f 2112/1601/2086 2127/1600/2101 2128/1602/2102
f 2113/1603/2087 2128/1602/2102 2129/1604/2103
f 2129/1604/2103 2130/1613/2104 2115/1606/2089
f 2115/1606/2089 2130/1613/2104 2131/1607/2105
f 2131/1607/2105 2132/1610/2106 2117/1609/2091
f 2132/1610/2106 2133/1612/2107 2118/1611/2092
f 2133/1612/2107 2119/1584/2093 2103/1583/2077
f 2118/1611/2092 2103/1583/2077 2111/1599/2085
f 2103/1583/2077 2104/1585/2078 2110/1597/2084
f 2110/1597/2084 2104/1585/2078 2109/1595/2083
f 2104/1585/2078 2105/1587/2079 2107/1591/2081
f 2107/1591/2081 2105/1587/2079 2106/1589/2080
f 2107/1591/2081 2108/1593/2082 2109/1595/2083
f 2110/1597/2084 2111/1599/2085 2103/1583/2077
f 2111/1599/2085 2112/1601/2086 2118/1611/2092
f 2118/1611/2092 2112/1601/2086 2117/1609/2091
f 2112/1601/2086 2113/1603/2087 2115/1606/2089
f 2115/1606/2089 2113/1603/2087 2114/1605/2088
f 2115/1606/2089 2116/1608/2090 2117/1609/2091
f 2104/1585/2078 2107/1591/2081 2109/1595/2083
f 2119/1584/2093 2133/1612/2107 2127/1600/2101
f 2133/1612/2107 2132/1610/2106 2128/1602/2102
f 2130/1613/2104 2132/1610/2106 2131/1607/2105
f 2130/1613/2104 2129/1604/2103 2128/1602/2102
f 2128/1602/2102 2127/1600/2101 2133/1612/2107
f 2127/1600/2101 2126/1598/2100 2119/1584/2093
f 2126/1598/2100 2125/1596/2099 2120/1586/2094
f 2122/1590/2096 2125/1596/2099 2123/1592/2097
f 2125/1596/2099 2124/1594/2098 2123/1592/2097
f 2121/1588/2095 2120/1586/2094 2122/1590/2096
f 2120/1586/2094 2119/1584/2093 2126/1598/2100
f 2128/1602/2102 2132/1610/2106 2130/1613/2104
f 2137/1582/2111 2144/1582/2118 2136/1582/2110
f 2138/1582/2112 2145/1582/2119 2144/1582/2118
f 2139/1582/2113 2145/1582/2119 2138/1582/2112
f 2142/1582/2116 2146/1582/2120 2141/1582/2115
f 2147/1582/2121 2150/1582/2124 2143/1582/2117
f 2135/1582/2109 2147/1582/2121 2134/1582/2108
f 2139/1582/2113 2148/1582/2122 2145/1582/2119
f 2140/1582/2114 2149/1582/2123 2148/1582/2122
f 2143/1582/2117 2150/1582/2124 2142/1582/2116
f 2152/1582/2126 2151/1582/2125 2135/1582/2109
f 2144/1582/2118 2152/1582/2126 2136/1582/2110
f 2142/1582/2116 2154/1582/2128 2146/1582/2120
f 2153/1582/2127 2155/1582/2129 2144/1582/2118
f 2146/1582/2120 2156/1582/2130 2149/1582/2123
f 2157/1582/2131 2161/1582/2135 2150/1582/2124
f 2158/1582/2132 2157/1582/2131 2147/1582/2121
f 2152/1582/2126 2158/1582/2132 2151/1582/2125
f 2148/1582/2122 2159/1582/2133 2153/1582/2127
f 2149/1582/2123 2160/1582/2134 2159/1582/2133
f 2150/1582/2124 2161/1582/2135 2154/1582/2128
f 2155/1582/2129 2162/1582/2136 2152/1582/2126
f 2154/1582/2128 2164/1582/2138 2156/1582/2130
f 2163/1582/2137 2165/1582/2139 2155/1582/2129
f 2166/1582/2140 2168/1582/2142 2161/1582/2135
f 2158/1582/2132 2166/1582/2140 2157/1582/2131
f 2159/1582/2133 2167/1582/2141 2163/1582/2137
f 2161/1582/2135 2168/1582/2142 2164/1582/2138
f 2170/1582/2144 2169/1582/2143 2166/1582/2140
f 2162/1582/2136 2170/1582/2144 2158/1582/2132
f 2167/1582/2141 2171/1582/2145 2163/1582/2137
f 2156/1582/2130 2172/1582/2146 2160/1582/2134
f 2174/1582/2148 2173/1582/2147 2165/1582/2139
f 2162/1582/2136 2175/1582/2149 2170/1582/2144
f 2168/1582/2142 2176/1582/2150 2164/1582/2138
f 2172/1582/2146 2177/1582/2151 2160/1582/2134
f 2174/1582/2148 2179/1582/2153 2173/1582/2147
f 2171/1582/2145 2179/1582/2153 2174/1582/2148
f 2181/1582/2155 2180/1582/2154 2177/1582/2151
f 2176/1582/2150 2181/1582/2155 2172/1582/2146
f 2169/1582/2143 2182/1582/2156 2189/1582/2163
f 2170/1582/2144 2183/1582/2157 2182/1582/2156
f 2175/1582/2149 2184/1582/2158 2183/1582/2157
f 2173/1582/2147 2185/1582/2159 2184/1582/2158
f 2179/1582/2153 2186/1582/2160 2185/1582/2159
f 2187/1582/2161 2186/1582/2160 2179/1582/2153
f 2180/1582/2154 2187/1582/2161 2171/1582/2145
f 2189/1582/2163 2188/1582/2162 2176/1582/2150
f 2182/1582/2156 2190/1582/2164 2199/1582/2173
f 2183/1582/2157 2191/1582/2165 2190/1582/2164
f 2184/1582/2158 2192/1582/2166 2191/1582/2165
f 2185/1582/2159 2193/1582/2167 2192/1582/2166
f 2186/1582/2160 2194/1582/2168 2193/1582/2167
f 2195/1582/2169 2194/1582/2168 2186/1582/2160
f 2196/1582/2170 2195/1582/2169 2187/1582/2161
f 2197/1582/2171 2196/1582/2170 2180/1582/2154
f 2198/1582/2172 2197/1582/2171 2181/1582/2155
f 2199/1582/2173 2198/1582/2172 2188/1582/2162
f 2134/1582/2108 2143/1582/2117 2142/1582/2116
f 2142/1582/2116 2141/1582/2115 2134/1582/2108
f 2141/1582/2115 2140/1582/2114 2134/1582/2108
f 2140/1582/2114 2139/1582/2113 2138/1582/2112
f 2138/1582/2112 2137/1582/2111 2140/1582/2114
f 2137/1582/2111 2136/1582/2110 2140/1582/2114
f 2136/1582/2110 2135/1582/2109 2140/1582/2114
f 2198/1582/2172 2199/1582/2173 2190/1582/2164
f 2190/1582/2164 2191/1582/2165 2198/1582/2172
f 2191/1582/2165 2192/1582/2166 2198/1582/2172
f 2192/1582/2166 2193/1582/2167 2196/1582/2170
f 2193/1582/2167 2194/1582/2168 2196/1582/2170
f 2194/1582/2168 2195/1582/2169 2196/1582/2170
f 2196/1582/2170 2197/1582/2171 2198/1582/2172
o Number_Decal_L
v -1.122025 0.178282 -0.797697
v -1.151015 0.180632 -0.659176
v -1.185692 0.180992 -0.490706
v -1.220127 0.174736 -0.265220
v -1.233202 0.159659 -0.037324
v -1.233388 0.147252 0.098289
v -1.094653 0.272401 -0.797733
v -1.154977 0.253518 -0.541249
v -1.197536 0.224805 -0.341624
v -1.204344 0.243544 -0.213853
v -1.213482 0.231396 -0.044218
v -1.200411 0.258842 0.098284
v -1.159210 0.297536 -0.429208
v -1.113145 0.342100 -0.574852
v -1.180482 0.297858 -0.271559
v -1.186094 0.300887 -0.045554
v -1.046910 0.379129 -0.797709
v -1.127481 0.386350 -0.366816
v -1.143812 0.380832 -0.216011
v -1.152693 0.368469 -0.045436
v -1.064858 0.429143 -0.582832
v -1.128482 0.394708 0.098287
v -0.996275 0.462601 -0.797709
v -1.073009 0.473138 -0.367824
v -1.088530 0.467963 -0.216151
v -1.097044 0.455375 -0.045472
v -1.020871 0.491912 -0.588812
v -1.067222 0.479123 0.098287
v -0.934048 0.543200 -0.797735
v -0.982756 0.554057 -0.530226
v -1.009954 0.554842 -0.345053
v -1.021931 0.550341 -0.216204
v -1.029987 0.537542 -0.045435
v -0.973389 0.579969 0.098308
v -0.883297 0.596574 -0.797703
v -0.905732 0.605496 -0.661954
v -0.930260 0.612030 -0.513043
v -0.961765 0.610828 -0.264491
v -0.972007 0.596453 -0.057235
vn -0.9405 0.2737 -0.2012
vn -0.9410 0.2728 -0.2003
vn -0.9468 0.2744 -0.1684
vn -0.9607 0.2649 -0.0830
vn -0.9632 0.2689 0.0006
vn -0.9587 0.2833 0.0246
vn -0.9197 0.3383 -0.1992
vn -0.9317 0.3139 -0.1825
vn -0.9509 0.2811 -0.1297
vn -0.9487 0.3124 -0.0484
vn -0.9505 0.3108 -0.0029
vn -0.9292 0.3676 0.0377
vn -0.9179 0.3679 -0.1488
vn -0.8921 0.4160 -0.1764
vn -0.9203 0.3830 -0.0795
vn -0.9124 0.4094 0.0016
vn -0.8675 0.4587 -0.1923
vn -0.8716 0.4768 -0.1136
vn -0.8754 0.4820 -0.0376
vn -0.8723 0.4886 0.0164
vn -0.8425 0.5129 -0.1645
vn -0.8481 0.5263 0.0618
vn -0.8087 0.5596 -0.1812
vn -0.8114 0.5761 -0.0989
vn -0.8120 0.5828 -0.0304
vn -0.8096 0.5863 0.0282
vn -0.7929 0.5884 -0.1584
vn -0.7730 0.6301 0.0734
vn -0.7457 0.6449 -0.1674
vn -0.7472 0.6506 -0.1358
vn -0.7427 0.6649 -0.0789
vn -0.7462 0.6656 -0.0135
vn -0.7416 0.6695 0.0427
vn -0.7214 0.6878 0.0810
vn -0.7150 0.6799 -0.1628
vn -0.7188 0.6772 -0.1575
vn -0.7126 0.6907 -0.1231
vn -0.7104 0.7029 -0.0364
vn -0.7069 0.7062 0.0397
vt -0.000003 0.000000
vt 0.279442 0.143951
vt -0.000001 0.207254
vt 0.342835 0.000000
vt 0.509154 0.100000
vt 0.594457 0.000000
vt 0.650060 0.150279
vt 0.840291 0.149400
vt 0.848631 0.000000
vt 1.000000 0.237080
vt 0.585910 0.272791
vt 0.410712 0.251510
vt 0.248260 0.349611
vt 0.839409 0.300000
vt 0.000000 0.451606
vt 0.648952 0.448929
vt 0.481027 0.449637
vt 0.839297 0.449084
vt 0.239565 0.549124
vt 0.000000 0.651457
vt 0.648865 0.648803
vt 0.480005 0.649450
vt 0.839301 0.648987
vt 1.000000 0.543027
vt 0.233281 0.700000
vt 0.298684 0.849539
vt -0.000225 0.849269
vt 0.505687 0.849631
vt 0.648859 0.848765
vt 0.839383 0.848950
vt 1.000000 0.743562
vt 0.151521 1.000000
vt -0.000007 1.000000
vt 0.317835 1.000000
vt 0.595192 1.000000
vt 0.826361 1.000000
vt 1.000000 1.000005
vt 0.154623 0.000000
vt 1.000000 0.000000
s 1
usemtl RaceNumber_ReplaceTexture
f 2200/1614/2174 2207/1615/2181 2206/1616/2180
f 2202/1617/2176 2208/1618/2182 2207/1615/2181
f 2203/1619/2177 2209/1620/2183 2208/1618/2182
f 2203/1619/2177 2210/1621/2184 2209/1620/2183
f 2204/1622/2178 2211/1623/2185 2210/1621/2184
f 2208/1618/2182 2214/1624/2188 2212/1625/2186
f 2208/1618/2182 2209/1620/2183 2214/1624/2188
f 2207/1615/2181 2212/1625/2186 2213/1626/2187
f 2209/1620/2183 2215/1627/2189 2214/1624/2188
f 2210/1621/2184 2211/1623/2185 2215/1627/2189
f 2206/1616/2180 2213/1626/2187 2216/1628/2190
f 2214/1624/2188 2218/1629/2192 2217/1630/2191
f 2214/1624/2188 2219/1631/2193 2218/1629/2192
f 2215/1627/2189 2211/1623/2185 2219/1631/2193
f 2213/1626/2187 2217/1630/2191 2220/1632/2194
f 2216/1628/2190 2220/1632/2194 2222/1633/2196
f 2217/1630/2191 2224/1634/2198 2223/1635/2197
f 2218/1629/2192 2225/1636/2199 2224/1634/2198
f 2219/1631/2193 2221/1637/2195 2225/1636/2199
f 2220/1632/2194 2223/1635/2197 2226/1638/2200
f 2226/1638/2200 2229/1639/2203 2228/1640/2202
f 2223/1635/2197 2230/1641/2204 2229/1639/2203
f 2223/1635/2197 2231/1642/2205 2230/1641/2204
f 2224/1634/2198 2232/1643/2206 2231/1642/2205
f 2225/1636/2199 2227/1644/2201 2232/1643/2206
f 2228/1640/2202 2235/1645/2209 2234/1646/2208
f 2229/1639/2203 2236/1647/2210 2235/1645/2209
f 2230/1641/2204 2237/1648/2211 2236/1647/2210
f 2231/1642/2205 2238/1649/2212 2237/1648/2211
f 2232/1643/2206 2233/1650/2207 2238/1649/2212
f 2200/1614/2174 2201/1651/2175 2207/1615/2181
f 2201/1651/2175 2202/1617/2176 2207/1615/2181
f 2202/1617/2176 2203/1619/2177 2208/1618/2182
f 2203/1619/2177 2204/1622/2178 2210/1621/2184
f 2204/1622/2178 2205/1652/2179 2211/1623/2185
f 2207/1615/2181 2208/1618/2182 2212/1625/2186
f 2206/1616/2180 2207/1615/2181 2213/1626/2187
f 2209/1620/2183 2210/1621/2184 2215/1627/2189
f 2213/1626/2187 2212/1625/2186 2217/1630/2191
f 2212/1625/2186 2214/1624/2188 2217/1630/2191
f 2214/1624/2188 2215/1627/2189 2219/1631/2193
f 2216/1628/2190 2213/1626/2187 2220/1632/2194
f 2219/1631/2193 2211/1623/2185 2221/1637/2195
f 2220/1632/2194 2217/1630/2191 2223/1635/2197
f 2217/1630/2191 2218/1629/2192 2224/1634/2198
f 2218/1629/2192 2219/1631/2193 2225/1636/2199
f 2222/1633/2196 2220/1632/2194 2226/1638/2200
f 2225/1636/2199 2221/1637/2195 2227/1644/2201
f 2222/1633/2196 2226/1638/2200 2228/1640/2202
f 2226/1638/2200 2223/1635/2197 2229/1639/2203
f 2223/1635/2197 2224/1634/2198 2231/1642/2205
f 2224/1634/2198 2225/1636/2199 2232/1643/2206
f 2232/1643/2206 2227/1644/2201 2233/1650/2207
f 2228/1640/2202 2229/1639/2203 2235/1645/2209
f 2229/1639/2203 2230/1641/2204 2236/1647/2210
f 2230/1641/2204 2231/1642/2205 2237/1648/2211
f 2231/1642/2205 2232/1643/2206 2238/1649/2212
o Number_Decal_R
v 1.233388 0.147252 0.098289
v 1.233212 0.159663 -0.037332
v 1.220078 0.174782 -0.265994
v 1.185590 0.180991 -0.491147
v 1.151014 0.180631 -0.659159
v 1.122033 0.178284 -0.797698
v 1.200506 0.258566 0.098283
v 1.213590 0.231074 -0.043458
v 1.204229 0.243794 -0.214177
v 1.189797 0.250481 -0.341209
v 1.157232 0.254107 -0.528994
v 1.101365 0.250780 -0.797702
v 1.186280 0.300424 -0.044047
v 1.177204 0.312720 -0.215108
v 1.149863 0.344884 -0.356864
v 1.131765 0.319276 -0.531385
v 1.068120 0.336093 -0.797708
v 1.152989 0.367856 -0.043595
v 1.144185 0.380264 -0.214759
v 1.092898 0.385451 -0.567802
v 1.128663 0.394402 0.098286
v 1.102458 0.429475 -0.365028
v 1.024568 0.418630 -0.797706
v 1.097463 0.454669 -0.043342
v 1.089056 0.467302 -0.214661
v 1.038167 0.470638 -0.580692
v 1.067450 0.478822 0.098285
v 1.042513 0.514000 -0.365721
v 0.967125 0.502588 -0.797711
v 1.030524 0.536789 -0.043117
v 1.022593 0.549644 -0.214554
v 0.973402 0.579981 0.098310
v 0.992327 0.573758 -0.342757
v 0.982870 0.549961 -0.549453
v 0.884140 0.597367 -0.797744
v 0.972066 0.596274 -0.055177
v 0.961865 0.610790 -0.263398
v 0.930503 0.612092 -0.511630
v 0.905768 0.605516 -0.661821
vn 0.9587 0.2832 0.0247
vn 0.9632 0.2689 0.0005
vn 0.9599 0.2668 -0.0859
vn 0.9475 0.2722 -0.1680
vn 0.9404 0.2750 -0.2002
vn 0.9419 0.2700 -0.1996
vn 0.9294 0.3672 0.0379
vn 0.9505 0.3106 -0.0027
vn 0.9481 0.3133 -0.0533
vn 0.9408 0.3153 -0.1246
vn 0.9326 0.3144 -0.1772
vn 0.9287 0.3137 -0.1976
vn 0.9133 0.4073 0.0050
vn 0.9146 0.4011 -0.0508
vn 0.8980 0.4239 -0.1182
vn 0.9054 0.3892 -0.1694
vn 0.8919 0.4089 -0.1934
vn 0.8717 0.4897 0.0194
vn 0.8722 0.4875 -0.0393
vn 0.8662 0.4702 -0.1692
vn 0.8482 0.5260 0.0622
vn 0.8430 0.5269 -0.1081
vn 0.8400 0.5096 -0.1863
vn 0.8099 0.5858 0.0287
vn 0.8125 0.5824 -0.0263
vn 0.8119 0.5616 -0.1595
vn 0.7732 0.6298 0.0739
vn 0.7805 0.6179 -0.0945
vn 0.7755 0.6065 -0.1756
vn 0.7420 0.6690 0.0432
vn 0.7454 0.6665 -0.0112
vn 0.7215 0.6876 0.0814
vn 0.7193 0.6904 -0.0775
vn 0.7495 0.6466 -0.1419
vn 0.7361 0.6559 -0.1675
vn 0.7073 0.7058 0.0401
vn 0.7095 0.7039 -0.0324
vn 0.7152 0.6881 -0.1224
vn 0.7149 0.6822 -0.1533
vt 0.151379 0.000000
vt 0.000000 0.236493
vt 0.000000 0.000000
vt 0.406403 0.000000
vt 0.158861 0.149386
vt 0.657661 0.000000
vt 0.491775 0.154156
vt 0.845358 0.000000
vt 0.700398 0.157078
vt 1.000003 0.000000
vt 0.349980 0.150812
vt 0.158873 0.300000
vt 0.349774 0.300000
vt 0.506402 0.360288
vt 1.000003 0.159565
vt 0.702550 0.300000
vt 0.158626 0.448947
vt 0.349641 0.448750
vt 1.000013 0.351446
vt 0.743618 0.449344
vt 0.000000 0.542334
vt 0.516922 0.549214
vt 0.158294 0.648820
vt 0.349467 0.648569
vt 1.000013 0.544475
vt 0.757926 0.648850
vt 0.000000 0.742847
vt 0.517614 0.749081
vt 0.158000 0.848761
vt 0.349291 0.848503
vt 1.000000 0.751143
vt 0.728045 0.853479
vt 0.000000 1.000004
vt 1.000008 0.999962
vt 0.171344 1.000000
vt 0.492067 0.900000
vt 0.403589 1.000000
vt 0.680581 1.000000
vt 0.848328 1.000000
s 1
usemtl RaceNumber_ReplaceTexture
f 2240/1653/2214 2245/1654/2219 2239/1655/2213
f 2241/1656/2215 2246/1657/2220 2240/1653/2214
f 2242/1658/2216 2248/1659/2222 2241/1656/2215
f 2243/1660/2217 2249/1661/2223 2242/1658/2216
f 2244/1662/2218 2249/1661/2223 2243/1660/2217
f 2247/1663/2221 2251/1664/2225 2246/1657/2220
f 2248/1659/2222 2252/1665/2226 2247/1663/2221
f 2249/1661/2223 2253/1666/2227 2248/1659/2222
f 2250/1667/2224 2254/1668/2228 2249/1661/2223
f 2252/1665/2226 2256/1669/2230 2251/1664/2225
f 2253/1666/2227 2257/1670/2231 2252/1665/2226
f 2255/1671/2229 2258/1672/2232 2254/1668/2228
f 2256/1669/2230 2259/1673/2233 2245/1654/2219
f 2258/1672/2232 2260/1674/2234 2253/1666/2227
f 2257/1670/2231 2262/1675/2236 2256/1669/2230
f 2260/1674/2234 2263/1676/2237 2257/1670/2231
f 2261/1677/2235 2264/1678/2238 2258/1672/2232
f 2262/1675/2236 2265/1679/2239 2259/1673/2233
f 2264/1678/2238 2266/1680/2240 2260/1674/2234
f 2263/1676/2237 2268/1681/2242 2262/1675/2236
f 2266/1680/2240 2269/1682/2243 2263/1676/2237
f 2267/1683/2241 2272/1684/2246 2264/1678/2238
f 2268/1681/2242 2270/1685/2244 2265/1679/2239
f 2267/1683/2241 2273/1686/2247 2272/1684/2246
f 2269/1682/2243 2274/1687/2248 2268/1681/2242
f 2271/1688/2245 2275/1689/2249 2269/1682/2243
f 2272/1684/2246 2276/1690/2250 2271/1688/2245
f 2273/1686/2247 2277/1691/2251 2272/1684/2246
f 2240/1653/2214 2246/1657/2220 2245/1654/2219
f 2241/1656/2215 2247/1663/2221 2246/1657/2220
f 2241/1656/2215 2248/1659/2222 2247/1663/2221
f 2242/1658/2216 2249/1661/2223 2248/1659/2222
f 2244/1662/2218 2250/1667/2224 2249/1661/2223
f 2246/1657/2220 2251/1664/2225 2245/1654/2219
f 2247/1663/2221 2252/1665/2226 2251/1664/2225
f 2248/1659/2222 2253/1666/2227 2252/1665/2226
f 2249/1661/2223 2254/1668/2228 2253/1666/2227
f 2250/1667/2224 2255/1671/2229 2254/1668/2228
f 2251/1664/2225 2256/1669/2230 2245/1654/2219
f 2252/1665/2226 2257/1670/2231 2256/1669/2230
f 2254/1668/2228 2258/1672/2232 2253/1666/2227
f 2253/1666/2227 2260/1674/2234 2257/1670/2231
f 2255/1671/2229 2261/1677/2235 2258/1672/2232
f 2256/1669/2230 2262/1675/2236 2259/1673/2233
f 2257/1670/2231 2263/1676/2237 2262/1675/2236
f 2258/1672/2232 2264/1678/2238 2260/1674/2234
f 2260/1674/2234 2266/1680/2240 2263/1676/2237
f 2261/1677/2235 2267/1683/2241 2264/1678/2238
f 2262/1675/2236 2268/1681/2242 2265/1679/2239
f 2263/1676/2237 2269/1682/2243 2268/1681/2242
f 2264/1678/2238 2272/1684/2246 2266/1680/2240
f 2266/1680/2240 2271/1688/2245 2269/1682/2243
f 2266/1680/2240 2272/1684/2246 2271/1688/2245
f 2268/1681/2242 2274/1687/2248 2270/1685/2244
f 2269/1682/2243 2275/1689/2249 2274/1687/2248
f 2271/1688/2245 2276/1690/2250 2275/1689/2249
f 2272/1684/2246 2277/1691/2251 2276/1690/2250
